This is the main sheet where all information lives.,,,,,,,,,,,,,,,,,,,,,,,,,,,,,,,,,,,,,,,,,,,,,,,,,,,,,,,,,,,,,,,,,,,,
Film Identity (Basic Info),,,,,,,,,,,,Metadata (Distributor / Buyer Information),,,,,,,,,,,,,,,,,,,,,,,Rights & Business,,,,,,,,,,,Technical Assets,,,,,,,,,,,Internal Tracking,,,,,,,,,,,
,,Standalone,Standalone ,Standalone,Standalone,Standalone,Compilation ,Compilation ,Compilation ,Compilation,Compilation,Standalone,Standalone,Standalone,Standalone,Standalone,Standalone,Standalone ,Standalone ,Standalone,Standalone,Standalone,Compilation,Compilation,Compilation,Compilation,Compilation,Compilation,Compilation ,Compilation ,Compilation,Compilation,Compilation,Compilation,Standalone,Standalone,Standalone,Standalone,Standalone,Compilation,Compilation,Compilation,Standalone,Standalone,Compilation,Standalone,Standalone,Standalone,Standalone,Standalone,Compilation,Compilation,Compilation,Compilation,Compilation,Compilation,Compilation,,Compilation,Compilation,,,,,,,Staandalone,Notes
Short Film Title,Compilation Name,Runtime (minutes),Production Year,Production Country,Audio Language,IMDB Link,Runtime (minutes),Production Year,Production Countries,Audio Language,IMDB Link,Primary Genre,Secondary Genre,Director,Producer/s,Writer,Cast,"Film
Synopsis",Subtitles Available,Rating,(Optiona) Rating Remarks,Keywords/Tags,Primary Genre,Secondary Genre,Director,Producer/s,Writer,Cast,Short Description,Synopsis,Subtitles Available,Rating,(Optiona) Rating Remarks,Keywords/Tags,"Availability Status
(Active, Expiring Soon, Expired)",Content Owner / Company,Content Owner Contact,Standalone Licensing Allowed (Yes/No),Agreement Location (Dropbox Folder),Term Start Date (Effective Date),"Term of Contract
(years?)",Term Expiration Date,Regions Available,Geo-Restrictions,Geo-Resctriction,pCloud Asset Location,Screener Link,Screener Link SUBTITLES,Trailer Link,Poster Link,pCloud Asset Location,Trailer Link,Screener Link,Screener Link Subs,Poster Link,"Localized Versions (If left blank, English is the default)",FilmDoo URL,Filmdoo Release Date,Vimeo Release Date,Amazon Release Date,Other Premiere Platform,Amazon.com Link,Amazon.co.uk Link,Tubi Link,Fawesome Link,"Copyright
year and copyright owner, e.g. 2025 Reveel Entertainment Inc",Info Source,
,,,,,,,,,,,,,,,,,,,*Some only exist in the compilation version.,*Charles Rated,,,,,,,,,,,,,,,,,,,,,,,,,,,,*Default EN,,,,,,,,,,,,,,,,,,,,
F for Freaks,Unnatural Causes,30,2019,Germany,German,https://www.imdb.com/title/tt11052256/,129,2023,"Canada, France, United States, Germany","French, English, German",https://www.imdb.com/title/tt28116590/,Sci-Fi,Drama; Dystopian,Lukas Röder,Julia Zechiel,Sabine Ehrl,"Ursula Werner, Aleksandra Cwen, Aleksandra Cwen, Mathilde Besse, Gerdy Zint, Paul Boche,Paul Boche, Katharina Nesytowa","Gabriela (75) is terminally ill, and can barely breathe. She then embarks on a journey that takes her to a brutal, dystopian world. In a small village, she faces the consequences of her attempt to stay alive.",EN,R,"Contains dark dystopian themes, sci-fi horror elements, and unsettling imagery. Features mature subjects including systemic exploitation, hunting of ""tiny humans,"" and grim social hierarchy.","Dystopia, Sci-Fi, Horror, Social Hierarchy, Class Divide, Short Film, German Cinema, Human Rights, Psychological Thriller, Grim, Atmospheric, Medical Ethics, Surreal, Award-Winning",Horror,"Dark Comedy, Arthouse","N’cee van Heerden, Julien Guiol, Simon Rieth, Lindsey Haun, Sabine Ehrl","Julia Zechiel, Nick Roth, Lindsey Haun,  Victoria Burkhart, Karen Wong","Jean-Marc Vienot, N’cee van Heerden, Julien Guiol, Simon Rieth, Nick Roth, Sabine Ehrl","Birkett Turton, Ben Cotton, Roberto Masili, Ayleen Da Ros, Hugo Rieth, Anaïs Pardo, Gabriel Miller, Amanda Fuller, Aleksandra Cwen, Ursula Werner","Death comes in peculiar forms in this wildly creative collection of shorts, offering five gruesome tales of the strange and the unnatural.","Whether it's bots in the bloodstream, a silent stranger by the road or even a single, all-consuming thought, death comes in peculiar forms in this wildly creative collection of shorts, offering five gruesome tales of the strange and the unnatural.","English, English HOH, German",R,"Strong Language, Violence, Sexual Content","nanotechnology, cannibalism, surreal, nature, environment, Canadian films, French films, American films, German films, countryside, nature, blood, robots, human trial, side effects, adolescence, fantasy, desire, first love, seaside",Completed,Gonella,sales@gonellaproductions.com,Yes,,05/05/2023,4,05/05/2027,Worldwide,,Worldwide,https://e.pcloud.link/publink/show?code=kZY9mGZxtD2eRGdNOH80S52uPUppjFOSh2k,https://e.pcloud.link/publink/show?code=XZ9nmGZBbQVxsQzFqR5VrLFJFv2DV5qUQR7,https://e.pcloud.link/publink/show?code=kZKnmGZM4c69NiG2dmUgR3GrxUzu8MDIfQk,,https://e.pcloud.link/publink/show?code=XZtnmGZ3Im7hmxbLGfNKMmM9prGWLBCfbDV,https://e.pcloud.link/publink/show?code=kZenmGZ2MjXnrM0u6huxzpqyySEojUqLb6V,https://e.pcloud.link/publink/show?code=XZlOwGZIWTrfvk4NlVFhb78qHNY7JgbP1IX,https://e.pcloud.link/publink/show?code=XZP9mGZLNGHKany8vflhOgdXIjaw5c4YMrk,https://e.pcloud.link/publink/show?code=XZw9mGZYyUygo8PzkJk9QRYFsqgubY99CLy,https://e.pcloud.link/publink/show?code=kZg9mGZ6YHLmsFULVugKF8NN5K3hk4aD6jyy,German,https://www.filmdoo.com/films/unnatural-causes/,05/05/2023,05/05/2023,31/08/2023,,https://www.amazon.com/gp/video/detail/B0CGPVSMZG,https://www.amazon.co.uk/gp/video/detail/B0CGPW72VF,https://tubitv.com/movies/100007450/unnatural-causes,https://fawesome.tv/movies/10532212/unnatural-causes,2025 LB Global Media,Box Brazil / FilmDoo / Reveel / IMDb,
Nanoblood,Unnatural Causes,38,2016,USA,English,https://www.imdb.com/title/tt3580868/,129,2023,"Canada, France, United States, Germany","French, English, German",https://www.imdb.com/title/tt28116590/,Sci-Fi,Horror,Lindsey Haun,"Nick Roth, Lindsey Haun",Nick Roth,Amanda Fuller - Lisa; Gabriel Miller - Toby; Kat Hawks - Dr. Botkind; Anthony Rutowicz - Gary,"When an ambitious lab tech joins a mysterious scientist and participates in a human trial for Nanoblood, a panacea that replaces blood cells with tiny, intelligent robots, the side effects are more than she bargained for.",EN,PG-13,Sci-fi violence and medical horror elements; unsettling imagery related to robotic blood cells.,"nanotechnology, cannibalism, surreal, nature, environment, Estonian films, blood, robots, human trial, side effects, fantasy, animation, body horror",Horror,"Dark Comedy, Arthouse","N’cee van Heerden, Julien Guiol, Simon Rieth, Lindsey Haun, Sabine Ehrl","Julia Zechiel, Nick Roth, Lindsey Haun,  Victoria Burkhart, Karen Wong","Jean-Marc Vienot, N’cee van Heerden, Julien Guiol, Simon Rieth, Nick Roth, Sabine Ehrl","Birkett Turton, Ben Cotton, Roberto Masili, Ayleen Da Ros, Hugo Rieth, Anaïs Pardo, Gabriel Miller, Amanda Fuller, Aleksandra Cwen, Ursula Werner","Death comes in peculiar forms in this wildly creative collection of shorts, offering five gruesome tales of the strange and the unnatural.","Whether it's bots in the bloodstream, a silent stranger by the road or even a single, all-consuming thought, death comes in peculiar forms in this wildly creative collection of shorts...","English, English HOH, German",R,"Strong Language, Violence, Sexual Content","nanotechnology, cannibalism, surreal, nature, environment, Canadian films, French films, American films, German films, countryside, nature, blood, robots, human trial, side effects, adolescence, fantasy, desire, first love, seaside",Completed,Gonella,sales@gonellaproductions.com,Yes,,05/05/2023,4,05/05/2027,Worldwide,,Worldwide,https://e.pcloud.link/publink/show?code=kZ839GZ9W18cY4CuzyzDMOBih5Q3jWuM3QX,https://e.pcloud.link/publink/show?code=kZS39GZjH55tIpDMzmsbNT9x1C00LWo2Gd7,https://e.pcloud.link/publink/show?code=kZu39GZz3sTNTHxY1FfPOOyagRR1hKlfGwk,,https://e.pcloud.link/publink/show?code=kZb39GZlHfvN91nVn86PN2iFOlA4bTRSTEy,https://e.pcloud.link/publink/show?code=kZenmGZ2MjXnrM0u6huxzpqyySEojUqLb6V,https://e.pcloud.link/publink/show?code=XZlOwGZIWTrfvk4NlVFhb78qHNY7JgbP1IX,https://e.pcloud.link/publink/show?code=XZP9mGZLNGHKany8vflhOgdXIjaw5c4YMrk,https://e.pcloud.link/publink/show?code=XZw9mGZYyUygo8PzkJk9QRYFsqgubY99CLy,https://e.pcloud.link/publink/show?code=kZg9mGZ6YHLmsFULVugKF8NN5K3hk4aD6jyy,German,https://www.filmdoo.com/films/unnatural-causes/,05/05/2023,05/05/2023,31/08/2023,,https://www.amazon.com/gp/video/detail/B0CGPVSMZG,https://www.amazon.co.uk/gp/video/detail/B0CGPW72VF,https://tubitv.com/movies/100007450/unnatural-causes,https://fawesome.tv/movies/10532212/unnatural-causes,2025 LB Global Media,Box Brazil / FilmDoo / Reveel / IMDb / Release Tracker,
Loveless / Sans Amour,Unnatural Causes,27,2019,France,French,,129,2023,"Canada, France, United States, Germany","French, English, German",https://www.imdb.com/title/tt28116590/,Drama,Fantasy,Simon Rieth,Spasibo (Inès de la Bevière & Samuel Akpagnon),Simon Rieth,Hugo Rieth - Hugo; Anaïs Pardo - Anaïs,"In the middle of summer, in a town by the sea, Hugo, 15, is overcome by a strange pain. He thinks he is possessed, but it is his love for Anaïs that is beginning to consume him.",EN,PG-13,Emotional intensity and psychological distress; themes of obsessive first love and metaphorical possession.,"Canadian films, French-Canadian, adolescence, first love, seaside, nature, summer, coming-of-age, psychological, obsession",Horror,"Dark Comedy, Arthouse","N’cee van Heerden, Julien Guiol, Simon Rieth, Lindsey Haun, Sabine Ehrl","Julia Zechiel, Nick Roth, Lindsey Haun,  Victoria Burkhart, Karen Wong","Jean-Marc Vienot, N’cee van Heerden, Julien Guiol, Simon Rieth, Nick Roth, Sabine Ehrl","Birkett Turton, Ben Cotton, Roberto Masili, Ayleen Da Ros, Hugo Rieth, Anaïs Pardo, Gabriel Miller, Amanda Fuller, Aleksandra Cwen, Ursula Werner","Death comes in peculiar forms in this wildly creative collection of shorts, offering five gruesome tales of the strange and the unnatural.","Whether it's bots in the bloodstream, a silent stranger by the road or even a single, all-consuming thought, death comes in peculiar forms in this wildly creative collection of shorts...","English, English HOH, German",R,"Strong Language, Violence, Sexual Content","nanotechnology, cannibalism, surreal, nature, environment, Canadian films, French films, American films, German films, countryside, nature, blood, robots, human trial, side effects, adolescence, fantasy, desire, first love, seaside, Nature, Gustave Courbet, poachers, wild nature",Completed,Gonella,sales@gonellaproductions.com,Yes,,05/05/2023,4,05/05/2027,Worldwide,,Worldwide,https://e.pcloud.link/publink/show?code=kZhuMGZKo6oVVHAjyBT9g1zUUQVbfSD4WeX,https://e.pcloud.link/publink/show?code=XZQuMGZ5i4w0wkzImVlSyNKFTXit7cMFbzV,https://e.pcloud.link/publink/show?code=kZBuMGZRL3wh0Lg4MV99pdU96VmlXUFEo8X,,https://e.pcloud.link/publink/show?code=kZjuMGZXrLN9u04d98Gqd3qvXSudbd2OJRX,https://e.pcloud.link/publink/show?code=kZenmGZ2MjXnrM0u6huxzpqyySEojUqLb6V,https://e.pcloud.link/publink/show?code=XZlOwGZIWTrfvk4NlVFhb78qHNY7JgbP1IX,https://e.pcloud.link/publink/show?code=XZP9mGZLNGHKany8vflhOgdXIjaw5c4YMrk,https://e.pcloud.link/publink/show?code=XZw9mGZYyUygo8PzkJk9QRYFsqgubY99CLy,https://e.pcloud.link/publink/show?code=kZg9mGZ6YHLmsFULVugKF8NN5K3hk4aD6jyy,German,https://www.filmdoo.com/films/unnatural-causes/,05/05/2023,05/05/2023,31/08/2023,,https://www.amazon.com/gp/video/detail/B0CGPVSMZG,https://www.amazon.co.uk/gp/video/detail/B0CGPW72VF,https://tubitv.com/movies/100007450/unnatural-causes,https://fawesome.tv/movies/10532212/unnatural-causes,2025 LB Global Media,Box Brazil / FilmDoo / Reveel / Unifrance / Release Tracker,
The Origin of the End of the World,Unnatural Causes,14,2019,France,French,,129,2023,"Canada, France, United States, Germany","French, English, German",https://www.imdb.com/title/tt28116590/,Western,Horror,Julien Guiol,,Julien Guiol,"Aztèque, Ayleen Da Ros, Roberto Masili, Emmanuel Roussel, Jean-Marc Vienot, Julie Vouillot","A little girl and poachers cross the landscapes of a wild nature, native cradle of the painter Gustave Courbet. They attend the origin of the end of the world.","EN, IT, ES",PG,Atmospheric environmental themes and brief imagery of hunting/poaching; generally mild but somber in tone.,"French Cinema, Experimental, Nature, Environmental, Gustave Courbet, Poaching, Landscapes, Poetic, Art-House, Short Film, Wildlife, Ecology",Horror,"Dark Comedy, Arthouse","N’cee van Heerden, Julien Guiol, Simon Rieth, Lindsey Haun, Sabine Ehrl","Julia Zechiel, Nick Roth, Lindsey Haun,  Victoria Burkhart, Karen Wong","Jean-Marc Vienot, N’cee van Heerden, Julien Guiol, Simon Rieth, Nick Roth, Sabine Ehrl","Birkett Turton, Ben Cotton, Roberto Masili, Ayleen Da Ros, Hugo Rieth, Anaïs Pardo, Gabriel Miller, Amanda Fuller, Aleksandra Cwen, Ursula Werner","Death comes in peculiar forms in this wildly creative collection of shorts, offering five gruesome tales of the strange and the unnatural.","Whether it's bots in the bloodstream, a silent stranger by the road or even a single, all-consuming thought, death comes in peculiar forms in this wildly creative collection of shorts...","English, English HOH, German",R,"Strong Language, Violence, Sexual Content","nanotechnology, cannibalism, surreal, nature, environment, Canadian films, French films, American films, German films, countryside, nature, blood, robots, human trial, side effects, adolescence, fantasy, desire, first love, seaside, Nature, Gustave Courbet, poachers, wild nature, thought, idea, bar, friend, Canadian films, surreal",Completed,Gonella,sales@gonellaproductions.com,Yes,,05/05/2023,4,05/05/2027,Worldwide,,Worldwide,https://e.pcloud.link/publink/show?code=kZ3uMGZ6kp9hHH7nQRRP2vbolaM0XUig53V,https://e.pcloud.link/publink/show?code=XZouMGZSB8wcWATM6jDDxSn2qdStJ4f4W1y,https://e.pcloud.link/publink/show?code=kZyfMGZfm75hWQdBJBUUbFP0mnvrjdN94ky,,https://e.pcloud.link/publink/show?code=kZGuMGZjxmymprsMu5oGcj3BF32ippWBS3X,https://e.pcloud.link/publink/show?code=kZenmGZ2MjXnrM0u6huxzpqyySEojUqLb6V,https://e.pcloud.link/publink/show?code=XZlOwGZIWTrfvk4NlVFhb78qHNY7JgbP1IX,https://e.pcloud.link/publink/show?code=XZP9mGZLNGHKany8vflhOgdXIjaw5c4YMrk,https://e.pcloud.link/publink/show?code=XZw9mGZYyUygo8PzkJk9QRYFsqgubY99CLy,https://e.pcloud.link/publink/show?code=kZg9mGZ6YHLmsFULVugKF8NN5K3hk4aD6jyy,German,https://www.filmdoo.com/films/unnatural-causes/,05/05/2023,05/05/2023,31/08/2023,,https://www.amazon.com/gp/video/detail/B0CGPVSMZG,https://www.amazon.co.uk/gp/video/detail/B0CGPW72VF,https://tubitv.com/movies/100007450/unnatural-causes,https://fawesome.tv/movies/10532212/unnatural-causes,2025 LB Global Media,Box Brazil / FilmDoo / Reveel / Filmzie/ Release Tracker,
O.I.,Unnatural Causes,19,2018,Canada,English,https://www.imdb.com/title/tt7575954/,129,2023,"Canada, France, United States, Germany","French, English, German",https://www.imdb.com/title/tt28116590/,Sci-Fi,Drama,N'cee van Heerden,"Cathy Burkhart (executive producer), Trevor Burkhart (executive producer), Victoria Burkhart (producer), Karen Wong (producer)",N'cee van Heerden,Birkett Turton - Barry; Ben Cotton - Chris; Tobias Slezak - The Kid / Young Chris; Karin Konoval - Waitress,Barry has a unique problem. He came up with a truly original idea. And sharing it has consequences.,"EN, FR, ES",PG-13,Psychological tension and sci-fi themes involving the dangerous physical and mental consequences of an idea.,"Sci-Fi, Thriller, Originality, Psychological, High-Concept, Mystery, Dark Comedy, Philosophy, Canadian Cinema, Short Film, Thought-Provoking",Horror,"Dark Comedy, Arthouse","N’cee van Heerden, Julien Guiol, Simon Rieth, Lindsey Haun, Sabine Ehrl","Julia Zechiel, Nick Roth, Lindsey Haun,  Victoria Burkhart, Karen Wong","Jean-Marc Vienot, N’cee van Heerden, Julien Guiol, Simon Rieth, Nick Roth, Sabine Ehrl","Birkett Turton, Ben Cotton, Roberto Masili, Ayleen Da Ros, Hugo Rieth, Anaïs Pardo, Gabriel Miller, Amanda Fuller, Aleksandra Cwen, Ursula Werner","Death comes in peculiar forms in this wildly creative collection of shorts, offering five gruesome tales of the strange and the unnatural.","Whether it's bots in the bloodstream, a silent stranger by the road or even a single, all-consuming thought, death comes in peculiar forms in this wildly creative collection of shorts...","English, English HOH, German",R,"Strong Language, Violence, Sexual Content","nanotechnology, cannibalism, surreal, nature, environment, Canadian films, French films, American films, German films, countryside, nature, blood, robots, human trial, side effects, adolescence, fantasy, desire, first love, seaside, Nature, Gustave Courbet, poachers, wild nature, thought, idea, bar, friend, Canadian films, surreal",Completed,Gonella,sales@gonellaproductions.com,Yes,,05/05/2023,4,05/05/2027,Worldwide,,Worldwide,https://e.pcloud.link/publink/show?code=kZ1fMGZPYO0kyYa177lVsnNx4OFWbJbV9lk,https://e.pcloud.link/publink/show?code=kZwfMGZ7msdfDAsvISQAldQo8k0vfDuuyl7,https://e.pcloud.link/publink/show?code=kZKfMGZjbQdGN7hSduT1NwzY6OHQk2CSbdV,,https://e.pcloud.link/publink/show?code=kZlfMGZXFHlBNW7RMm4DuRiSC95IFWBNK6k,https://e.pcloud.link/publink/show?code=kZenmGZ2MjXnrM0u6huxzpqyySEojUqLb6V,https://e.pcloud.link/publink/show?code=XZlOwGZIWTrfvk4NlVFhb78qHNY7JgbP1IX,https://e.pcloud.link/publink/show?code=XZP9mGZLNGHKany8vflhOgdXIjaw5c4YMrk,https://e.pcloud.link/publink/show?code=XZw9mGZYyUygo8PzkJk9QRYFsqgubY99CLy,https://e.pcloud.link/publink/show?code=kZg9mGZ6YHLmsFULVugKF8NN5K3hk4aD6jyy,German,https://www.filmdoo.com/films/unnatural-causes/,05/05/2023,05/05/2023,31/08/2023,,https://www.amazon.com/gp/video/detail/B0CGPVSMZG,https://www.amazon.co.uk/gp/video/detail/B0CGPW72VF,https://tubitv.com/movies/100007450/unnatural-causes,https://fawesome.tv/movies/10532212/unnatural-causes,2025 LB Global Media,Box Brazil / FilmDoo / Reveel / IMDB/ Release Tracker,
The Wandering Witch,Dragged Beneath the Shadows,16,2018,Mexico,Spanish,https://www.imdb.com/title/tt9098384/,73,2023,"United States, Mexico, Netherlands, Canada, United Kingdom","English, Spanish, Dutch",https://www.imdb.com/title/tt28067867/,Horror,Fantasy,Sofia Carrillo,Sofia Carrillo (Producer); Armando Mao Padilla (Producer); Alex Briseño (Associate Producer),Sofia Carrillo,Michelle Betancourt; Cristian Davalos; Marisol Padilla Sánchez; Susana Romo,"A day before her son's wedding, Agustina tries to have the ceremony called off, only to discover that Emilia, the orphan girl betrothed to her son, still has someone ready to come to her defense",EN,PG-13,"Supernatural horror themes, unsettling stop-motion imagery, and dark folk-magic rituals.","Mexican Cinema, Stop-Motion, Gothic, Horror, Supernatural, Folklore, Witchcraft, Animation, Motherhood, Dark Fantasy, Revenge, Award-Winning",Horror,,"Josh Nadler, Dustin Curtis Murphy, Mark J. Parker, Xavier Hamel, Jasper de Bruin, Sofìa Carrillo","Sofia Carrillo, Jasper de Bruin, Stephen Fitzgibbon, Mark J. Parker, Kev Hopgood, Marius Smuts, Dan Sima (producer)","Josh Nadler, Kev Hopgood, Mark J. Parker, Esther Zeilig, Xavier Hamel, Simone Duwel, Sofìa Carrillo","Samantha Smart, Clayton Farris, Adam Wittek, Paul Bassett, Aleksander Varadian, Matthew Courson, Victoria Sunshine, Kate Adams, William Dashwood, Nina Fokker, Marisol Padilla Sánchez, Susana Romo","From peasant village witches to high school vampires, sink your teeth into six sinister tales of the supernatural and the inhuman.","From peasant village witches to high school vampires, sink your teeth into six sinister tales of the supernatural and the inhuman, and find out what lies in wait for you beyond the darkness.","English, English HOH, German",R,"Violence, Strong Language","witch, ritual, daughter-in-law, supernatural, Mexican horror, nurse, night shift, stalker, nursing home, Dutch horror",Completed,Gonella,sales@gonellaproductions.com,Yes,,14/04/2023,4,14/04/2027,Worldwide,,Worldwide,https://e.pcloud.link/publink/show?code=kZaBMGZw1ozj7BhtYbSsAvmxJp8hLX5wtRk,https://e.pcloud.link/publink/show?code=kZ3BMGZhFTYJOOG7cp1HaaIoMD1eBDkhl6X,https://e.pcloud.link/publink/show?code=kZGBMGZd3aSuR74Ium4HJlNELxM0R5MOQ07,,https://e.pcloud.link/publink/show?code=kZvBMGZ1Kwm3ccN7qmvyoEtUP6XHXbWFuNk,https://e.pcloud.link/publink/show?code=kZQBMGZH9fAmIiBvM0uTpJzkjYiCpDwEyek,https://e.pcloud.link/publink/show?code=XZoBMGZ8gf1pYIRvhQ8ajm8fEBF251RCnSk,https://e.pcloud.link/publink/show?code=XZk2MGZW0VrJ6enJhJ639SXY70B9YfKuqGV,https://e.pcloud.link/publink/show?code=XZX2MGZ0obEeyFOAYf8KNqToXnQbLxczu1V,https://e.pcloud.link/publink/show?code=XZV2MGZzjx0tgX2WuXwmXbxkFqj87mFU38X,German,https://www.filmdoo.com/films/dragged-beneath-the-shadows,14/04/2023,14/12/2023,23/04/2023,,https://www.amazon.com/gp/video/detail/B0B6CLWW6Q,https://www.amazon.co.uk/gp/video/detail/B0B6BS7SRW,https://tubitv.com/movies/100005180/dragged-beneath-the-shadows,https://fawesome.tv/movies/10558164/dragged-beneath-the-shadows,2025 LB Global Media,Box Brazil / FilmDoo / Reveel / IMDB/ Release Tracker,
Nightingale,Dragged Beneath the Shadows,14,2020,Netherlands,Dutch,https://www.imdb.com/title/tt11734252/?ref_=nm_flmg_job_1_accord_1_cdt_c_6,73,2023,"United States, Mexico, Netherlands, Canada, United Kingdom","English, Spanish, Dutch",https://www.imdb.com/title/tt28067867/,Horror,,Jasper de Bruin,Jasper de Bruin (producer); Jennifer Eikelenboom (line producer); Monique van Kessel (producer),Simone Duwel,William Dashwood - Mr. Cornelisse; Nina Fokker - Julia; Alfred Heppener - Mr. Blanker; Ingeborg Uyt den Boogaard - Mrs. Benthorn; Sylvia van der Meis-Strauss - Mrs. Mos; Johan Vanderpol - Thomas,"A heavily overworked nurse is being stalked by a mysterious figure during her night shift in the nursing home. While trying to tend to everyone's needs, she also has to deal with her stalker and pushes herself to extremes.","EN, FR, NL",R,"Sustained psychological terror, stalking, and graphic medical-related violence.","Dutch Cinema, Horror, Thriller, Nursing Home, Stalker, Medical, Night Shift, Suspense, Claustrophobic, Psychological, Slasher, Short Film",Horror,,"Josh Nadler, Dustin Curtis Murphy, Mark J. Parker, Xavier Hamel, Jasper de Bruin, Sofìa Carrillo","Sofia Carrillo, Jasper de Bruin, Stephen Fitzgibbon, Mark J. Parker, Kev Hopgood, Marius Smuts, Dan Sima (producer)","Josh Nadler, Kev Hopgood, Mark J. Parker, Esther Zeilig, Xavier Hamel, Simone Duwel, Sofìa Carrillo","Samantha Smart, Clayton Farris, Adam Wittek, Paul Bassett, Aleksander Varadian, Matthew Courson, Victoria Sunshine, Kate Adams, William Dashwood, Nina Fokker, Marisol Padilla Sánchez, Susana Romo","From peasant village witches to high school vampires, sink your teeth into six sinister tales of the supernatural and the inhuman.","From peasant village witches to high school vampires, sink your teeth into six sinister tales of the supernatural and the inhuman, and find out what lies in wait for you beyond the darkness.","English, English HOH, German",R,"Violence, Strong Language","witch, ritual, daughter-in-law, supernatural, Mexican horror, nurse, night shift, stalker, nursing home, Dutch horror. vampire, prom, high school, supernatural, British films",Active,Gonella,sales@gonellaproductions.com,Yes,,14/04/2023,4,14/04/2027,Worldwide,,Worldwide,https://e.pcloud.link/publink/show?code=kZa2MGZ83fyyeqpYlpkHYmqICie0XBc1n5y,https://e.pcloud.link/publink/show?code=kZ62MGZpeWpR8YDO8ko7UVmMgo0zyJm357V,https://e.pcloud.link/publink/show?code=kZI2MGZkqhg45IVRf4PMv450XDQqSe2xz1y,,https://e.pcloud.link/publink/show?code=kZN2MGZ6ENtsSuPbCBhuyKEgGbr0h4tH3qX,https://e.pcloud.link/publink/show?code=kZQBMGZH9fAmIiBvM0uTpJzkjYiCpDwEyek,https://e.pcloud.link/publink/show?code=XZoBMGZ8gf1pYIRvhQ8ajm8fEBF251RCnSk,https://e.pcloud.link/publink/show?code=XZk2MGZW0VrJ6enJhJ639SXY70B9YfKuqGV,https://e.pcloud.link/publink/show?code=XZX2MGZ0obEeyFOAYf8KNqToXnQbLxczu1V,https://e.pcloud.link/publink/show?code=XZV2MGZzjx0tgX2WuXwmXbxkFqj87mFU38X,German,https://www.filmdoo.com/films/dragged-beneath-the-shadows,14/04/2023,14/04/2023,23/04/2023,,https://www.amazon.com/gp/video/detail/B0B6CLWW6Q,https://www.amazon.co.uk/gp/video/detail/B0B6BS7SRW,https://tubitv.com/movies/100005180/dragged-beneath-the-shadows,https://fawesome.tv/movies/10558164/dragged-beneath-the-shadows,2025 LB Global Media,Box Brazil / FilmDoo / Reveel / IMDB/ Release Tracker,
Forever & Ever,Dragged Beneath the Shadows,6,2021,"USA, Canada",English,https://www.imdb.com/title/tt13622758/?ref_=nm_flmg_job_1_accord_1_cdt_t_2,73,2023,"United States, Mexico, Netherlands, Canada, United Kingdom","English, Spanish, Dutch",https://www.imdb.com/title/tt28067867/,Horror,,Xavier Hamel,"Stephen Fitzgibbon (producer), Mac Goodspeed (executive producer)","Xavier Hamel, Esther Zeilig","Kate Adams, Victoria Sunshine",Awkward and shy student Kate must face her fear of going to prom with Vicky. What awaits her there will change her life forever.,"EN, FR",PG-13,"Supernatural horror elements, high-school bullying themes, and stylized violence.","British Cinema, Horror, Supernatural, High School, Prom, LGBTQ+, Vampire, Youth, Revenge, Coming-of-Age, Dark Fantasy, Short Film",Horror,,"Josh Nadler, Dustin Curtis Murphy, Mark J. Parker, Xavier Hamel, Jasper de Bruin, Sofìa Carrillo","Sofia Carrillo, Jasper de Bruin, Stephen Fitzgibbon, Mark J. Parker, Kev Hopgood, Marius Smuts, Dan Sima (producer)","Josh Nadler, Kev Hopgood, Mark J. Parker, Esther Zeilig, Xavier Hamel, Simone Duwel, Sofìa Carrillo","Samantha Smart, Clayton Farris, Adam Wittek, Paul Bassett, Aleksander Varadian, Matthew Courson, Victoria Sunshine, Kate Adams, William Dashwood, Nina Fokker, Marisol Padilla Sánchez, Susana Romo","From peasant village witches to high school vampires, sink your teeth into six sinister tales of the supernatural and the inhuman.","From peasant village witches to high school vampires, sink your teeth into six sinister tales of the supernatural and the inhuman, and find out what lies in wait for you beyond the darkness.","English, English HOH, German",R,"Violence, Strong Language","witch, ritual, daughter-in-law, supernatural, Mexican horror, nurse, night shift, stalker, nursing home, Dutch horror. vampire, prom, high school, supernatural, British films, LGBTQ, secrets, conservative father, anniversary, supernatural",Active,Gonella,sales@gonellaproductions.com,Yes,,14/04/2023,4,14/04/2027,Worldwide,,Worldwide,https://e.pcloud.link/publink/show?code=kZSsMGZpDpMwnAygtmsKAdNOUn0OShN7PGk,https://e.pcloud.link/publink/show?code=kZbsMGZDf13svT9gd5WAVciqRhuVu4J8LXk,https://e.pcloud.link/publink/show?code=kZjsMGZpeVM0oyPJq5pBU3WAxPCHJ1TmY6k,,https://e.pcloud.link/publink/show?code=kZusMGZD9c4L3trUN00NYVAVhJSt0W25a9y,https://e.pcloud.link/publink/show?code=kZQBMGZH9fAmIiBvM0uTpJzkjYiCpDwEyek,https://e.pcloud.link/publink/show?code=XZoBMGZ8gf1pYIRvhQ8ajm8fEBF251RCnSk,https://e.pcloud.link/publink/show?code=XZk2MGZW0VrJ6enJhJ639SXY70B9YfKuqGV,https://e.pcloud.link/publink/show?code=XZX2MGZ0obEeyFOAYf8KNqToXnQbLxczu1V,https://e.pcloud.link/publink/show?code=XZV2MGZzjx0tgX2WuXwmXbxkFqj87mFU38X,German,https://www.filmdoo.com/films/dragged-beneath-the-shadows,14/04/2023,14/04/2023,23/04/2023,,https://www.amazon.com/gp/video/detail/B0B6CLWW6Q,https://www.amazon.co.uk/gp/video/detail/B0B6BS7SRW,https://tubitv.com/movies/100005180/dragged-beneath-the-shadows,https://fawesome.tv/movies/10558164/dragged-beneath-the-shadows,2025 LB Global Media,Box Brazil / FilmDoo / Reveel / IMDB/ Release Tracker,
Family History,Dragged Beneath the Shadows,16,2020,USA,English,https://www.imdb.com/title/tt11086004/,73,2023,"United States, Mexico, Netherlands, Canada, United Kingdom","English, Spanish, Dutch",https://www.imdb.com/title/tt28067867/,Horror,Thriller,Mark J. Parker,Tom Ciuba (produced by); Greg Clements (associate producer); Elmer J. Howard (co-producer); Mark J. Parker (produced by),Mark J. Parker,Matthew Courson - Sam; Aleksander Varadian - Evan; Patrick Heraghty - Dad; Catherine Nastasi - Mom,"Four years after his mother passed away, a young man brings his new boyfriend home to meet his reclusive, conservative father.",EN,PG-13,"Supernatural themes, heavy atmosphere of grief, and tension involving family secrets and conservative viewpoints.","Spanish Cinema, Horror, Supernatural, LGBTQ+, Family Drama, Secrets, Grief, Father-Son Relationship, Mystery, Tension, Short Film",Horror,,"Josh Nadler, Dustin Curtis Murphy, Mark J. Parker, Xavier Hamel, Jasper de Bruin, Sofìa Carrillo","Sofia Carrillo, Jasper de Bruin, Stephen Fitzgibbon, Mark J. Parker, Kev Hopgood, Marius Smuts, Dan Sima (producer)","Josh Nadler, Kev Hopgood, Mark J. Parker, Esther Zeilig, Xavier Hamel, Simone Duwel, Sofìa Carrillo","Samantha Smart, Clayton Farris, Adam Wittek, Paul Bassett, Aleksander Varadian, Matthew Courson, Victoria Sunshine, Kate Adams, William Dashwood, Nina Fokker, Marisol Padilla Sánchez, Susana Romo","From peasant village witches to high school vampires, sink your teeth into six sinister tales of the supernatural and the inhuman.","From peasant village witches to high school vampires, sink your teeth into six sinister tales of the supernatural and the inhuman, and find out what lies in wait for you beyond the darkness.","English, English HOH, German",R,"Violence, Strong Language","witch, ritual, daughter-in-law, supernatural, Mexican horror, nurse, night shift, stalker, nursing home, Dutch horror. vampire, prom, high school, supernatural, British films, LGBTQ, secrets, conservative father, anniversary, supernatural, priest, confession, World War II, secret, supernatural",Active,Gonella,sales@gonellaproductions.com,Yes,,14/04/2023,4,14/04/2027,Worldwide,,Worldwide,https://e.pcloud.link/publink/show?code=kZPsMGZw3AOn6RCVVb9nisMuqOSYSWqXnJV,https://e.pcloud.link/publink/show?code=kZxsMGZ1NwaO94vMCzOpl83t021IJaeniXy,https://e.pcloud.link/publink/show?code=kZwsMGZYnNsFyg4fQhB8vKwyQbnWbCgJBDy,,https://e.pcloud.link/publink/show?code=kZlsMGZ6Tbx3v45ob8hlgmIpR6qlmV77UWV,https://e.pcloud.link/publink/show?code=kZQBMGZH9fAmIiBvM0uTpJzkjYiCpDwEyek,https://e.pcloud.link/publink/show?code=XZoBMGZ8gf1pYIRvhQ8ajm8fEBF251RCnSk,https://e.pcloud.link/publink/show?code=XZk2MGZW0VrJ6enJhJ639SXY70B9YfKuqGV,https://e.pcloud.link/publink/show?code=XZX2MGZ0obEeyFOAYf8KNqToXnQbLxczu1V,https://e.pcloud.link/publink/show?code=XZV2MGZzjx0tgX2WuXwmXbxkFqj87mFU38X,German,https://www.filmdoo.com/films/dragged-beneath-the-shadows,14/04/2023,14/04/2023,23/04/2023,,https://www.amazon.com/gp/video/detail/B0B6CLWW6Q,https://www.amazon.co.uk/gp/video/detail/B0B6BS7SRW,https://tubitv.com/movies/100005180/dragged-beneath-the-shadows,https://fawesome.tv/movies/10558164/dragged-beneath-the-shadows,2025 LB Global Media,Box Brazil / FilmDoo / Reveel / IMDB/ Release Tracker,
"The Last Confession
",Dragged Beneath the Shadows,9,2020,UK,English,https://www.imdb.com/title/tt12441728/,73,2023,"United States, Mexico, Netherlands, Canada, United Kingdom","English, Spanish, Dutch",https://www.imdb.com/title/tt28067867/,Horror,Drama,Dustin Curtis Murphy,"Kev Hopgood, Marius Smuts",Kev Hopgood,Paul Bassett - Franz (as Paul Basset Davies); Adam Wittek - Father Kramer; Rose Muirhead - The Girl; Ray Calleja - Young Franz,"Years after the holocaust, a dying Nazi calls a priest to his bedside for his last confession, although he's chillingly unrepentant. What happens next, will go beyond the darkest imaginings of his confessor.",EN,R,"Chilling supernatural horror, unrepentant descriptions of historical atrocities, and intense psychological terror.","British Cinema, Horror, Supernatural, Holocaust, WWII, Priest, Confession, Nazi, Revenge, Mystery, Dark Fantasy, Religion, Psychological Thriller",Horror,,"Josh Nadler, Dustin Curtis Murphy, Mark J. Parker, Xavier Hamel, Jasper de Bruin, Sofìa Carrillo","Sofia Carrillo, Jasper de Bruin, Stephen Fitzgibbon, Mark J. Parker, Kev Hopgood, Marius Smuts, Dan Sima (producer)","Josh Nadler, Kev Hopgood, Mark J. Parker, Esther Zeilig, Xavier Hamel, Simone Duwel, Sofìa Carrillo","Samantha Smart, Clayton Farris, Adam Wittek, Paul Bassett, Aleksander Varadian, Matthew Courson, Victoria Sunshine, Kate Adams, William Dashwood, Nina Fokker, Marisol Padilla Sánchez, Susana Romo","From peasant village witches to high school vampires, sink your teeth into six sinister tales of the supernatural and the inhuman.","From peasant village witches to high school vampires, sink your teeth into six sinister tales of the supernatural and the inhuman, and find out what lies in wait for you beyond the darkness.","English, English HOH, German",R,"Violence, Strong Language","witch, ritual, daughter-in-law, supernatural, Mexican horror, nurse, night shift, stalker, nursing home, Dutch horror. vampire, prom, high school, supernatural, British films, LGBTQ, secrets, conservative father, anniversary, supernatural, priest, confession, World War II, secret, supernatural, grief, ghost, supernatural, daughter, mirror",Active,Gonella,sales@gonellaproductions.com,Yes,,14/04/2023,4,14/04/2027,Worldwide,,Worldwide,https://e.pcloud.link/publink/show?code=kZcsMGZB0HKb0jluyVkQFXD0Jo9MR4e51mk,https://e.pcloud.link/publink/show?code=kZyDMGZRoGVJhPrqkYgdJXkvEJ1hS1SBBnX,https://e.pcloud.link/publink/show?code=kZ7DMGZLJDs5NbU8JkbxpKtd17pfjXirpAX,,https://e.pcloud.link/publink/show?code=kZkDMGZ499OBlIoABp3WqtfnKO224xR0xrX,https://e.pcloud.link/publink/show?code=kZQBMGZH9fAmIiBvM0uTpJzkjYiCpDwEyek,https://e.pcloud.link/publink/show?code=XZoBMGZ8gf1pYIRvhQ8ajm8fEBF251RCnSk,https://e.pcloud.link/publink/show?code=XZk2MGZW0VrJ6enJhJ639SXY70B9YfKuqGV,https://e.pcloud.link/publink/show?code=XZX2MGZ0obEeyFOAYf8KNqToXnQbLxczu1V,https://e.pcloud.link/publink/show?code=XZV2MGZzjx0tgX2WuXwmXbxkFqj87mFU38X,German,https://www.filmdoo.com/films/dragged-beneath-the-shadows,14/04/2023,14/04/2023,23/04/2023,,https://www.amazon.com/gp/video/detail/B0B6CLWW6Q,https://www.amazon.co.uk/gp/video/detail/B0B6BS7SRW,https://tubitv.com/movies/100005180/dragged-beneath-the-shadows,https://fawesome.tv/movies/10558164/dragged-beneath-the-shadows,2025 LB Global Media,Box Brazil / FilmDoo / Reveel / IMDB/ Release Tracker,
Mirror Gaze,Dragged Beneath the Shadows,10,2020,US,English,https://www.imdb.com/title/tt11662380/,73,2023,"United States, Mexico, Netherlands, Canada, United Kingdom","English, Spanish, Dutch",https://www.imdb.com/title/tt28067867/,Horror,Drama,Josh Nadler,Ashlyn Izumo (associate producer); Dan Sima (producer),Josh Nadler,Clayton Farris - Michael; Kim Fodor - The Figure; Samantha Smart - Sofia,A grieving mother tries to contact her recently deceased daughter. The result proves scarier than the grief.,EN,PG-13,Supernatural scares and intense atmosphere of grief; features unsettling imagery of paranormal contact.,"French Cinema, Horror, Supernatural, Paranormal, Séance, Grief, Mother-Daughter, Haunted, Mystery, Suspense, Short Film, Afterlife",Horror,,"Josh Nadler, Dustin Curtis Murphy, Mark J. Parker, Xavier Hamel, Jasper de Bruin, Sofìa Carrillo","Sofia Carrillo, Jasper de Bruin, Stephen Fitzgibbon, Mark J. Parker, Kev Hopgood, Marius Smuts, Dan Sima (producer)","Josh Nadler, Kev Hopgood, Mark J. Parker, Esther Zeilig, Xavier Hamel, Simone Duwel, Sofìa Carrillo","Samantha Smart, Clayton Farris, Adam Wittek, Paul Bassett, Aleksander Varadian, Matthew Courson, Victoria Sunshine, Kate Adams, William Dashwood, Nina Fokker, Marisol Padilla Sánchez, Susana Romo","From peasant village witches to high school vampires, sink your teeth into six sinister tales of the supernatural and the inhuman.","From peasant village witches to high school vampires, sink your teeth into six sinister tales of the supernatural and the inhuman, and find out what lies in wait for you beyond the darkness.","English, English HOH, German",R,"Violence, Strong Language","witch, ritual, daughter-in-law, supernatural, Mexican horror, nurse, night shift, stalker, nursing home, Dutch horror. vampire, prom, high school, supernatural, British films, LGBTQ, secrets, conservative father, anniversary, supernatural, priest, confession, World War II, secret, supernatural, grief, ghost, supernatural, daughter, mirror",Active,Gonella,sales@gonellaproductions.com,Yes,,14/04/2023,4,14/04/2027,Worldwide,,Worldwide,https://e.pcloud.link/publink/show?code=kZHDMGZ5S5LpFvJ2QL7zDNpebplx5otpSl7,https://e.pcloud.link/publink/show?code=kZzDMGZxOqI5gOO5a7ask8p5lj0Rp5vTmqX,https://e.pcloud.link/publink/show?code=kZLDMGZ5xGXBBEWXS4SshKEY6JFI7SQpAx7,,https://e.pcloud.link/publink/show?code=kZ4DMGZbsY4CcdOc2FuutT567TOB5ERNiqV,https://e.pcloud.link/publink/show?code=kZQBMGZH9fAmIiBvM0uTpJzkjYiCpDwEyek,https://e.pcloud.link/publink/show?code=XZoBMGZ8gf1pYIRvhQ8ajm8fEBF251RCnSk,https://e.pcloud.link/publink/show?code=XZk2MGZW0VrJ6enJhJ639SXY70B9YfKuqGV,https://e.pcloud.link/publink/show?code=XZX2MGZ0obEeyFOAYf8KNqToXnQbLxczu1V,https://e.pcloud.link/publink/show?code=XZV2MGZzjx0tgX2WuXwmXbxkFqj87mFU38X,German,https://www.filmdoo.com/films/dragged-beneath-the-shadows,14/04/2023,14/04/2023,23/04/2023,,https://www.amazon.com/gp/video/detail/B0B6CLWW6Q,https://www.amazon.co.uk/gp/video/detail/B0B6BS7SRW,https://tubitv.com/movies/100005180/dragged-beneath-the-shadows,https://fawesome.tv/movies/10558164/dragged-beneath-the-shadows,2025 LB Global Media,Box Brazil / FilmDoo / Reveel / IMDB / Release Tracker,
The Doe,From Her Bones,18,2020,France,French,https://www.imdb.com/title/tt11548506//,92,2025,"France, Canada, Denmark, Spain","French, Spanish",https://www.imdb.com/title/tt11548506/,Drama,Thriller,Jennifer Lumbroso,Quentin Daniel (producer),Jennifer Lumbroso,Hélène Kuhn - Hélène; Bastien Pujol - Le petit ami; Raphaël Thiéry - Le peintre; Elisabeth Andres - La femme au chien; Marius Renier - Le jeune chasseur; Florent Chesné - Le brocanteur,"During a romantic weekend, 30-year-old Hélène gets into an argument with her boyfriend. She flees into the countryside on an icy day and finds herself thrown into a world she doesn't know.",EN,PG-13,"Psychological tension, themes of isolation, and a surreal, unsettling atmosphere during a domestic conflict.","French-Canadian, Drama, Thriller, Surrealism, Wilderness, Relationship Conflict, Isolation, Nature, Psychological, Canadian Cinema, Short Film",Horror,"Arthouse, Thriller, Dark Comedy","Geordy Couturiau, Jennifer Lumbroso, Edith Jorisch, Nicolai G.H. Johansen, David Sanz Lanero","Quentin Daniel, Patrick Francke-Sirois, Anna Dammegaard Søllested, Anaïs Bertrand, Teresa Gómez Anguas","Geordy Couturiau, Jennifer Lumbroso, Edith Jorisch, Nicolai G.H. Johansen, Cristóbal Celma, Ernesto GR Sanabria","Stéphane Caillard, Cédric Kahn, Hélène Kuhn, Sandra Guldberg Kampp",A strange and darkly comic collection of stories that dig into the human psyche to expose the violent urges and hidden doubts that lurk within.,"A teenager is caught between her attraction to a boy and the sinister presence that resides in her attic; a confused townie roams the countryside, convinced that the locals are out to get her; and in a world where everyone has a double, one woman seeks to be her own person. A twisted collection of tales that dig into the human psyche to expose the violent urges and hidden fears that lurk within.",English HOH,R,"Violence, Sexual Content","Surrealism, Female Lead, French films, Canadian films, Danish films, Spanish films, Family, Motherhood, Rural, Countryside, motherhood, satire, surrealism, Canadian short, banquet, vampire, gothic horror, silent, teenage romance, Denmark, doppelganger, sister, twin, surreal society, French short",Active,Wombat Films,qdaniel@me.com,No,https://www.dropbox.com/scl/fo/1bgbho0v3k6hwqlb5mh5k/h/LB%20GLOBAL%20MEDIA%20-%20NEW%20COMPILATIONS/Wombat%20Films?dl=0&preview=LB+Global+Media+Film+Distribution+Licence+Agreement+-+Wombat+Films+June+2025.pdf&subfolder_nav_tracking=1,17/9/2025,3,17/09/2028,All countries except those mentioned in Geo-Restrictions,"Excluding Austria, Belgium, Bulgaria, Croatia, Republic of Cyprus, Czech Republic, Denmark, Estonia, Finland, France, Greece, Hungary, Italy, Latvia, Lithuania, Luxembourg, Malta, Netherlands, Poland, Portugal, Romania, Slovakia, Slovenia, Spain and Sweden.","Wordwide excluding Austria, Belgium, Bulgaria, Canada, Croatia, Republic of Cyprus, Czech Republic, Denmark, Estonia, Finland, France, Greece, Hungary, Italy, Latvia, Lithuania, Luxembourg, Malta, Netherlands, Poland, Portugal, Romania, Slovakia, Slovenia, Spain, Sweden",https://e.pcloud.link/publink/show?code=kZjqTGZ97TYpvQrpvhWtVLr19BRbp17hgvk,https://e.pcloud.link/publink/show?code=kZBqTGZMgR8T5gh864bVXSHue7goY1hiFpk,https://e.pcloud.link/publink/show?code=kZ2qTGZagrs1HgMwMF1r4aDh98VYhoQ4Y9V,,https://e.pcloud.link/publink/show?code=kZTqTGZ1mx6rMm3YE5XOj4ApPrizkrWxQ2X,https://e.pcloud.link/publink/show?code=kZ3dTGZxQKSCKkDBwVd6g135tq2DJ0RLWM7,https://e.pcloud.link/publink/show?code=kZodTGZ1PXOJ3PBEdbdVJXctBScgVeTKh8y,https://e.pcloud.link/publink/show?code=kZFqTGZQcQhEju0Sm0YIPFw2u1IimnpWQmk,https://e.pcloud.link/publink/show?code=kZpqTGZbTK9hmX4P1uJPT5wkcinnzWgsf77,https://e.pcloud.link/publink/show?code=kZRqTGZ889Jn7aEcakMUprizBcwTkzV730X,None,,,18/09/2025,17/09/2025,,https://www.amazon.com/gp/video/detail/B0FR6HZFM3,https://www.amazon.co.uk/gp/video/detail/B0FR8YLPT9,https://tubitv.com/movies/100047940/from-her-bones,,2025 LB Global Media,Box Brazil / FilmDoo / Reveel / IMDB / Release Tracker,
Mothers and Monsters,From Her Bones,15,2023,Canada,French,https://www.imdb.com/title/tt28670290/,92,2025,"France, Canada, Denmark, Spain","French, Spanish",https://www.imdb.com/title/tt11548506/,Drama,Comedy,Edith Jorisch,Patrick Francke-Sirois (producer); Isabelle Grignon-Francke (producer); Edith Jorisch (producer),Edith Jorisch (writer),Dean Brisson (as Dean J. Brisson); Vincent Champagne; Ines Defosse; Arielle Fournier; Juliette Gariépy; Noémie Lanoix; Mylène Mackay; Sarah Ouimette; Aline Winant,An elegant woman presides over a banquet whose increasingly surreal nature reflects ideals and anxieties about modern motherhood.,,PG-13,Surreal and unsettling imagery; psychological themes regarding maternal anxiety and social pressure.,"Canadian Cinema, Surrealism, Motherhood, Satire, Psychological, Art-House, Social Commentary, Banquet, Anxiety, Stylized, Metaphorical, Short Film",Horror,"Arthouse, Thriller, Dark Comedy","Geordy Couturiau, Jennifer Lumbroso, Edith Jorisch, Nicolai G.H. Johansen, David Sanz Lanero","Quentin Daniel, Patrick Francke-Sirois, Anna Dammegaard Søllested, Anaïs Bertrand, Teresa Gómez Anguas","Geordy Couturiau, Jennifer Lumbroso, Edith Jorisch, Nicolai G.H. Johansen, Cristóbal Celma, Ernesto GR Sanabria","Stéphane Caillard, Cédric Kahn, Hélène Kuhn, Sandra Guldberg Kampp",A strange and darkly comic collection of stories that dig into the human psyche to expose the violent urges and hidden doubts that lurk within.,"A teenager is caught between her attraction to a boy and the sinister presence that resides in her attic; a confused townie roams the countryside, convinced that the locals are out to get her; and in a world where everyone has a double, one woman seeks to be her own person. A twisted collection of tales that dig into the human psyche to expose the violent urges and hidden fears that lurk within.",English HOH,R,"Violence, Sexual Content","Surrealism, Female Lead, French films, Canadian films, Danish films, Spanish films, Family, Motherhood, Rural, Countryside, motherhood, satire, surrealism, Canadian short, banquet, vampire, gothic horror, silent, teenage romance, Denmark, doppelganger, sister, twin, surreal society, French short",Active,H.264,stephanie@h264distribution.com,No,https://www.dropbox.com/scl/fo/1bgbho0v3k6hwqlb5mh5k/h/LB%20GLOBAL%20MEDIA%20-%20NEW%20COMPILATIONS/H264?dl=0&preview=LB+Global+Media+Film+Distribution+Licence+Agreement+-+H264+May+2025+-+Countersigned.pdf&subfolder_nav_tracking=1,17/9/2025,3,17/09/2028,All countries except those mentioned in Geo-Restrictions,Excluding Canada,"Wordwide excluding Austria, Belgium, Bulgaria, Canada, Croatia, Republic of Cyprus, Czech Republic, Denmark, Estonia, Finland, France, Greece, Hungary, Italy, Latvia, Lithuania, Luxembourg, Malta, Netherlands, Poland, Portugal, Romania, Slovakia, Slovenia, Spain, Sweden",https://e.pcloud.link/publink/show?code=kZ4ETGZtl6AlmACJsS9F1xGYQL1QjeaIF3V,https://e.pcloud.link/publink/show?code=kZ8ETGZ3wozwHB9Vsuq22sDIojhjkDlaIaV,,,https://e.pcloud.link/publink/show?code=kZuETGZVa8wDMxrCbpkfazXO0nsWjRIr8wXX,https://e.pcloud.link/publink/show?code=kZ3dTGZxQKSCKkDBwVd6g135tq2DJ0RLWM7,https://e.pcloud.link/publink/show?code=kZodTGZ1PXOJ3PBEdbdVJXctBScgVeTKh8y,https://e.pcloud.link/publink/show?code=kZFqTGZQcQhEju0Sm0YIPFw2u1IimnpWQmk,https://e.pcloud.link/publink/show?code=kZpqTGZbTK9hmX4P1uJPT5wkcinnzWgsf77,https://e.pcloud.link/publink/show?code=kZRqTGZ889Jn7aEcakMUprizBcwTkzV730X,None,,,18/09/2025,17/09/2025,,https://www.amazon.com/gp/video/detail/B0FR6HZFM3,https://www.amazon.co.uk/gp/video/detail/B0FR8YLPT9,https://tubitv.com/movies/100047940/from-her-bones,,2025 LB Global Media,Box Brazil / FilmDoo / Reveel / IMDB / Release Tracker,
Inherent,From Her Bones,16,2021,Denmark,No dialogue,https://www.imdb.com/title/tt14710586/,92,2025,"France, Canada, Denmark, Spain","French, Spanish",https://www.imdb.com/title/tt11548506/,Horror,,Nicolai G.H. Johansen,Eva Jakobsen (executive producer); Mikkel Jersin (executive producer); Katrin Pors (executive producer); Anna Dammegaard Søllested (producer),Nicolai G.H. Johansen,Sandra Guldberg Kampp - Girl; Noah Skovgaard Skands - Boy,"Follows a girl roaming the streets, gazing at a boy, while in the attic of her house resides a sinister presence who she serves. As the infatuation grows, she is torn between her desires and her ties.",EN,PG-13,Supernatural horror themes and a sinister atmosphere; features elements of obsession and dark ritualistic service.,"Danish Cinema, Horror, Supernatural, Coming-of-Age, Gothic, Obsession, Sinister, Atmospheric, Mystery, Romance, Short Film, Youth",Horror,"Arthouse, Thriller, Dark Comedy","Geordy Couturiau, Jennifer Lumbroso, Edith Jorisch, Nicolai G.H. Johansen, David Sanz Lanero","Quentin Daniel, Patrick Francke-Sirois, Anna Dammegaard Søllested, Anaïs Bertrand, Teresa Gómez Anguas","Geordy Couturiau, Jennifer Lumbroso, Edith Jorisch, Nicolai G.H. Johansen, Cristóbal Celma, Ernesto GR Sanabria","Stéphane Caillard, Cédric Kahn, Hélène Kuhn, Sandra Guldberg Kampp",A strange and darkly comic collection of stories that dig into the human psyche to expose the violent urges and hidden doubts that lurk within.,"A teenager is caught between her attraction to a boy and the sinister presence that resides in her attic; a confused townie roams the countryside, convinced that the locals are out to get her; and in a world where everyone has a double, one woman seeks to be her own person. A twisted collection of tales that dig into the human psyche to expose the violent urges and hidden fears that lurk within.",English HOH,R,"Violence, Sexual Content","Surrealism, Female Lead, French films, Canadian films, Danish films, Spanish films, Family, Motherhood, Rural, Countryside, motherhood, satire, surrealism, Canadian short, banquet, vampire, gothic horror, silent, teenage romance, Denmark, doppelganger, sister, twin, surreal society, French short",Active,Manifest Pictures,anais@manifest.pictures,No,https://www.dropbox.com/scl/fo/1bgbho0v3k6hwqlb5mh5k/h/LB%20GLOBAL%20MEDIA%20-%20NEW%20COMPILATIONS/Manifest%20Pictures?dl=0&preview=LB+Global+Media+Film+Distribution+Licence+Agreement+-+Manifest+Pictures+March+2025+(1)+-+Countersigned.pdf&subfolder_nav_tracking=1,17/9/2025,3,17/09/2028,Worldwide,,"Wordwide excluding Austria, Belgium, Bulgaria, Canada, Croatia, Republic of Cyprus, Czech Republic, Denmark, Estonia, Finland, France, Greece, Hungary, Italy, Latvia, Lithuania, Luxembourg, Malta, Netherlands, Poland, Portugal, Romania, Slovakia, Slovenia, Spain, Sweden",https://e.pcloud.link/publink/show?code=kZDUTGZeQxIiYcD3EXql7eTDOkXyh2sVtBk,https://e.pcloud.link/publink/show?code=kZ1UTGZwynawSpuqPS3ietwEOzuam2gvywy,https://e.pcloud.link/publink/show?code=kZ9UTGZg1SV0w4LhljFdaWVBUOQmRGoKWi7,,https://e.pcloud.link/publink/show?code=XZKUTGZsM774l6dGHjueKWFwf0h2YeAEUKX,https://e.pcloud.link/publink/show?code=kZ3dTGZxQKSCKkDBwVd6g135tq2DJ0RLWM7,https://e.pcloud.link/publink/show?code=kZodTGZ1PXOJ3PBEdbdVJXctBScgVeTKh8y,https://e.pcloud.link/publink/show?code=kZFqTGZQcQhEju0Sm0YIPFw2u1IimnpWQmk,https://e.pcloud.link/publink/show?code=kZpqTGZbTK9hmX4P1uJPT5wkcinnzWgsf77,https://e.pcloud.link/publink/show?code=kZRqTGZ889Jn7aEcakMUprizBcwTkzV730X,None,,,18/09/2025,17/09/2025,,https://www.amazon.com/gp/video/detail/B0FR6HZFM3,https://www.amazon.co.uk/gp/video/detail/B0FR8YLPT9,https://tubitv.com/movies/100047940/from-her-bones,,2025 LB Global Media,Box Brazil / FilmDoo / Reveel / IMDB / Release Tracker,
Lucienne in a world without solitude,From Her Bones,31,2022,France,French,https://www.imdb.com/title/tt15522854/,92,2025,"France, Canada, Denmark, Spain","French, Spanish",https://www.imdb.com/title/tt11548506/,Drama,,Geordy Couturiau,Anaïs Bertrand (producer); Eliott Brunet (producer),Geordy Couturiau,Stéphane Caillard - Lucienne / Emmanuelle; Cédric Kahn - Paul; Arnaud Bichon - Arnaud; Samir Harrag - L'amant,"In a world without loneliness in which everyone shares their life with their double, Lucienne is in a relationship with Paul, a former lover who has lost his twin. While she wants his love, he just wants to find his brother.",EN,PG-13,Emotional intensity and surreal psychological themes; involves complex relationship dynamics and existential distress.,"French Cinema, Sci-Fi, Drama, Surrealism, Twins, Identity, Loneliness, Dystopia, Romance, Metaphorical, Psychological, Short Film",Horror,"Arthouse, Thriller, Dark Comedy","Geordy Couturiau, Jennifer Lumbroso, Edith Jorisch, Nicolai G.H. Johansen, David Sanz Lanero","Quentin Daniel, Patrick Francke-Sirois, Anna Dammegaard Søllested, Anaïs Bertrand, Teresa Gómez Anguas","Geordy Couturiau, Jennifer Lumbroso, Edith Jorisch, Nicolai G.H. Johansen, Cristóbal Celma, Ernesto GR Sanabria","Stéphane Caillard, Cédric Kahn, Hélène Kuhn, Sandra Guldberg Kampp",A strange and darkly comic collection of stories that dig into the human psyche to expose the violent urges and hidden doubts that lurk within.,"A teenager is caught between her attraction to a boy and the sinister presence that resides in her attic; a confused townie roams the countryside, convinced that the locals are out to get her; and in a world where everyone has a double, one woman seeks to be her own person. A twisted collection of tales that dig into the human psyche to expose the violent urges and hidden fears that lurk within.",English HOH,R,"Violence, Sexual Content","Surrealism, Female Lead, French films, Canadian films, Danish films, Spanish films, Family, Motherhood, Rural, Countryside, motherhood, satire, surrealism, Canadian short, banquet, vampire, gothic horror, silent, teenage romance, Denmark, doppelganger, sister, twin, surreal society, French short",Active,Wombat Films,qdaniel@me.com,No,https://www.dropbox.com/scl/fo/1bgbho0v3k6hwqlb5mh5k/h/LB%20GLOBAL%20MEDIA%20-%20NEW%20COMPILATIONS/Manifest%20Pictures?dl=0&preview=LB+Global+Media+Film+Distribution+Licence+Agreement+-+Manifest+Pictures+March+2025+(1)+-+Countersigned.pdf&subfolder_nav_tracking=1,17/9/2025,3,17/09/2028,Worldwide,,"Wordwide excluding Austria, Belgium, Bulgaria, Canada, Croatia, Republic of Cyprus, Czech Republic, Denmark, Estonia, Finland, France, Greece, Hungary, Italy, Latvia, Lithuania, Luxembourg, Malta, Netherlands, Poland, Portugal, Romania, Slovakia, Slovenia, Spain, Sweden",https://e.pcloud.link/publink/show?code=kZMITGZhPE1QcL8g5b8iJAaVMdzgF80xAhXX,https://e.pcloud.link/publink/show?code=kZTITGZd3W47e6y9nLIXjCUMVC1lh9CwsLX,https://e.pcloud.link/publink/show?code=kZPITGZuWCrtASCAVJS1CPGQU4qUYreN0ek,,https://e.pcloud.link/publink/show?code=XZwITGZ8jNREaVq4MujlS9iUOWAuQlHAkGV,https://e.pcloud.link/publink/show?code=kZ3dTGZxQKSCKkDBwVd6g135tq2DJ0RLWM7,https://e.pcloud.link/publink/show?code=kZodTGZ1PXOJ3PBEdbdVJXctBScgVeTKh8y,https://e.pcloud.link/publink/show?code=kZFqTGZQcQhEju0Sm0YIPFw2u1IimnpWQmk,https://e.pcloud.link/publink/show?code=kZpqTGZbTK9hmX4P1uJPT5wkcinnzWgsf77,https://e.pcloud.link/publink/show?code=kZRqTGZ889Jn7aEcakMUprizBcwTkzV730X,None,,,18/09/2025,17/09/2025,,https://www.amazon.com/gp/video/detail/B0FR6HZFM3,https://www.amazon.co.uk/gp/video/detail/B0FR8YLPT9,https://tubitv.com/movies/100047940/from-her-bones,,2025 LB Global Media,Box Brazil / FilmDoo / Reveel / IMDB / Release Tracker,
A la deriva,From Her Bones,11,2022,Spain,Spanish,,92,2025,"France, Canada, Denmark, Spain","French, Spanish",https://www.imdb.com/title/tt11548506/,Drama,Mystery,David Sanz Lanero,Teresa Gómez Anguas (producer),David Sanz Lanero,Irene Murcia - Cynthia,"Dead of night. Beside a mountain road, Cynthia comes across a hotel with a familiar music coming from. Attracted by it, the young woman enters the place. What she discovers inside will make her confront herself and what is troubling her.",EN,PG-13,"Psychological tension and surreal, unsettling atmosphere; themes of self-confrontation and emotional distress.","Spanish Cinema, Mystery, Drama, Surrealism, Psychological, Metaphorical, Night, Identity, Self-Discovery, Atmospheric, Suspense, Short Film",Horror,"Arthouse, Thriller, Dark Comedy","Geordy Couturiau, Jennifer Lumbroso, Edith Jorisch, Nicolai G.H. Johansen, David Sanz Lanero","Quentin Daniel, Patrick Francke-Sirois, Anna Dammegaard Søllested, Anaïs Bertrand, Teresa Gómez Anguas","Geordy Couturiau, Jennifer Lumbroso, Edith Jorisch, Nicolai G.H. Johansen, Cristóbal Celma, Ernesto GR Sanabria","Stéphane Caillard, Cédric Kahn, Hélène Kuhn, Sandra Guldberg Kampp",A strange and darkly comic collection of stories that dig into the human psyche to expose the violent urges and hidden doubts that lurk within.,"A teenager is caught between her attraction to a boy and the sinister presence that resides in her attic; a confused townie roams the countryside, convinced that the locals are out to get her; and in a world where everyone has a double, one woman seeks to be her own person. A twisted collection of tales that dig into the human psyche to expose the violent urges and hidden fears that lurk within.",English HOH,R,"Violence, Sexual Content",,,Wombat Films,qdaniel@me.com,Yes,https://www.dropbox.com/scl/fo/1bgbho0v3k6hwqlb5mh5k/h/LB%20GLOBAL%20MEDIA%20-%20NEW%20COMPILATIONS/ECAM?dl=0&preview=LB+Global+Media+Film+Distribution+Licence+Agreement+for+ECAM+April+2025+-+Countersigned.pdf&subfolder_nav_tracking=1,17/9/2025,3,17/09/2028,All countries except those mentioned in Geo-Restrictions,Excluding Spain,"Wordwide excluding Austria, Belgium, Bulgaria, Canada, Croatia, Republic of Cyprus, Czech Republic, Denmark, Estonia, Finland, France, Greece, Hungary, Italy, Latvia, Lithuania, Luxembourg, Malta, Netherlands, Poland, Portugal, Romania, Slovakia, Slovenia, Spain, Sweden",https://e.pcloud.link/publink/show?code=kZxATGZbbjTb89kLJkth9E9YeSIUuSKueOy,https://e.pcloud.link/publink/show?code=kZwATGZch09T1wnrfy97wN546TOPz4o3Vk7,https://e.pcloud.link/publink/show?code=kZdATGZL4PNmBGOwhf9lQ8kBeGxg5k1Q23V,,,https://e.pcloud.link/publink/show?code=kZ3dTGZxQKSCKkDBwVd6g135tq2DJ0RLWM7,https://e.pcloud.link/publink/show?code=kZodTGZ1PXOJ3PBEdbdVJXctBScgVeTKh8y,https://e.pcloud.link/publink/show?code=kZFqTGZQcQhEju0Sm0YIPFw2u1IimnpWQmk,https://e.pcloud.link/publink/show?code=kZpqTGZbTK9hmX4P1uJPT5wkcinnzWgsf77,https://e.pcloud.link/publink/show?code=kZRqTGZ889Jn7aEcakMUprizBcwTkzV730X,None,,,18/09/2025,17/09/2025,,https://www.amazon.com/gp/video/detail/B0FR6HZFM3,https://www.amazon.co.uk/gp/video/detail/B0FR8YLPT9,https://tubitv.com/movies/100047940/from-her-bones,,2025 LB Global Media,Box Brazil / FilmDoo / Reveel / MUBI / Release Tracker,
Ayaneh,Into Her Own,14,2019,Switzerland,"Dari, English, Swiss German",https://www.imdb.com/title/tt10614282/,98,2022,"France, Switzerland, Bulgaria, United States, Netherlands","English, Dari, German, Swiss, Persian, French, Bulgarian, Dutch, Turkish",https://www.imdb.com/title/tt21347406/,Drama,,Nicolas Greinacher,"Rajko Jazbec, Dario Schoch",Nicolas Greinacher,"Mo Ahmadi - Haroun, Afsaneh Dehrouyeh - Ayaneh, Ladina von Frisching - Anna, Mithra Zahedi - Mother","Set in Switzerland, our story follows Ayaneh, a young refugee from Afghanistan. One day at a public swimming pool she meets Anna and instantly feels attracted to her. As the relationship between the two women develops, Ayaneh is confronted with growing resistance from her religious family.",EN,PG-13,Emotional intensity regarding cultural and religious conflict; themes of identity and forbidden romance.,"Swiss Cinema, Drama, LGBTQ+, Refugee, Afghanistan, Religion, Forbidden Love, Family Conflict, Cultural Identity, Romance, Short Film, Coming-of-Age",LGBTQ,"Drama, Coming of Age, Romance","Ayla Çekin Satijn, Jessica Barclay Lawton, Plamen Marinov, Jean Rousselot, Sadeq Es-haqi, Anna Niebert, Nicolas Greinacher","Rajko Jazbec, Anna Niebert, Sadeq Es-Haqi, Grégoire Bruno, Snezhina Piskova, Jess Barclay Lawton, Laura Bouwmeester","Ayla Çekin Satijn, Hristo Kanov, Snezhina Piskova, Plamen Marinov, Grégoire Bruno, Laure Vaugeois, Jean Rousselot, Sadeq Es-haqi, Anna Niebert, Nicolas Greinacher","Zehra Göktas, Vesela Babinova, Boryana Bratoeva, Frankie Wallach, Bastien Rochard, Laure Vaugeois, Shabnam Dadkhah, Bahar Shearbafi, Nika Adibi, Shaelan O’Connor, Emily O’Dette, Mithra Zahedi, Mo Ahmadi, Ladina von Frisching, Afsaneh Dehrouyeh",An anthology of short stories from emerging female filmmakers led by girls who find their own way in life.,"A chance meeting at a swimming pool sparks a change in the life and perspective of a young refugee forever, the morning after the night before has two unfamiliar girls questioning how they awoke in the same bed and a beautiful, carefree adventurer disrupts a homebody's monotonous lifestyle. An anthology of short films led by girls who find their own way in life.","English, German",PG-13 (compilation-level),Sexual Content (compilation-level),"lesbian, afghan refugee, switzerland, sexual attraction, swimming pool, burkini, religious family, lesbian crush, group shower, afghan, swimming, refugee, shower, swimsuit, prayer, family relationships, mother daughter relationship, brother sister relationship, dinner, muslim, erotic dream, locker room, friendship, kiss on the cheek, lesbian interest, dream, bicycle, conservative morals, mother slaps her daughter, slapped in the face, fight, crush, bathtub, fantasizing, female female kiss, kissing in a shower, lesbian, morning after, Austria, identity, discovery, LGBTQ+, Lesbian, Teens, Female Lead, French films, Swiss films, Bulgarian films, American films, Dutch films, Short Film Compilation, Female Filmmakers, Swimming Pool, Relationships, Family, Culture, Exclusive FilmDoo Compilation, repressed sexuality, female sexuality, culture clash, queen, self-identity, France, comedy, social experiment, Bulgaria, relationship, identity, choices, drama, non-binary, identity, Australia, documentary, LGBTQ+",Active,Gonella,sales@gonellaproductions.com ,Yes,,14/07/2022,4,14/07/2026,Worldwide,,Worldwide,https://e.pcloud.link/publink/show?code=kZdGTGZMAbDvJdvlopNIyBzytd8iReYcfP7,https://e.pcloud.link/publink/show?code=XZnGTGZyrQRf70RjiFsqaPRcAlBckrsPN8X,https://e.pcloud.link/publink/show?code=XZkvTGZIn8Tr66KxfhRyhmyUin1IF7yrhOy,https://e.pcloud.link/publink/show?code=XZiGTGZW7Le8Fk5XkjFAOfJbS88W8iDwc5X,https://e.pcloud.link/publink/show?code=XZXvTGZkvjFi038SfkoxcGzM4o834Lfk0Jk,https://e.pcloud.link/publink/show?code=kZCaTGZFOsCGiM6hQ5aVUmioSzPyBFh08bV,https://e.pcloud.link/publink/show?code=XZGaTGZ9I0btVNLeeRNkWxnzzFd4f8kMcIy,https://e.pcloud.link/publink/show?code=XZOaTGZ7DzrxSGCi8YpH93cl3RNUJIWk1mk,https://e.pcloud.link/publink/show?code=XZL3TGZGfw9CYpsvOJ1bprrjQXhP4SDIUMV,https://e.pcloud.link/publink/show?code=XZV3TGZpJ3Xjukz3PmfWx2ONTBk1LxrlDgk,German,https://www.filmdoo.com/films/into-her-own/,14/07/2022,14/07/2022,26/08/2022,"box brazil maybe, mitch, filmhub,  amazon, vimeo - CHECK THIS",n/a,n/a,n/a,n/a,2025 LB Global Media,Box Brazil / FilmDoo / Reveel / MUBI / Release Tracker,
Sunny Side Up,Into Her Own,15,2019,United States,English,https://www.imdb.com/title/tt10256020/?ref_=vp_close,98,2022,"France, Switzerland, Bulgaria, United States, Netherlands","English, Dari, German, Swiss, Persian, French, Bulgarian, Dutch, Turkish",https://www.imdb.com/title/tt21347406/,Drama,"Coming of Age, LGBTQ+",Anna Niebert,Anna Niebert,Anna Niebert,Emily O'Dette - Abby; Shaelan O'Connor - Joe; Mike Singh - HotDog Guy; Kaley Venable - Party Dancer; Sebastian Vignau - Party Dancer; Marcel Oyuela-Bonzani - Party Dancer; Sunmin Inn - Party Dancer; Shanice Hawkins - Party Dancer; Stephanie Haber - Party Dancer; Fernanda Cueto - Party Dancer,What if two girls woke up in the same bed without recognizing each other and by the events of last night discover that they don't even know themselves?,EN,PG-13,Mature themes regarding identity and self-discovery; suggests a night of partying and physical intimacy.,"Swiss Cinema, Drama, Mystery, Identity, Self-Discovery, Coming-of-Age, Friendship, Relationship, Morning After, LGBTQ+, Short Film, Youth",LGBTQ,"Drama, Coming of Age, Romance","Ayla Çekin Satijn, Jessica Barclay Lawton, Plamen Marinov, Jean Rousselot, Sadeq Es-haqi, Anna Niebert, Nicolas Greinacher","Rajko Jazbec, Anna Niebert, Sadeq Es-Haqi, Grégoire Bruno, Snezhina Piskova, Jess Barclay Lawton, Laura Bouwmeester","Ayla Çekin Satijn, Hristo Kanov, Snezhina Piskova, Plamen Marinov, Grégoire Bruno, Laure Vaugeois, Jean Rousselot, Sadeq Es-haqi, Anna Niebert, Nicolas Greinacher","Zehra Göktas, Vesela Babinova, Boryana Bratoeva, Frankie Wallach, Bastien Rochard, Laure Vaugeois, Shabnam Dadkhah, Bahar Shearbafi, Nika Adibi, Shaelan O’Connor, Emily O’Dette, Mithra Zahedi, Mo Ahmadi, Ladina von Frisching, Afsaneh Dehrouyeh",An anthology of short stories from emerging female filmmakers led by girls who find their own way in life.,"A chance meeting at a swimming pool sparks a change in the life and perspective of a young refugee forever, the morning after the night before has two unfamiliar girls questioning how they awoke in the same bed and a beautiful, carefree adventurer disrupts a homebody's monotonous lifestyle. An anthology of short films led by girls who find their own way in life.","English, German",PG-13 (compilation-level),Sexual Content (compilation-level),"lesbian, afghan refugee, switzerland, sexual attraction, swimming pool, burkini, religious family, lesbian crush, group shower, afghan, swimming, refugee, shower, swimsuit, prayer, family relationships, mother daughter relationship, brother sister relationship, dinner, muslim, erotic dream, locker room, friendship, kiss on the cheek, lesbian interest, dream, bicycle, conservative morals, mother slaps her daughter, slapped in the face, fight, crush, bathtub, fantasizing, female female kiss, kissing in a shower, lesbian, morning after, Austria, identity, discovery, LGBTQ+, Lesbian, Teens, Female Lead, French films, Swiss films, Bulgarian films, American films, Dutch films, Short Film Compilation, Female Filmmakers, Swimming Pool, Relationships, Family, Culture, Exclusive FilmDoo Compilation, repressed sexuality, female sexuality, culture clash, queen, self-identity, France, comedy, social experiment, Bulgaria, relationship, identity, choices, drama, non-binary, identity, Australia, documentary, LGBTQ+",Active,Gonella,sales@gonellaproductions.com ,Yes,,14/07/2022,4,14/07/2026,Worldwide,,Worldwide,https://e.pcloud.link/publink/show?code=kZtygGZ8jyhTq0K6SkM3XmhXhjyJFIWxwa7,https://e.pcloud.link/publink/show?code=XZUygGZAjxN50evsSydYxn4AzQEj8Om5lCk,https://e.pcloud.link/publink/show?code=XZ3ygGZsvQ6y3sHjRHUiMc83v3OFjUYHJqV,,https://e.pcloud.link/publink/show?code=XZy7gGZEEG1wwc7ONFRU2VVloDKxB7rq8C7,https://e.pcloud.link/publink/show?code=kZCaTGZFOsCGiM6hQ5aVUmioSzPyBFh08bV,https://www.youtube.com/watch?v=8KPGSmdUZmw,https://e.pcloud.link/publink/show?code=XZOaTGZ7DzrxSGCi8YpH93cl3RNUJIWk1mk,https://e.pcloud.link/publink/show?code=XZL3TGZGfw9CYpsvOJ1bprrjQXhP4SDIUMV,https://e.pcloud.link/publink/show?code=XZV3TGZpJ3Xjukz3PmfWx2ONTBk1LxrlDgk,German,https://www.filmdoo.com/films/into-her-own/,14/07/2022,14/07/2022,26/08/2022,,n/a,n/a,n/a,n/a,2025 LB Global Media,Box Brazil / FilmDoo / Reveel / IMDB / Release Tracker,
Collage,Into Her Own,15,2019,Iran,Persian,https://www.imdb.com/title/tt9714626/,98,2022,"France, Switzerland, Bulgaria, United States, Netherlands","English, Dari, German, Swiss, Persian, French, Bulgarian, Dutch, Turkish",https://www.imdb.com/title/tt21347406/,Drama,,Sadeq Es-haqi,Sadeq Es-Haqi,Sadeq Es-Haqi,Nika Adibi - Sarah; Shabnam Dadkhah - Faranak; Tara Younestabar - Mother,"Sarah, a teenage schoolgirl, faces few challenges with her sexual identity. She cannot express her feelings to her mother, so she decides to leave home forever.",EN,PG-13,"Emotional themes involving sexual identity, family conflict, and a minor running away from home.","British Cinema, Drama, LGBTQ+, Coming-of-Age, Identity, Mother-Daughter, Sexuality, Teenage, Emotional, Family Conflict, Short Film",LGBTQ,"Drama, Coming of Age, Romance","Ayla Çekin Satijn, Jessica Barclay Lawton, Plamen Marinov, Jean Rousselot, Sadeq Es-haqi, Anna Niebert, Nicolas Greinacher","Rajko Jazbec, Anna Niebert, Sadeq Es-Haqi, Grégoire Bruno, Snezhina Piskova, Jess Barclay Lawton, Laura Bouwmeester","Ayla Çekin Satijn, Hristo Kanov, Snezhina Piskova, Plamen Marinov, Grégoire Bruno, Laure Vaugeois, Jean Rousselot, Sadeq Es-haqi, Anna Niebert, Nicolas Greinacher","Zehra Göktas, Vesela Babinova, Boryana Bratoeva, Frankie Wallach, Bastien Rochard, Laure Vaugeois, Shabnam Dadkhah, Bahar Shearbafi, Nika Adibi, Shaelan O’Connor, Emily O’Dette, Mithra Zahedi, Mo Ahmadi, Ladina von Frisching, Afsaneh Dehrouyeh",An anthology of short stories from emerging female filmmakers led by girls who find their own way in life.,"A chance meeting at a swimming pool sparks a change in the life and perspective of a young refugee forever, the morning after the night before has two unfamiliar girls questioning how they awoke in the same bed and a beautiful, carefree adventurer disrupts a homebody's monotonous lifestyle. An anthology of short films led by girls who find their own way in life.","English, German",PG-13 (compilation-level),Sexual Content (compilation-level),"lesbian, afghan refugee, switzerland, sexual attraction, swimming pool, burkini, religious family, lesbian crush, group shower, afghan, swimming, refugee, shower, swimsuit, prayer, family relationships, mother daughter relationship, brother sister relationship, dinner, muslim, erotic dream, locker room, friendship, kiss on the cheek, lesbian interest, dream, bicycle, conservative morals, mother slaps her daughter, slapped in the face, fight, crush, bathtub, fantasizing, female female kiss, kissing in a shower, lesbian, morning after, Austria, identity, discovery, LGBTQ+, Lesbian, Teens, Female Lead, French films, Swiss films, Bulgarian films, American films, Dutch films, Short Film Compilation, Female Filmmakers, Swimming Pool, Relationships, Family, Culture, Exclusive FilmDoo Compilation, repressed sexuality, female sexuality, culture clash, queen, self-identity, France, comedy, social experiment, Bulgaria, relationship, identity, choices, drama, non-binary, identity, Australia, documentary, LGBTQ+",Active,Gonella,sales@gonellaproductions.com ,Yes,,14/07/2022,4,14/07/2026,Worldwide,,Worldwide,https://e.pcloud.link/publink/show?code=kZoVgGZYTbSjScIUI5TvHQGkAYU2VEBKBOy,https://e.pcloud.link/publink/show?code=XZX0gGZp8gGeYMbzQyRPrtxgJoW2VoHFohV,https://e.pcloud.link/publink/show?code=XZF0gGZn0PuFKvH2JQn03zotIgii7d294S7,,https://e.pcloud.link/publink/show?code=XZH0gGZNlwPVed7MTm9z6B4huTn8S9oDnX7,https://e.pcloud.link/publink/show?code=kZCaTGZFOsCGiM6hQ5aVUmioSzPyBFh08bV,https://www.youtube.com/watch?v=8KPGSmdUZmw,https://e.pcloud.link/publink/show?code=XZOaTGZ7DzrxSGCi8YpH93cl3RNUJIWk1mk,https://e.pcloud.link/publink/show?code=XZL3TGZGfw9CYpsvOJ1bprrjQXhP4SDIUMV,https://e.pcloud.link/publink/show?code=XZV3TGZpJ3Xjukz3PmfWx2ONTBk1LxrlDgk,German,https://www.filmdoo.com/films/into-her-own/,14/07/2022,14/07/2022,26/08/2022,,n/a,n/a,n/a,n/a,2025 LB Global Media,Box Brazil / FilmDoo / Reveel / IMDB / Release Tracker,
Queen Emma,Into Her Own,13,2019,France,French,,98,2022,"France, Switzerland, Bulgaria, United States, Netherlands","English, Dari, German, Swiss, Persian, French, Bulgarian, Dutch, Turkish",https://www.imdb.com/title/tt21347406/,Comedy,Drama,Jean Rousselot,Grégoire Bruno,Jean Rousselot; Laure Vaugeois; Grégoire Bruno,Laure Vaugeois - Emma; Frankie Wallach; Bastien Rochard; Vincent Aguesse; Laurence de Rose; Kimberly Clark; Freya Danza; Grégoire Bruno,"Emma, a single 24-year-old waitress, is often bullied by her entourage. She only finds confidence in herself when she is with her imaginary friend, Queen Margrethe of Denmark. Emma's life changes one day when she finds a crown.",EN,PG-13,"Emotional themes involving bullying, social isolation, and psychological struggles with self-confidence.","Swiss Cinema, Danish Cinema, Drama, Coming-of-Age, Bullying, Self-Confidence, Imaginary Friend, Royalty, Waitress, Identity, Whimsical, Short Film",LGBTQ,"Drama, Coming of Age, Romance","Ayla Çekin Satijn, Jessica Barclay Lawton, Plamen Marinov, Jean Rousselot, Sadeq Es-haqi, Anna Niebert, Nicolas Greinacher","Rajko Jazbec, Anna Niebert, Sadeq Es-Haqi, Grégoire Bruno, Snezhina Piskova, Jess Barclay Lawton, Laura Bouwmeester","Ayla Çekin Satijn, Hristo Kanov, Snezhina Piskova, Plamen Marinov, Grégoire Bruno, Laure Vaugeois, Jean Rousselot, Sadeq Es-haqi, Anna Niebert, Nicolas Greinacher","Zehra Göktas, Vesela Babinova, Boryana Bratoeva, Frankie Wallach, Bastien Rochard, Laure Vaugeois, Shabnam Dadkhah, Bahar Shearbafi, Nika Adibi, Shaelan O’Connor, Emily O’Dette, Mithra Zahedi, Mo Ahmadi, Ladina von Frisching, Afsaneh Dehrouyeh",An anthology of short stories from emerging female filmmakers led by girls who find their own way in life.,"A chance meeting at a swimming pool sparks a change in the life and perspective of a young refugee forever, the morning after the night before has two unfamiliar girls questioning how they awoke in the same bed and a beautiful, carefree adventurer disrupts a homebody's monotonous lifestyle. An anthology of short films led by girls who find their own way in life.","English, German",PG-13 (compilation-level),Sexual Content (compilation-level),"lesbian, afghan refugee, switzerland, sexual attraction, swimming pool, burkini, religious family, lesbian crush, group shower, afghan, swimming, refugee, shower, swimsuit, prayer, family relationships, mother daughter relationship, brother sister relationship, dinner, muslim, erotic dream, locker room, friendship, kiss on the cheek, lesbian interest, dream, bicycle, conservative morals, mother slaps her daughter, slapped in the face, fight, crush, bathtub, fantasizing, female female kiss, kissing in a shower, lesbian, morning after, Austria, identity, discovery, LGBTQ+, Lesbian, Teens, Female Lead, French films, Swiss films, Bulgarian films, American films, Dutch films, Short Film Compilation, Female Filmmakers, Swimming Pool, Relationships, Family, Culture, Exclusive FilmDoo Compilation, repressed sexuality, female sexuality, culture clash, queen, self-identity, France, comedy, social experiment, Bulgaria, relationship, identity, choices, drama, non-binary, identity, Australia, documentary, LGBTQ+",Active,Gonella,sales@gonellaproductions.com ,Yes,,14/07/2022,4,14/07/2026,Worldwide,,Worldwide,https://e.pcloud.link/publink/show?code=kZJ5gGZ3ITTiqtl4bf5QE1stVidc7OL1Ls7,https://e.pcloud.link/publink/show?code=XZh5gGZBT93bibUYUm0Pqsy0T5txjs1LLDV,https://e.pcloud.link/publink/show?code=XZL5gGZ7G2Js6GJdBLRcDRxTwQq9fnggTEy,,https://e.pcloud.link/publink/show?code=XZz5gGZwTT2NvIB5f8349MATp7xu726V2jk,https://e.pcloud.link/publink/show?code=kZCaTGZFOsCGiM6hQ5aVUmioSzPyBFh08bV,https://www.youtube.com/watch?v=8KPGSmdUZmw,https://e.pcloud.link/publink/show?code=XZOaTGZ7DzrxSGCi8YpH93cl3RNUJIWk1mk,https://e.pcloud.link/publink/show?code=XZL3TGZGfw9CYpsvOJ1bprrjQXhP4SDIUMV,https://e.pcloud.link/publink/show?code=XZV3TGZpJ3Xjukz3PmfWx2ONTBk1LxrlDgk,German,https://www.filmdoo.com/films/into-her-own/,14/07/2022,14/07/2022,26/08/2022,,n/a,n/a,n/a,n/a,2025 LB Global Media,Box Brazil / FilmDoo / Reveel / Rotten Tomatoes / Release Tracker,
"Love, Paper, Scissors",Into Her Own,22,2019,"Bulgaria, Netherlands",Bulgarian,https://www.imdb.com/title/tt10656068/,98,2022,"France, Switzerland, Bulgaria, United States, Netherlands","English, Dari, German, Swiss, Persian, French, Bulgarian, Dutch, Turkish",https://www.imdb.com/title/tt21347406/,Drama,Romance,Plamen Marinov,Snezhina Piskova (producer); Dimitar Dimitrov (co-producer); Hristo Kanov (co-producer); Branimir Miladinov (co-producer),Hristo Kanov (writer); Plamen Marinov (writer); Snezhina Piskova (writer); Hristina Asenova (based on),Vesela Babinova - Elena; Boryana Bratoeva - Laura,"Laura is a shy girl who refuses to see other people and never leaves her home where she makes origami all day long. All of a sudden, she crashes on Elena - an adventurer and a traveler that never stays in one place for too long. Will the two have the courage to escape from their comfort zone and build a serious relationship?","EN, ES",PG,"Emotional themes regarding social anxiety and isolation; depicts a gentle, developing romantic relationship.","Danish Cinema, Romance, Drama, Origami, Social Anxiety, Introvert, Connection, Self-Discovery, Emotional, Relationship, Art, Short Film",LGBTQ,"Drama, Coming of Age, Romance","Ayla Çekin Satijn, Jessica Barclay Lawton, Plamen Marinov, Jean Rousselot, Sadeq Es-haqi, Anna Niebert, Nicolas Greinacher","Rajko Jazbec, Anna Niebert, Sadeq Es-Haqi, Grégoire Bruno, Snezhina Piskova, Jess Barclay Lawton, Laura Bouwmeester","Ayla Çekin Satijn, Hristo Kanov, Snezhina Piskova, Plamen Marinov, Grégoire Bruno, Laure Vaugeois, Jean Rousselot, Sadeq Es-haqi, Anna Niebert, Nicolas Greinacher","Zehra Göktas, Vesela Babinova, Boryana Bratoeva, Frankie Wallach, Bastien Rochard, Laure Vaugeois, Shabnam Dadkhah, Bahar Shearbafi, Nika Adibi, Shaelan O’Connor, Emily O’Dette, Mithra Zahedi, Mo Ahmadi, Ladina von Frisching, Afsaneh Dehrouyeh",An anthology of short stories from emerging female filmmakers led by girls who find their own way in life.,"A chance meeting at a swimming pool sparks a change in the life and perspective of a young refugee forever, the morning after the night before has two unfamiliar girls questioning how they awoke in the same bed and a beautiful, carefree adventurer disrupts a homebody's monotonous lifestyle. An anthology of short films led by girls who find their own way in life.","English, German",PG-13 (compilation-level),Sexual Content (compilation-level),"lesbian, afghan refugee, switzerland, sexual attraction, swimming pool, burkini, religious family, lesbian crush, group shower, afghan, swimming, refugee, shower, swimsuit, prayer, family relationships, mother daughter relationship, brother sister relationship, dinner, muslim, erotic dream, locker room, friendship, kiss on the cheek, lesbian interest, dream, bicycle, conservative morals, mother slaps her daughter, slapped in the face, fight, crush, bathtub, fantasizing, female female kiss, kissing in a shower, lesbian, morning after, Austria, identity, discovery, LGBTQ+, Lesbian, Teens, Female Lead, French films, Swiss films, Bulgarian films, American films, Dutch films, Short Film Compilation, Female Filmmakers, Swimming Pool, Relationships, Family, Culture, Exclusive FilmDoo Compilation, repressed sexuality, female sexuality, culture clash, queen, self-identity, France, comedy, social experiment, Bulgaria, relationship, identity, choices, drama, non-binary, identity, Australia, documentary, LGBTQ+",Active,Gonella,sales@gonellaproductions.com ,Yes,,14/07/2022,4,14/07/2026,Worldwide,,Worldwide,https://e.pcloud.link/publink/show?code=kZuJgGZp55CaMYFiJVPwQy53OQbjhl4GrBV,https://e.pcloud.link/publink/show?code=XZQJgGZ6lRLCJe9Lxu3Q5pbmvY6VSNY5wAX,https://e.pcloud.link/publink/show?code=XZmJgGZozUgS8n338hYwCMJIFMQojWtvhDy,https://e.pcloud.link/publink/show?code=XZHJgGZm3sojDe8ui0VhASws3fbpLoAPJ5X,https://e.pcloud.link/publink/show?code=XZDJgGZVB7jfMFfegSxjkT3bvv9xQXLCj5k,https://e.pcloud.link/publink/show?code=kZCaTGZFOsCGiM6hQ5aVUmioSzPyBFh08bV,https://www.youtube.com/watch?v=8KPGSmdUZmw,https://e.pcloud.link/publink/show?code=XZOaTGZ7DzrxSGCi8YpH93cl3RNUJIWk1mk,https://e.pcloud.link/publink/show?code=XZL3TGZGfw9CYpsvOJ1bprrjQXhP4SDIUMV,https://e.pcloud.link/publink/show?code=XZV3TGZpJ3Xjukz3PmfWx2ONTBk1LxrlDgk,German,https://www.filmdoo.com/films/into-her-own/,14/07/2022,14/07/2022,26/08/2022,,n/a,n/a,n/a,n/a,2025 LB Global Media,Box Brazil / FilmDoo / Reveel / IMDB / Release Tracker,
Zef,Into Her Own,14,2020,Australia,English,https://www.imdb.com/title/tt13484762/?ref_=ttfc_ov_bk,98,2022,"France, Switzerland, Bulgaria, United States, Netherlands","English, Dari, German, Swiss, Persian, French, Bulgarian, Dutch, Turkish",https://www.imdb.com/title/tt21347406/,Documentary,,Jessica Barclay Lawton,Jess Barclay Lawton,Jess Barclay Lawton,Phynn Macfarlane - Self; Tanieka McPhee - Self; Alex Nash - Self; Zef Valdes - Self,"ZEF follows a 21-year-old, genderqueer, skimpy bar worker through a collage of moments, sensations and memories; exploring gender, love and sexuality. An unfiltered snapshot of our desire for intimacy in its oscillating forms.",EN,R,"Mature themes involving sexuality, gender identity, and depictions of adult nightlife and skimpy bar work.","Australian Cinema, Drama, LGBTQ+, Genderqueer, Non-Binary, Sexuality, Intimacy, Nightlife, Identity, Experimental, Relationship, Short Film",LGBTQ,"Drama, Coming of Age, Romance","Ayla Çekin Satijn, Jessica Barclay Lawton, Plamen Marinov, Jean Rousselot, Sadeq Es-haqi, Anna Niebert, Nicolas Greinacher","Rajko Jazbec, Anna Niebert, Sadeq Es-Haqi, Grégoire Bruno, Snezhina Piskova, Jess Barclay Lawton, Laura Bouwmeester","Ayla Çekin Satijn, Hristo Kanov, Snezhina Piskova, Plamen Marinov, Grégoire Bruno, Laure Vaugeois, Jean Rousselot, Sadeq Es-haqi, Anna Niebert, Nicolas Greinacher","Zehra Göktas, Vesela Babinova, Boryana Bratoeva, Frankie Wallach, Bastien Rochard, Laure Vaugeois, Shabnam Dadkhah, Bahar Shearbafi, Nika Adibi, Shaelan O’Connor, Emily O’Dette, Mithra Zahedi, Mo Ahmadi, Ladina von Frisching, Afsaneh Dehrouyeh",An anthology of short stories from emerging female filmmakers led by girls who find their own way in life.,"A chance meeting at a swimming pool sparks a change in the life and perspective of a young refugee forever, the morning after the night before has two unfamiliar girls questioning how they awoke in the same bed and a beautiful, carefree adventurer disrupts a homebody's monotonous lifestyle. An anthology of short films led by girls who find their own way in life.","English, German",PG-13 (compilation-level),Sexual Content (compilation-level),"lesbian, afghan refugee, switzerland, sexual attraction, swimming pool, burkini, religious family, lesbian crush, group shower, afghan, swimming, refugee, shower, swimsuit, prayer, family relationships, mother daughter relationship, brother sister relationship, dinner, muslim, erotic dream, locker room, friendship, kiss on the cheek, lesbian interest, dream, bicycle, conservative morals, mother slaps her daughter, slapped in the face, fight, crush, bathtub, fantasizing, female female kiss, kissing in a shower, lesbian, morning after, Austria, identity, discovery, LGBTQ+, Lesbian, Teens, Female Lead, French films, Swiss films, Bulgarian films, American films, Dutch films, Short Film Compilation, Female Filmmakers, Swimming Pool, Relationships, Family, Culture, Exclusive FilmDoo Compilation, repressed sexuality, female sexuality, culture clash, queen, self-identity, France, comedy, social experiment, Bulgaria, relationship, identity, choices, drama, non-binary, identity, Australia, documentary, LGBTQ+, Turkish wedding, friendship, Netherlands, cultural heritage, sisterhood",Active,Gonella,sales@gonellaproductions.com ,Yes,,14/07/2022,4,14/07/2026,Worldwide,,Worldwide,https://e.pcloud.link/publink/show?code=kZOFgGZNsh4RrHRwzbcWMjhGFu4fzVN4yJk,https://e.pcloud.link/publink/show?code=XZrFgGZOwiUSWAV7Vmw2CE1a7ITNLcqYGGk,https://e.pcloud.link/publink/show?code=XZVpgGZJDDu2aHiUL7SprH3wHqWhp1002hk,https://e.pcloud.link/publink/show?code=XZIFgGZpLDAMH4pWuXarMCKCh17gJHqdYBV,https://e.pcloud.link/publink/show?code=XZVpgGZJDDu2aHiUL7SprH3wHqWhp1002hk,https://e.pcloud.link/publink/show?code=kZCaTGZFOsCGiM6hQ5aVUmioSzPyBFh08bV,https://www.youtube.com/watch?v=8KPGSmdUZmw,https://e.pcloud.link/publink/show?code=XZOaTGZ7DzrxSGCi8YpH93cl3RNUJIWk1mk,https://e.pcloud.link/publink/show?code=XZL3TGZGfw9CYpsvOJ1bprrjQXhP4SDIUMV,https://e.pcloud.link/publink/show?code=XZV3TGZpJ3Xjukz3PmfWx2ONTBk1LxrlDgk,German,https://www.filmdoo.com/films/into-her-own/,14/07/2022,14/07/2022,26/08/2022,,n/a,n/a,n/a,n/a,2025 LB Global Media,Box Brazil / FilmDoo / Reveel / IMDB / Release Tracker,
Bes,Into Her Own,7,2021,Netherlands,Turkish,https://www.imdb.com/title/tt15478164/,98,2022,"France, Switzerland, Bulgaria, United States, Netherlands","English, Dari, German, Swiss, Persian, French, Bulgarian, Dutch, Turkish",https://www.imdb.com/title/tt21347406/,Drama,,Ayla Çekin Satijn,Laura Bouwmeester (producer); Hanneke Niens (producer); Sacha Gertsik (co-producer),Ayla Çekin Satijn,Eda Akova - Irem; Deniz Campinar - Izel; Yeliz Dogan - Sevim; Zehra Göktas - Asli; Serin Utlu - Dilar; Alkan Çöklü - Groom; Oya Capelle Karsman - Mother Irem,"When a young woman returns to her native village to attend a childhood friend's traditional Turkish wedding, she is afraid she will not be accepted. But when, in this short drama, she reunites with her four friends from bygone years, she discovers she is not free of prejudice either.",EN,PG,"Emotional themes regarding social prejudice, cultural identity, and the complexities of traditional family and community values.","German Cinema, Turkish Culture, Drama, Identity, Reunion, Prejudice, Tradition, Wedding, Female Friendship, Immigrant Experience, Cultural Conflict, Short Film",LGBTQ,"Drama, Coming of Age, Romance","Ayla Çekin Satijn, Jessica Barclay Lawton, Plamen Marinov, Jean Rousselot, Sadeq Es-haqi, Anna Niebert, Nicolas Greinacher","Rajko Jazbec, Anna Niebert, Sadeq Es-Haqi, Grégoire Bruno, Snezhina Piskova, Jess Barclay Lawton, Laura Bouwmeester","Ayla Çekin Satijn, Hristo Kanov, Snezhina Piskova, Plamen Marinov, Grégoire Bruno, Laure Vaugeois, Jean Rousselot, Sadeq Es-haqi, Anna Niebert, Nicolas Greinacher","Zehra Göktas, Vesela Babinova, Boryana Bratoeva, Frankie Wallach, Bastien Rochard, Laure Vaugeois, Shabnam Dadkhah, Bahar Shearbafi, Nika Adibi, Shaelan O’Connor, Emily O’Dette, Mithra Zahedi, Mo Ahmadi, Ladina von Frisching, Afsaneh Dehrouyeh",An anthology of short stories from emerging female filmmakers led by girls who find their own way in life.,"A chance meeting at a swimming pool sparks a change in the life and perspective of a young refugee forever, the morning after the night before has two unfamiliar girls questioning how they awoke in the same bed and a beautiful, carefree adventurer disrupts a homebody's monotonous lifestyle. An anthology of short films led by girls who find their own way in life.","English, German",PG-13 (compilation-level),Sexual Content (compilation-level),"Turkish wedding, friendship, Netherlands, cultural heritage, sisterhood",Active,Gonella,sales@gonellaproductions.com ,Yes,,14/07/2022,4,14/07/2026,Worldwide,,Worldwide,https://e.pcloud.link/publink/show?code=kZrpgGZ2LIa5W7GeBLjWJAapKC7BSF88kzX,https://e.pcloud.link/publink/show?code=XZFHgGZexlNOSTyBTHXbbYWqvV7SHXqHH37,https://e.pcloud.link/publink/show?code=XZ4HgGZvFies9qFvPmhnmR2PsVtRRY0sQ3V,https://e.pcloud.link/publink/show?code=XZkHgGZDYT8Grcix5fBqgm7dvkHK4GtdhFV,https://e.pcloud.link/publink/show?code=XZbHgGZiO6nWiBzEYheSOQDp38fYy0gVddV,https://e.pcloud.link/publink/show?code=kZCaTGZFOsCGiM6hQ5aVUmioSzPyBFh08bV,https://www.youtube.com/watch?v=8KPGSmdUZmw,https://e.pcloud.link/publink/show?code=XZOaTGZ7DzrxSGCi8YpH93cl3RNUJIWk1mk,https://e.pcloud.link/publink/show?code=XZL3TGZGfw9CYpsvOJ1bprrjQXhP4SDIUMV,https://e.pcloud.link/publink/show?code=XZV3TGZpJ3Xjukz3PmfWx2ONTBk1LxrlDgk,German,https://www.filmdoo.com/films/into-her-own/,14/07/2022,14/07/2022,26/08/2022,,n/a,n/a,n/a,n/a,2025 LB Global Media,Box Brazil / FilmDoo / Reveel / IMDB / Release Tracker,
Mai,At First Glance,7,2017,Spain,"Spanish, Catalan",https://www.imdb.com/title/tt6512842/,92,2022,"Spain, Australia, Norway, Germany, Italy","English, Spanish, French, Italian, Catalan, Norwegian",https://www.imdb.com/title/tt22174572/,Drama,Mystery,Marta González Gallego,Marta González Gallego (executive producer); Joel Roure (executive producer),Marta González Gallego,Aida Flix - Mysterious Girl 1; Aida Qui - Mysterious Girl 2; Maria Pijoan - Mari; Olga Masot - Carmeta; Marisol Lavín - Pilar; Franses de Dios - Farmer,"Old women sitting on a bench gossiping about some younger women, passing judgment, is interspersed with scenes of two young women very much in love.","EN, ES, FR",PG-13,Themes of social judgment and prejudice; depicts physical intimacy and romantic affection between two women.,"Spanish Cinema, Drama, LGBTQ+, Romance, Lesbian, Generation Gap, Gossip, Prejudice, Social Commentary, Village Life, Identity, Short Film",LGBTQ,"Drama, Romance","Arnaud Lalanne, Ida H. Eldøen, Shanu Sharma, Sophie Saville, Fabrizio Benvenuto, Julie Robert, Marta González De La Vega","Marta González Gallego, Amy Dowd, Fabrizio Benvenuto, Rowan Devereux, Shanu Sharma, Ida Hansen Eldøen, Arnaud Lalanne","Marta González Gallego, Maëva Poupard, Fabrizio Benvenuto, Rowan Devereux, Shanu Sharma, Ida Hansen Eldøen","Anne Kristine Olden, Siri Farstad, Udita Bhargava, Alice Pagotto, Marina Crialesi, Stella Egitto, Doriane Louisy Louis-Joseph, Lou Howard, Aida Qui, Aida Flix",An anthology of female-focused shorts where things are rarely as they first seem.,"An anxious girl tries to figure out whether or not she's on a first date with a woman she met at a party, the arrival and love story of a beautiful young couple stumps the older local villagers in a small part of Spain, and a bored woman returns to the lake she used to holiday at as a child, to discover someone has been there waiting for her return. An anthology of female-focused shorts where things are rarely as they first seem.","English, German",R        ,Sexual Content,"LGBTQ+, Lesbian, Spanish films, Australian films, Norwegian films, German films, Italian films, Short Film Compilation, Female Filmmakers, Relationships, Dating, Animation, Rural",Active,Gonella,sales@gonellaproductions.com ,Yes,,19/09/2022,4,19/09/2026,Worldwide,,Worldwide,https://e.pcloud.link/publink/show?code=kZyfgGZc3gmqhA6GvmjT0ltST3Ox7ERmmQ7,https://e.pcloud.link/publink/show?code=XZzfgGZq945JiQqIzzUplMl6f6t3F2w7hU7,https://e.pcloud.link/publink/show?code=XZffgGZnt3Vr0nvSFXIqvG9rVRTphE4vYSy,https://e.pcloud.link/publink/show?code=XZWfgGZKVorYdSkdNXcoHKcYKcAN0A0XI9V,https://e.pcloud.link/publink/show?code=XZBfgGZYUIqA0fREoYp6BRCBk60rjc8MlPX,https://e.pcloud.link/publink/show?code=kZ4ugGZ0LfnAifE3kRyRB0S1eHjyuvDH7KX,https://www.youtube.com/watch?v=YRm70W_07eo,https://e.pcloud.link/publink/show?code=XZsugGZHwDl5iFmig4eNqjrRpJhbk8rt1pk,https://e.pcloud.link/publink/show?code=XZDugGZeRO7FCiJLqBbUMGp9eYWOmxFyGp7,https://e.pcloud.link/publink/show?code=XZeugGZ53Cl09dfs2FGqxA43SeutmQySrjX,German,https://www.filmdoo.com/films/at-first-glance,20/09/2022,20/09/2022,19/09/2022,,https://www.amazon.com/gp/video/detail/B0B8TK9NX6,https://www.amazon.co.uk/gp/video/detail/B0B8TH1PTS,https://tubitv.com/movies/100033787/at-first-glance,https://fawesome.tv/movies/10684543/at-first-glance,2025 LB Global Media,Box Brazil / FilmDoo / Reveel / IMDB / Release Tracker,
Each and Every Night,At First Glance,12,2020,"France, United Kingdom",French,https://www.imdb.com/title/tt13127836/?ref_=ttfc_ov_bk,92,2022,"Spain, Australia, Norway, Germany, Italy","English, Spanish, French, Italian, Catalan, Norwegian",https://www.imdb.com/title/tt22174572/,Animation,Romance,Julie Robert,Amy Dowd (executive producer: WDW); Elisabeth Hopper (executive producer: WDW); Claire Maillard (executive producer: Slot Machine); Marianne Slot (executive producer: Slot Machine); Céline Le Thérisien (line producer),Maëva Poupard (written by); Julie Robert (based on a story by); Céline Le Thérisien (based on a story by),Lou Howard - Maud (voice); Doriane Louisy Louis-Joseph - Léa (voice),"Since childhood, Lea has seen a ghostly deer loom about her. Now in a relationship with Maud, her visions are getting worse. How can she prove to her girlfriend, and to herself, that this is a real problem to be dealt with?",EN,PG-13,Supernatural themes and psychological tension; depicts the emotional strain of mental visions and relationship conflict.,"French Cinema, Drama, Supernatural, LGBTQ+, Ghost, Mental Health, Metaphorical, Relationship, Visions, Mystery, Romance, Short Film",LGBTQ,"Drama, Romance","Arnaud Lalanne, Ida H. Eldøen, Shanu Sharma, Sophie Saville, Fabrizio Benvenuto, Julie Robert, Marta González De La Vega","Marta González Gallego, Amy Dowd, Fabrizio Benvenuto, Rowan Devereux, Shanu Sharma, Ida Hansen Eldøen, Arnaud Lalanne","Marta González Gallego, Maëva Poupard, Fabrizio Benvenuto, Rowan Devereux, Shanu Sharma, Ida Hansen Eldøen","Anne Kristine Olden, Siri Farstad, Udita Bhargava, Alice Pagotto, Marina Crialesi, Stella Egitto, Doriane Louisy Louis-Joseph, Lou Howard, Aida Qui, Aida Flix",An anthology of female-focused shorts where things are rarely as they first seem.,"An anxious girl tries to figure out whether or not she's on a first date with a woman she met at a party, the arrival and love story of a beautiful young couple stumps the older local villagers in a small part of Spain, and a bored woman returns to the lake she used to holiday at as a child, to discover someone has been there waiting for her return. An anthology of female-focused shorts where things are rarely as they first seem.","English, German",R        ,Sexual Content,"LGBTQ+, Lesbian, Spanish films, Australian films, Norwegian films, German films, Italian films, Short Film Compilation, Female Filmmakers, Relationships, Dating, Animation, Rural",Active,Gonella,sales@gonellaproductions.com ,Yes,,19/09/2022,4,19/09/2026,Worldwide,,Worldwide,https://e.pcloud.link/publink/show?code=kZ0WgGZBME884bsbfYWO9QntVwm3YoPJpbX,https://e.pcloud.link/publink/show?code=XZJWgGZFx85zrUTyxzIEHVLF2Adv0X34s97,https://e.pcloud.link/publink/show?code=XZHWgGZNnth82faPny1xDKzv85JeJEq9jLX,,https://e.pcloud.link/publink/show?code=XZFWgGZupQlVBleKlSe7MaJr9QceJwDbJeX,https://e.pcloud.link/publink/show?code=kZ4ugGZ0LfnAifE3kRyRB0S1eHjyuvDH7KX,https://www.youtube.com/watch?v=YRm70W_07eo,https://e.pcloud.link/publink/show?code=XZsugGZHwDl5iFmig4eNqjrRpJhbk8rt1pk,https://e.pcloud.link/publink/show?code=XZDugGZeRO7FCiJLqBbUMGp9eYWOmxFyGp7,https://e.pcloud.link/publink/show?code=XZeugGZ53Cl09dfs2FGqxA43SeutmQySrjX,German,https://www.filmdoo.com/films/at-first-glance,20/09/2022,20/09/2022,19/09/2022,,https://www.amazon.com/gp/video/detail/B0B8TK9NX6,https://www.amazon.co.uk/gp/video/detail/B0B8TH1PTS,https://tubitv.com/movies/100033787/at-first-glance,https://fawesome.tv/movies/10684543/at-first-glance,2025 LB Global Media,Box Brazil / FilmDoo / Reveel / IMDB / Release Tracker,
Sottovoce ,At First Glance,29,2017,Italy,Italian,,92,2022,"Spain, Australia, Norway, Germany, Italy","English, Spanish, French, Italian, Catalan, Norwegian",https://www.imdb.com/title/tt22174572/,Drama,"LGBTQ, Romance",Fabrizio Benvenuto,Fabrizio Benvenuto,Fabrizio Benvenuto,Stella Egitto; Marina Crialesi; Titti Cerrone; Alice Pagotto; Nicole Sposini; Vittoria Pucchiarelli; Antonio Trebisonda; Vincenzo Iantorno,"Anna is fed up with the flatness of the city and decides to take a journey back in time. She convinces two of her colleagues to go with her to the place where she used to spend every summer since she was a child: Sibari Lakes.
",EN,PG-13,"Mature themes regarding personal reflection, complex emotional bonds, and the exploration of boundaries.","Italian Cinema, Drama, LGBTQ+, Mystery, Nostalgia, Sibari Lakes, Identity, Connection, Self-Discovery, Summer, Relationship, Short Film",LGBTQ,"Drama, Romance","Arnaud Lalanne, Ida H. Eldøen, Shanu Sharma, Sophie Saville, Fabrizio Benvenuto, Julie Robert, Marta González De La Vega","Marta González Gallego, Amy Dowd, Fabrizio Benvenuto, Rowan Devereux, Shanu Sharma, Ida Hansen Eldøen, Arnaud Lalanne","Marta González Gallego, Maëva Poupard, Fabrizio Benvenuto, Rowan Devereux, Shanu Sharma, Ida Hansen Eldøen","Anne Kristine Olden, Siri Farstad, Udita Bhargava, Alice Pagotto, Marina Crialesi, Stella Egitto, Doriane Louisy Louis-Joseph, Lou Howard, Aida Qui, Aida Flix",An anthology of female-focused shorts where things are rarely as they first seem.,"An anxious girl tries to figure out whether or not she's on a first date with a woman she met at a party, the arrival and love story of a beautiful young couple stumps the older local villagers in a small part of Spain, and a bored woman returns to the lake she used to holiday at as a child, to discover someone has been there waiting for her return. An anthology of female-focused shorts where things are rarely as they first seem.","English, German",R        ,Sexual Content,"LGBTQ+, Lesbian, Spanish films, Australian films, Norwegian films, German films, Italian films, Short Film Compilation, Female Filmmakers, Relationships, Dating, Animation, Rural",Active,Gonella,sales@gonellaproductions.com ,Yes,,19/09/2022,4,19/09/2026,Worldwide,,Worldwide,https://e.pcloud.link/publink/show?code=kZ3sgGZnUx24VJYqLyGWmAof3NAIH9UeDJk,https://e.pcloud.link/publink/show?code=XZpsgGZyNuq3qcRJKYTdEEplcEJtmQXtKfV,https://e.pcloud.link/publink/show?code=XZvsgGZm7pMjK0gE9V7OChTVpOTW7Tldlty,https://e.pcloud.link/publink/show?code=XZosgGZGTJc9l2mI5yN7zKGqxG7DuTMYeXk,https://e.pcloud.link/publink/show?code=XZisgGZPpX9HGipyobJJAMOQ9vsELmDQ4sk,https://e.pcloud.link/publink/show?code=kZ4ugGZ0LfnAifE3kRyRB0S1eHjyuvDH7KX,https://www.youtube.com/watch?v=YRm70W_07eo,https://e.pcloud.link/publink/show?code=XZsugGZHwDl5iFmig4eNqjrRpJhbk8rt1pk,https://e.pcloud.link/publink/show?code=XZDugGZeRO7FCiJLqBbUMGp9eYWOmxFyGp7,https://e.pcloud.link/publink/show?code=XZeugGZ53Cl09dfs2FGqxA43SeutmQySrjX,German,https://www.filmdoo.com/films/at-first-glance,20/09/2022,20/09/2022,19/09/2022,,https://www.amazon.com/gp/video/detail/B0B8TK9NX6,https://www.amazon.co.uk/gp/video/detail/B0B8TH1PTS,https://tubitv.com/movies/100033787/at-first-glance,https://fawesome.tv/movies/10684543/at-first-glance,2025 LB Global Media,Box Brazil / FilmDoo / Reveel / Rotten Tomatoes / Release Tracker,
Peach,At First Glance,8,2020,Australia,English,https://www.imdb.com/title/tt11957868/,92,2022,"Spain, Australia, Norway, Germany, Italy","English, Spanish, French, Italian, Catalan, Norwegian",https://www.imdb.com/title/tt22174572/,Comedy,LGBTQ+ / Romance,Rowan Devereux (co-director); Sophie Saville (co-director),Rowan Devereux (producer); Sophie Saville (producer),Rowan Devereux (co-writer); Sophie Saville (co-writer),Rose Haining - Sarah; Eleanore Knox - Peach; Amanda Maple-Brown - Jennifer; Julien Perrottet - Party Person; Kelly Joy McNamara - Party Person; Will Suen - Party Person; Shuang Wu - Party Person; Courtney Covey - Party Person; Susanne Grosin - Party Person; Brendan Hancock - Party Person,A socially anxious young woman lands a hot date. There's only one problem: she's not sure if it's actually a date.,EN,PG,Mild coarse language and themes of social anxiety; depicts light romantic tension and millennial dating culture.,"Australia, LGBTQ+, lesbian, party, social anxiety, connection",LGBTQ,"Drama, Romance","Arnaud Lalanne, Ida H. Eldøen, Shanu Sharma, Sophie Saville, Fabrizio Benvenuto, Julie Robert, Marta González De La Vega","Marta González Gallego, Amy Dowd, Fabrizio Benvenuto, Rowan Devereux, Shanu Sharma, Ida Hansen Eldøen, Arnaud Lalanne","Marta González Gallego, Maëva Poupard, Fabrizio Benvenuto, Rowan Devereux, Shanu Sharma, Ida Hansen Eldøen","Anne Kristine Olden, Siri Farstad, Udita Bhargava, Alice Pagotto, Marina Crialesi, Stella Egitto, Doriane Louisy Louis-Joseph, Lou Howard, Aida Qui, Aida Flix",An anthology of female-focused shorts where things are rarely as they first seem.,"An anxious girl tries to figure out whether or not she's on a first date with a woman she met at a party, the arrival and love story of a beautiful young couple stumps the older local villagers in a small part of Spain, and a bored woman returns to the lake she used to holiday at as a child, to discover someone has been there waiting for her return. An anthology of female-focused shorts where things are rarely as they first seem.","English, German",R        ,Sexual Content,"LGBTQ+, Lesbian, Spanish films, Australian films, Norwegian films, German films, Italian films, Short Film Compilation, Female Filmmakers, Relationships, Dating, Animation, Rural",Active,Gonella,sales@gonellaproductions.com ,Yes,,19/09/2022,4,19/09/2026,Worldwide,,Worldwide,https://e.pcloud.link/publink/show?code=kZY6gGZh8wYQjS7oChWgxQpBy6lRk02oQtk,https://e.pcloud.link/publink/show?code=XZB6gGZujwqLdhjDSzhdAQy3d48C7VbsXXy,https://e.pcloud.link/publink/show?code=XZD6gGZrDJtG6R3gjHrJPqdRJQObb7Q1TCX,https://e.pcloud.link/publink/show?code=XZh6gGZbSNmrF3cmrj4KYKA0HovtXYtd2hX,https://e.pcloud.link/publink/show?code=XZM6gGZaseEcmud8JHUH8LsQGGpS5iJpmUV,https://e.pcloud.link/publink/show?code=kZ4ugGZ0LfnAifE3kRyRB0S1eHjyuvDH7KX,https://www.youtube.com/watch?v=YRm70W_07eo,https://e.pcloud.link/publink/show?code=XZsugGZHwDl5iFmig4eNqjrRpJhbk8rt1pk,https://e.pcloud.link/publink/show?code=XZDugGZeRO7FCiJLqBbUMGp9eYWOmxFyGp7,https://e.pcloud.link/publink/show?code=XZeugGZ53Cl09dfs2FGqxA43SeutmQySrjX,German,https://www.filmdoo.com/films/at-first-glance,20/09/2022,20/09/2022,19/09/2022,,https://www.amazon.com/gp/video/detail/B0B8TK9NX6,https://www.amazon.co.uk/gp/video/detail/B0B8TH1PTS,https://tubitv.com/movies/100033787/at-first-glance,https://fawesome.tv/movies/10684543/at-first-glance,2025 LB Global Media,Box Brazil / FilmDoo / Reveel / IMDB / Release Tracker,
Asylum Park,At First Glance,20,2017,"India, Germany",English,https://www.imdb.com/title/tt7464308/?ref_=nm_knf_t_1,92,2022,"Spain, Australia, Norway, Germany, Italy","English, Spanish, French, Italian, Catalan, Norwegian",https://www.imdb.com/title/tt22174572/,Documentary,,Shanu Sharma,Shanu Sharma,Shanu Sharma,Udita Bhargava - Self,"An Indian girl sobs quietly in a park, trying to hide away her pain. An unknown Muslim Gambian man who approaches her, sensing her desperation, proposes a sinister deal in exchange for help.",EN,R,"Intense emotional distress, depictions of desperation, and mature themes involving predatory behavior and social marginalization.","Germany, documentary, memory, urban space, experimental",LGBTQ,"Drama, Romance","Arnaud Lalanne, Ida H. Eldøen, Shanu Sharma, Sophie Saville, Fabrizio Benvenuto, Julie Robert, Marta González De La Vega","Marta González Gallego, Amy Dowd, Fabrizio Benvenuto, Rowan Devereux, Shanu Sharma, Ida Hansen Eldøen, Arnaud Lalanne","Marta González Gallego, Maëva Poupard, Fabrizio Benvenuto, Rowan Devereux, Shanu Sharma, Ida Hansen Eldøen","Anne Kristine Olden, Siri Farstad, Udita Bhargava, Alice Pagotto, Marina Crialesi, Stella Egitto, Doriane Louisy Louis-Joseph, Lou Howard, Aida Qui, Aida Flix",An anthology of female-focused shorts where things are rarely as they first seem.,"An anxious girl tries to figure out whether or not she's on a first date with a woman she met at a party, the arrival and love story of a beautiful young couple stumps the older local villagers in a small part of Spain, and a bored woman returns to the lake she used to holiday at as a child, to discover someone has been there waiting for her return. An anthology of female-focused shorts where things are rarely as they first seem.","English, German",R        ,Sexual Content,"LGBTQ+, Lesbian, Spanish films, Australian films, Norwegian films, German films, Italian films, Short Film Compilation, Female Filmmakers, Relationships, Dating, Animation, Rural",Active,Gonella,sales@gonellaproductions.com ,Yes,,19/09/2022,4,19/09/2026,Worldwide,,Worldwide,https://e.pcloud.link/publink/show?code=kZuEgGZhvnThgQVIlfjeP6WrWJRcmdDuFHy,https://e.pcloud.link/publink/show?code=XZBEgGZ7iBHsdipqcHyjXsUo1NvI4kICfyk,https://e.pcloud.link/publink/show?code=XZWEgGZlIum8y7G0IR8nsFFRBU3eQzpdsHX,,https://e.pcloud.link/publink/show?code=XZ1EgGZyf7M74QVf5hetXR0FRYy3bOSXqEV,https://e.pcloud.link/publink/show?code=kZ4ugGZ0LfnAifE3kRyRB0S1eHjyuvDH7KX,https://www.youtube.com/watch?v=YRm70W_07eo,https://e.pcloud.link/publink/show?code=XZsugGZHwDl5iFmig4eNqjrRpJhbk8rt1pk,https://e.pcloud.link/publink/show?code=XZDugGZeRO7FCiJLqBbUMGp9eYWOmxFyGp7,https://e.pcloud.link/publink/show?code=XZeugGZ53Cl09dfs2FGqxA43SeutmQySrjX,German,https://www.filmdoo.com/films/at-first-glance,20/09/2022,20/09/2022,19/09/2022,,https://www.amazon.com/gp/video/detail/B0B8TK9NX6,https://www.amazon.co.uk/gp/video/detail/B0B8TH1PTS,https://tubitv.com/movies/100033787/at-first-glance,https://fawesome.tv/movies/10684543/at-first-glance,2025 LB Global Media,Box Brazil / FilmDoo / Reveel / IMDB / Release Tracker,
"The Half Wall
",At First Glance,7,2018,Norway,Norwegian,https://www.imdb.com/title/tt8890648/?ref_=mv_sm,92,2022,"Spain, Australia, Norway, Germany, Italy","English, Spanish, French, Italian, Catalan, Norwegian",https://www.imdb.com/title/tt22174572/,Comedy,"Drama, LGBTQ+",Ida Hansen Eldøen,Ida Hansen Eldøen,Ida Hansen Eldøen,Siri Farstad - Idunn; Anne Kristine Olden - Karina,"When the topic of renovation comes up, a gay couple find themselves in a heated and deeply serious discussion over something stupid as a bathroom wall.","EN, DE, FR",PG,Mild domestic arguments and relationship tension; focuses on communication and misunderstandings.,"Norwegian Cinema, Comedy, Drama, LGBTQ+, Relationship, Home Renovation, Misunderstanding, Communication, Domestic Life, Relatable, Short Film",LGBTQ,"Drama, Romance","Arnaud Lalanne, Ida H. Eldøen, Shanu Sharma, Sophie Saville, Fabrizio Benvenuto, Julie Robert, Marta González De La Vega","Marta González Gallego, Amy Dowd, Fabrizio Benvenuto, Rowan Devereux, Shanu Sharma, Ida Hansen Eldøen, Arnaud Lalanne","Marta González Gallego, Maëva Poupard, Fabrizio Benvenuto, Rowan Devereux, Shanu Sharma, Ida Hansen Eldøen","Anne Kristine Olden, Siri Farstad, Udita Bhargava, Alice Pagotto, Marina Crialesi, Stella Egitto, Doriane Louisy Louis-Joseph, Lou Howard, Aida Qui, Aida Flix",An anthology of female-focused shorts where things are rarely as they first seem.,"An anxious girl tries to figure out whether or not she's on a first date with a woman she met at a party, the arrival and love story of a beautiful young couple stumps the older local villagers in a small part of Spain, and a bored woman returns to the lake she used to holiday at as a child, to discover someone has been there waiting for her return. An anthology of female-focused shorts where things are rarely as they first seem.","English, German, French",R        ,Sexual Content,"LGBTQ+, Lesbian, Spanish films, Australian films, Norwegian films, German films, Italian films, Short Film Compilation, Female Filmmakers, Relationships, Dating, Animation, Rural",Active,Gonella,sales@gonellaproductions.com ,Yes,,19/09/2022,4,19/09/2026,Worldwide,,Worldwide,https://e.pcloud.link/publink/show?code=kZ5OgGZNbjsWUVSF3Suuvf5hj6shStueDkV,https://e.pcloud.link/publink/show?code=XZpOgGZv1Pu2ar4D77jcBQJmuNUH5UblrRV,https://e.pcloud.link/publink/show?code=XZ1OgGZUfLMufreMMScM5B4Thal8yP0rvzX,https://e.pcloud.link/publink/show?code=XZFOgGZuYpwTw49EPH2ctOQ2kqJ8JUBkcJy,https://e.pcloud.link/publink/show?code=XZ9OgGZL4Dgzt8vTBSBtdkeYB97oHMuLPP7,https://e.pcloud.link/publink/show?code=kZ4ugGZ0LfnAifE3kRyRB0S1eHjyuvDH7KX,https://www.youtube.com/watch?v=YRm70W_07eo,https://e.pcloud.link/publink/show?code=XZsugGZHwDl5iFmig4eNqjrRpJhbk8rt1pk,https://e.pcloud.link/publink/show?code=XZDugGZeRO7FCiJLqBbUMGp9eYWOmxFyGp7,https://e.pcloud.link/publink/show?code=XZeugGZ53Cl09dfs2FGqxA43SeutmQySrjX,German,https://www.filmdoo.com/films/at-first-glance,20/09/2022,20/09/2022,19/09/2022,,https://www.amazon.com/gp/video/detail/B0B8TK9NX6,https://www.amazon.co.uk/gp/video/detail/B0B8TH1PTS,https://tubitv.com/movies/100033787/at-first-glance,https://fawesome.tv/movies/10684543/at-first-glance,2025 LB Global Media,Box Brazil / FilmDoo / Reveel / IMDB / Release Tracker,
La Princesse De Lamour,At First Glance,10,2013,France,French,https://www.imdb.com/fr/title/tt4215848/,92,2022,"Spain, Australia, Norway, Germany, Italy","English, Spanish, French, Italian, Catalan, Norwegian",https://www.imdb.com/title/tt22174572/,Drama,,Arnaud Lalanne,Arnaud Lalanne,Arnaud Lalanne,Laetitia Andrieu,"While reading her students a fairy tale, a teacher becomes so invested in the story that she begins to substitute its morals with her own.",EN,PG,Lighthearted and whimsical themes; explores non-traditional romantic relationships and polyamory in a fairy-tale setting.,"French Cinema, Romance, Comedy, LGBTQ+, Polyamory, Fairy Tale, Modern Fable, Diversity, Relationships, Satire, Whimsical, Short Film",LGBTQ,"Drama, Romance","Arnaud Lalanne, Ida H. Eldøen, Shanu Sharma, Sophie Saville, Fabrizio Benvenuto, Julie Robert, Marta González De La Vega","Marta González Gallego, Amy Dowd, Fabrizio Benvenuto, Rowan Devereux, Shanu Sharma, Ida Hansen Eldøen, Arnaud Lalanne","Marta González Gallego, Maëva Poupard, Fabrizio Benvenuto, Rowan Devereux, Shanu Sharma, Ida Hansen Eldøen","Anne Kristine Olden, Siri Farstad, Udita Bhargava, Alice Pagotto, Marina Crialesi, Stella Egitto, Doriane Louisy Louis-Joseph, Lou Howard, Aida Qui, Aida Flix",An anthology of female-focused shorts where things are rarely as they first seem.,"An anxious girl tries to figure out whether or not she's on a first date with a woman she met at a party, the arrival and love story of a beautiful young couple stumps the older local villagers in a small part of Spain, and a bored woman returns to the lake she used to holiday at as a child, to discover someone has been there waiting for her return. An anthology of female-focused shorts where things are rarely as they first seem.","English, German",R        ,Sexual Content,"LGBTQ+, Lesbian, Spanish films, Australian films, Norwegian films, German films, Italian films, Short Film Compilation, Female Filmmakers, Relationships, Dating, Animation, Rural",Active,Gonella,sales@gonellaproductions.com ,Yes,,19/09/2022,4,19/09/2026,Worldwide,,Worldwide,https://e.pcloud.link/publink/show?code=kZvOgGZ9jAW5iVtuSFtb2PpwFXghS2e10PV,https://e.pcloud.link/publink/show?code=XZ5UgGZrw6pzJLIPDp2YBvje0oi6Bf27day,https://e.pcloud.link/publink/show?code=XZHUgGZQ9Uv7SNpBVJVS9C2RNdWrjUh0BtV,https://e.pcloud.link/publink/show?code=XZ7UgGZ0kO9b2tWRaVFqPh2Ilu7LFamkqfy,https://e.pcloud.link/publink/show?code=XZ4UgGZdn4J1C7Ht8LYmRqzL7hIoFb16dnk,https://e.pcloud.link/publink/show?code=kZ4ugGZ0LfnAifE3kRyRB0S1eHjyuvDH7KX,https://e.pcloud.link/publink/show?code=XZSugGZczQY9vbLLEz1I2sAgk6xpkPOcnS7,https://e.pcloud.link/publink/show?code=XZsugGZHwDl5iFmig4eNqjrRpJhbk8rt1pk,https://e.pcloud.link/publink/show?code=XZDugGZeRO7FCiJLqBbUMGp9eYWOmxFyGp7,https://e.pcloud.link/publink/show?code=XZeugGZ53Cl09dfs2FGqxA43SeutmQySrjX,German,https://www.filmdoo.com/films/at-first-glance,20/09/2022,20/09/2022,19/09/2022,,https://www.amazon.com/gp/video/detail/B0B8TK9NX6,https://www.amazon.co.uk/gp/video/detail/B0B8TH1PTS,https://tubitv.com/movies/100033787/at-first-glance,https://fawesome.tv/movies/10684543/at-first-glance,2025 LB Global Media,Box Brazil / FilmDoo / Reveel / IMDB / Release Tracker,
"Taste of Love
",The First Taste,5,2017,Austria,English,https://www.imdb.com/title/tt7819932/,96,2022,"Canada, Austria, Portugal, France, Germany","English, German, Portuguese, French, Spanish",https://www.imdb.com/fr/title/tt24806524/?ref_=nv_sr_srsg_0_tt_8_nm_0_in_0_q_The%20First%20Taste,Drama,"Biography, Romance",Paul Scheufler,Paul Scheufler,Gabriel Proedl (writer); Paul Scheufler (co-writer),Mirjam Hameter; Berenice Heichel; Georg Rauber,"“What is the taste of love?” Could it be sweet, sour, bitter or even salty? A girl embarks on an aromatic journey of love, stimulating her taste buds to the point of climax. With all senses, she explores the various forms love can take on. “Love is as diverse as our sense of taste.","EN, ES, FR, DE",PG,Mature themes involving romantic longing and sensual imagery; focuses on the intersection of memory and sensory attraction.,"Austrian Cinema, Drama, Romance, LGBTQ+, Sensory, Memory, Desire, Atmospheric, Intimacy, Short Film, Art-House, Discovery",LGBTQ,"Drama, Arthouse","Silvana Lopa, Brendan Prost, Laurine von Boetticher, Robin Entreinger, Violena Ampudia, Paul Scheufler","Paul Scheufler, Violena Ampudia, Alexandre Bartholo, Laurine Sassine, Brendan Prost, Silvana Lopa","Gabriel Proedl, Violena Ampudia, Robin Entreinger, Laurine Sassine, Brendan Prost, Silvana Lopa","Jennifer Ferris, Anna-Isabel Hinz, Rio Rasch, Nisha Virmani, Georg Rauber, Berenice Heichel, Mirjam Hameter, Leticia Aires, Claire Suchet,  Chloé Imbroglio",An anthology of female-focused shorts exploring six new flavors of love and desire.,"A young journalist receives an immersive introduction to the erotic art of shibari, a non-monogamous couple has their dynamic tested by the arrival of an uninvited guest, and a sleeping stranger on a train sends ripples through the relationship of the man and woman who find her. An anthology of female-focused shorts exploring six new flavours of love and desire.","English, English HOH, German",NC-17,"Sexual Content, Nudity, Strong Language","LGBTQ+, Lesbian, Female Lead, Canadian films, Austrian films, Portuguese films, French films, German films, Short Film Compilation, Female Filmmakers, Sexuality, Shibari, Relationships, Bisexuality, Polyamory, Christmas",Active,Gonella,sales@gonellaproductions.com ,Yes,,15/12/2022,4,15/12/2026,Worldwide,,Worldwide,https://e.pcloud.link/publink/show?code=kZqrgGZ3PyCMKd04T7GT03aFxDSEpteXcmX,https://e.pcloud.link/publink/show?code=XZOrgGZQ5345RlO2XXTLx9ahiGCJ4vFbDrX,https://e.pcloud.link/publink/show?code=XZArgGZ6HJeqQuvFk5LIizLAPG4dSs7QRY7,https://e.pcloud.link/publink/show?code=XZErgGZiUpGuK8HIhz4tcHghCh7amonemeV,https://e.pcloud.link/publink/show?code=XZGrgGZ8cnebeI0MK8Dq6AFUsfozj8rUiBk,https://e.pcloud.link/publink/show?code=kZnagGZrighVsHFaA5UfIIKEty2qf2WJHiy,https://e.pcloud.link/publink/show?code=XZPagGZ9bQmYclwwB8XnaBdwASDt5MSLpAy,https://e.pcloud.link/publink/show?code=XZxagGZw9JefzcrF3jJTcdGLVxSzL6FM6Ty,https://e.pcloud.link/publink/show?code=XZlagGZcqxthGRMssb56U1BbnMPOjkb9IQk,https://e.pcloud.link/publink/show?code=XZtagGZo00WWCbPtffBoTAo2cnMVbX4lGH7,German,https://www.filmdoo.com/films/the-first-taste,15/12/2022,20/12/2022,04/01/2023,,https://www.amazon.com/gp/video/detail/B0B8P5FV17,https://www.amazon.co.uk/gp/video/detail/B0B8P3CXQX,,,2025 LB Global Media,Box Brazil / FilmDoo / Reveel / IMDB / Release Tracker,
Shooting Leticia,The First Taste,15,2021,Portugal,Portuguese,,96,2022,"Canada, Austria, Portugal, France, Germany","English, German, Portuguese, French, Spanish",https://www.imdb.com/fr/title/tt24806524/?ref_=nv_sr_srsg_0_tt_8_nm_0_in_0_q_The%20First%20Taste,Documentary,"Experimental, Coming-of-Age",Violena Ampudia,Violena Ampudia,Violena Ampudia,"Leticia, a 15-year-old Portuguese village girl, has a shotgun and she is not afraid to use it. I shoot her in a particular moment of her life.
",An anthology of female-focused shorts exploring six new flavors of love and desire.,ES (Harcoded),PG-13,"Mature themes involving artistic obsession, professional boundaries, and stylized depictions of desire and intimacy.","Portugal, adolescence, girlhood, rural life, shotgun, identity, Portuguese Cinema, Drama, Romance, LGBTQ+, Film Set, Actress, Obsession, Artistic Vision, Intimacy, Identity, Short Film, Meta-Cinema",LGBTQ,Drama,"Silvana Lopa, Brendan Prost, Laurine von Boetticher, Robin Entreinger, Violena Ampudia, Paul Scheufler","Paul Scheufler, Violena Ampudia, Alexandre Bartholo, Laurine Sassine, Brendan Prost, Silvana Lopa","Gabriel Proedl, Violena Ampudia, Robin Entreinger, Laurine Sassine, Brendan Prost, Silvana Lopa","Jennifer Ferris, Anna-Isabel Hinz, Rio Rasch, Nisha Virmani, Georg Rauber, Berenice Heichel, Mirjam Hameter, Leticia Aires, Claire Suchet,  Chloé Imbroglio",An anthology of female-focused shorts exploring six new flavors of love and desire.,"A young journalist receives an immersive introduction to the erotic art of shibari, a non-monogamous couple has their dynamic tested by the arrival of an uninvited guest, and a sleeping stranger on a train sends ripples through the relationship of the man and woman who find her. An anthology of female-focused shorts exploring six new flavours of love and desire.","English, English HOH, German",NC-17,"Sexual Content, Nudity, Strong Language","LGBTQ+, Lesbian, Female Lead, Canadian films, Austrian films, Portuguese films, French films, German films, Short Film Compilation, Female Filmmakers, Sexuality, Shibari, Relationships, Bisexuality, Polyamory, Christmas",Active,Gonella,sales@gonellaproductions.com ,Yes,,15/12/2022,4,15/12/2026,Worldwide,,Worldwide,https://e.pcloud.link/publink/show?code=kZkrgGZiHn4ebXoPSV13eYdnx9mHBxygl6X,https://e.pcloud.link/publink/show?code=XZVrgGZX1fLg1npq98qJtXv8L8Kik8dOb9V,https://e.pcloud.link/publink/show?code=XZ5rgGZv5MmUhp2rfR1dBuTrBdEpjRAejb7,https://e.pcloud.link/publink/show?code=XZXrgGZqYf1kyueiwS6QP0vVHY9PLacTS6k,https://e.pcloud.link/publink/show?code=XZWrgGZRc1WpMglpHuIiyDizdm7oz0eoTPV,https://e.pcloud.link/publink/show?code=kZnagGZrighVsHFaA5UfIIKEty2qf2WJHiy,https://e.pcloud.link/publink/show?code=XZPagGZ9bQmYclwwB8XnaBdwASDt5MSLpAy,https://e.pcloud.link/publink/show?code=XZxagGZw9JefzcrF3jJTcdGLVxSzL6FM6Ty,https://e.pcloud.link/publink/show?code=XZlagGZcqxthGRMssb56U1BbnMPOjkb9IQk,https://e.pcloud.link/publink/show?code=XZtagGZo00WWCbPtffBoTAo2cnMVbX4lGH7,German,https://www.filmdoo.com/films/the-first-taste,15/12/2022,20/12/2022,04/01/2023,,https://www.amazon.com/gp/video/detail/B0B8P5FV17,https://www.amazon.co.uk/gp/video/detail/B0B8P3CXQX,,,2025 LB Global Media,Box Brazil / FilmDoo / Reveel / IMDB / Release Tracker,
Shibari ,The First Taste,26,2019,"Japan, France",French,https://www.imdb.com/title/tt8283260/,96,2022,"Canada, Austria, Portugal, France, Germany","English, German, Portuguese, French, Spanish",https://www.imdb.com/fr/title/tt24806524/?ref_=nv_sr_srsg_0_tt_8_nm_0_in_0_q_The%20First%20Taste,Drama,"LGBTQ, Romance",Robin Entreinger,Alexandre Bartholo (co-producer); Robin Entreinger (co-producer),Robin Entreinger,Chloé Imbroglio - Chloé; Claire Suchet - Claire,"""Shibari"" is an erotic art, which consists in restraining someone by using thin ropes."" This is how Claire, who's modeling in Japan, describes the subject to Chloé, a journalist who's come to Tokyo to write about it. The two women will soon grow attracted to each other.",EN,R,Strong erotic themes and depictions of Kinbaku (rope bondage); focuses on the intersection of sexual attraction and performance art.,"Tokyo, shibari, rope art, journalist, LGBTQ+, connection, French Cinema, Japanese Culture, Drama, LGBTQ+, Erotica, Bondage, Shibari, Tokyo, Journalism, Sapphic, Sensual, Intimacy, Short Film",LGBTQ,Drama,"Silvana Lopa, Brendan Prost, Laurine von Boetticher, Robin Entreinger, Violena Ampudia, Paul Scheufler","Paul Scheufler, Violena Ampudia, Alexandre Bartholo, Laurine Sassine, Brendan Prost, Silvana Lopa","Gabriel Proedl, Violena Ampudia, Robin Entreinger, Laurine Sassine, Brendan Prost, Silvana Lopa","Jennifer Ferris, Anna-Isabel Hinz, Rio Rasch, Nisha Virmani, Georg Rauber, Berenice Heichel, Mirjam Hameter, Leticia Aires, Claire Suchet,  Chloé Imbroglio",An anthology of female-focused shorts exploring six new flavors of love and desire.,"A young journalist receives an immersive introduction to the erotic art of shibari, a non-monogamous couple has their dynamic tested by the arrival of an uninvited guest, and a sleeping stranger on a train sends ripples through the relationship of the man and woman who find her. An anthology of female-focused shorts exploring six new flavours of love and desire.","English, English HOH, German",NC-17,"Sexual Content, Nudity, Strong Language","LGBTQ+, Lesbian, Female Lead, Canadian films, Austrian films, Portuguese films, French films, German films, Short Film Compilation, Female Filmmakers, Sexuality, Shibari, Relationships, Bisexuality, Polyamory, Christmas",Active,Gonella,sales@gonellaproductions.com ,Yes,,15/12/2022,4,15/12/2026,Worldwide,,Worldwide,https://e.pcloud.link/publink/show?code=kZn8PGZwIzXTBgJR8Vbj9gNsUUx5ywAHLH7,https://e.pcloud.link/publink/show?code=XZP8PGZWgNx9M9CLFkQQQFoWA6FHRzKFjo7,https://e.pcloud.link/publink/show?code=XZx8PGZ9Hz2dxocjQ5ygPbPySsQVktj883y,https://e.pcloud.link/publink/show?code=XZM8PGZbJMnCzWBDwHimmHVxAuooSoOu5G7,https://e.pcloud.link/publink/show?code=XZw8PGZHVdFGxFglsBfF6u9NFJ4cmF1JPSX,https://e.pcloud.link/publink/show?code=kZnagGZrighVsHFaA5UfIIKEty2qf2WJHiy,https://e.pcloud.link/publink/show?code=XZPagGZ9bQmYclwwB8XnaBdwASDt5MSLpAy,https://e.pcloud.link/publink/show?code=XZxagGZw9JefzcrF3jJTcdGLVxSzL6FM6Ty,https://e.pcloud.link/publink/show?code=XZlagGZcqxthGRMssb56U1BbnMPOjkb9IQk,https://e.pcloud.link/publink/show?code=XZtagGZo00WWCbPtffBoTAo2cnMVbX4lGH7,German,https://www.filmdoo.com/films/the-first-taste,15/12/2022,20/12/2022,04/01/2023,,https://www.amazon.com/gp/video/detail/B0B8P5FV17,https://www.amazon.co.uk/gp/video/detail/B0B8P3CXQX,,,2025 LB Global Media,Box Brazil / FilmDoo / Reveel / Release Tracker,
Of Falling and Floating,The First Taste,18,2021,Germany,German,,96,2022,"Canada, Austria, Portugal, France, Germany","English, German, Portuguese, French, Spanish",https://www.imdb.com/fr/title/tt24806524/?ref_=nv_sr_srsg_0_tt_8_nm_0_in_0_q_The%20First%20Taste,Drama,"LGBTQ,  Romance",Laurine Sassine,Laurine Sassine,Laurine Sassine,"Nisha Virmani, Rio Rasch, Anna-Isabel Hinz","Luvi and Telmer find the sleeping Nil on their train ride home at night. A tender bond slowly arises between the women. It sows a growing insecurity into the fragile relationship of Luvi and Telmer. The night lets the characters move away from each other and fall into each other slowly in one moment, passionately in another one.",EN,PG-13,"Mature themes regarding emotional vulnerability, the complexity of new attraction, and psychological boundaries.","Germany, train ride, third party, relationship tension, LGBTQ+, night, German Cinema, Drama, Romance, LGBTQ+, Emotional, Self-Discovery, Intimacy, First Encounter, Identity, Atmospheric, Vulnerability, Short Film",LGBTQ,Drama,"Silvana Lopa, Brendan Prost, Laurine von Boetticher, Robin Entreinger, Violena Ampudia, Paul Scheufler","Paul Scheufler, Violena Ampudia, Alexandre Bartholo, Laurine Sassine, Brendan Prost, Silvana Lopa","Gabriel Proedl, Violena Ampudia, Robin Entreinger, Laurine Sassine, Brendan Prost, Silvana Lopa","Jennifer Ferris, Anna-Isabel Hinz, Rio Rasch, Nisha Virmani, Georg Rauber, Berenice Heichel, Mirjam Hameter, Leticia Aires, Claire Suchet,  Chloé Imbroglio",An anthology of female-focused shorts exploring six new flavors of love and desire.,"A young journalist receives an immersive introduction to the erotic art of shibari, a non-monogamous couple has their dynamic tested by the arrival of an uninvited guest, and a sleeping stranger on a train sends ripples through the relationship of the man and woman who find her. An anthology of female-focused shorts exploring six new flavours of love and desire.","English, English HOH, German",NC-17,"Sexual Content, Nudity, Strong Language","LGBTQ+, Lesbian, Female Lead, Canadian films, Austrian films, Portuguese films, French films, German films, Short Film Compilation, Female Filmmakers, Sexuality, Shibari, Relationships, Bisexuality, Polyamory, Christmas",Active,Gonella,sales@gonellaproductions.com ,Yes,,15/12/2022,4,15/12/2026,Worldwide,,Worldwide,https://e.pcloud.link/publink/show?code=kZo8PGZY6loC15sTpLbdfa9wlym8fbfzN97,https://e.pcloud.link/publink/show?code=XZ0QPGZuJCPK5ionL510XTr7nQkUS28Q8ty,https://e.pcloud.link/publink/show?code=XZJQPGZqfNHg3lAntQfJQ8tOKvMkpOCtOlk,,https://e.pcloud.link/publink/show?code=XZFQPGZjh4yOxNqxhpqBRJ7ifhqA5980VDV,https://e.pcloud.link/publink/show?code=kZnagGZrighVsHFaA5UfIIKEty2qf2WJHiy,https://e.pcloud.link/publink/show?code=XZPagGZ9bQmYclwwB8XnaBdwASDt5MSLpAy,https://e.pcloud.link/publink/show?code=XZxagGZw9JefzcrF3jJTcdGLVxSzL6FM6Ty,https://e.pcloud.link/publink/show?code=XZlagGZcqxthGRMssb56U1BbnMPOjkb9IQk,https://e.pcloud.link/publink/show?code=XZtagGZo00WWCbPtffBoTAo2cnMVbX4lGH7,German,https://www.filmdoo.com/films/the-first-taste,15/12/2022,20/12/2022,04/01/2023,,https://www.amazon.com/gp/video/detail/B0B8P5FV17,https://www.amazon.co.uk/gp/video/detail/B0B8P3CXQX,,,2025 LB Global Media,Box Brazil / FilmDoo / Reveel / Filmzie / Release Tracker,
Main Squeeze,The First Taste,17,2019,"Canada
","English
",https://www.imdb.com/title/tt10413578/,96,2022,"Canada, Austria, Portugal, France, Germany","English, German, Portuguese, French, Spanish",https://www.imdb.com/fr/title/tt24806524/?ref_=nv_sr_srsg_0_tt_8_nm_0_in_0_q_The%20First%20Taste,Drama,LGBTQ,Brendan Prost,Brendan Prost (producer); Brendan Whelton (associate producer),Brendan Prost,Jennifer Ferris - Jacqui; Shane McLean - Benji; Keshia Palm - Kiersey,"A couple in an open relationship have their holiday slumber shattered by the unexpected arrival of a secondary partner, who is drunk and on an ill-conceived mission to establish their romantic dominance.",EN,R,"Mature themes involving polyamory, open relationships, and alcohol-fueled romantic conflict.","Canadian Cinema, Drama, Romance, LGBTQ+, Open Relationship, Polyamory, Jealousy, Holiday, Infidelity, Intimacy, Emotional Intensity, Short Film",LGBTQ,Drama,"Silvana Lopa, Brendan Prost, Laurine von Boetticher, Robin Entreinger, Violena Ampudia, Paul Scheufler","Paul Scheufler, Violena Ampudia, Alexandre Bartholo, Laurine Sassine, Brendan Prost, Silvana Lopa","Gabriel Proedl, Violena Ampudia, Robin Entreinger, Laurine Sassine, Brendan Prost, Silvana Lopa","Jennifer Ferris, Anna-Isabel Hinz, Rio Rasch, Nisha Virmani, Georg Rauber, Berenice Heichel, Mirjam Hameter, Leticia Aires, Claire Suchet,  Chloé Imbroglio",An anthology of female-focused shorts exploring six new flavors of love and desire.,"A young journalist receives an immersive introduction to the erotic art of shibari, a non-monogamous couple has their dynamic tested by the arrival of an uninvited guest, and a sleeping stranger on a train sends ripples through the relationship of the man and woman who find her. An anthology of female-focused shorts exploring six new flavours of love and desire.","English, English HOH, German",NC-17,"Sexual Content, Nudity, Strong Language","LGBTQ+, Lesbian, Female Lead, Canadian films, Austrian films, Portuguese films, French films, German films, Short Film Compilation, Female Filmmakers, Sexuality, Shibari, Relationships, Bisexuality, Polyamory, Christmas",Active,Gonella,sales@gonellaproductions.com ,Yes,,15/12/2022,4,15/12/2026,Worldwide,,Worldwide,https://e.pcloud.link/publink/show?code=kZ2QPGZ8UeFtbkTeMLOuNJXRBN9V4D7snYX,https://e.pcloud.link/publink/show?code=XZWQPGZFcv4x2i2By8u7lXEzlT63Lg0P2Bk,https://e.pcloud.link/publink/show?code=XZ1QPGZ4z5VFLayi6ygdU4TcvN2qBAPpTHX,,https://e.pcloud.link/publink/show?code=XZ9QPGZ7Ia1650tUlF6N0WvYIrdtfxemomy,https://e.pcloud.link/publink/show?code=kZnagGZrighVsHFaA5UfIIKEty2qf2WJHiy,https://e.pcloud.link/publink/show?code=XZPagGZ9bQmYclwwB8XnaBdwASDt5MSLpAy,https://e.pcloud.link/publink/show?code=XZxagGZw9JefzcrF3jJTcdGLVxSzL6FM6Ty,https://e.pcloud.link/publink/show?code=XZlagGZcqxthGRMssb56U1BbnMPOjkb9IQk,https://e.pcloud.link/publink/show?code=XZtagGZo00WWCbPtffBoTAo2cnMVbX4lGH7,German,https://www.filmdoo.com/films/the-first-taste,15/12/2022,20/12/2022,04/01/2023,,https://www.amazon.com/gp/video/detail/B0B8P5FV17,https://www.amazon.co.uk/gp/video/detail/B0B8P3CXQX,,,2025 LB Global Media,Box Brazil / FilmDoo / Reveel / Filmzie / Release Tracker,
1 Month and 2 Days,The First Taste,5,2014,Argentina,Spanish,https://www.imdb.com/title/tt3826364/,96,2022,"Canada, Austria, Portugal, France, Germany","English, German, Portuguese, French, Spanish",https://www.imdb.com/fr/title/tt24806524/?ref_=nv_sr_srsg_0_tt_8_nm_0_in_0_q_The%20First%20Taste,Documentary,"LGBTQ,  Romance",Silvana Lopa,Silvana Lopa,Silvana Lopa,Eugenia Borrelli - Self,I felt in love again. I dive into those feelings. I capture moments of my daily life for 1 month and 2 days.,EN,PG,Gentle romantic themes and emotional reflection; focuses on the early stages of a relationship and the passage of time.,"Argentine Cinema, Romance, Drama, LGBTQ+, Lesbian, Intimacy, Connection, Time, Reflection, Domestic, Relationship, Short Film, Argentina, diary, 32 days, first love, LGBTQ+, intimacy",LGBTQ,Drama,"Silvana Lopa, Brendan Prost, Laurine von Boetticher, Robin Entreinger, Violena Ampudia, Paul Scheufler","Paul Scheufler, Violena Ampudia, Alexandre Bartholo, Laurine Sassine, Brendan Prost, Silvana Lopa","Gabriel Proedl, Violena Ampudia, Robin Entreinger, Laurine Sassine, Brendan Prost, Silvana Lopa","Jennifer Ferris, Anna-Isabel Hinz, Rio Rasch, Nisha Virmani, Georg Rauber, Berenice Heichel, Mirjam Hameter, Leticia Aires, Claire Suchet,  Chloé Imbroglio",An anthology of female-focused shorts exploring six new flavors of love and desire.,"A young journalist receives an immersive introduction to the erotic art of shibari, a non-monogamous couple has their dynamic tested by the arrival of an uninvited guest, and a sleeping stranger on a train sends ripples through the relationship of the man and woman who find her. An anthology of female-focused shorts exploring six new flavours of love and desire.","English, English HOH, German",NC-17,"Sexual Content, Nudity, Strong Language","LGBTQ+, Lesbian, Female Lead, Canadian films, Austrian films, Portuguese films, French films, German films, Short Film Compilation, Female Filmmakers, Sexuality, Shibari, Relationships, Bisexuality, Polyamory, Christmas",Active,Gonella,sales@gonellaproductions.com ,Yes,,15/12/2022,4,15/12/2026,Worldwide,,Worldwide,https://e.pcloud.link/publink/show?code=kZlQPGZNS4Cm8i5eiLIk5PkqxkVUy8eLuWV,https://e.pcloud.link/publink/show?code=XZCQPGZjfXLajwn41HLRHgGwE2qDhYUP4p7,https://e.pcloud.link/publink/show?code=XZqQPGZEJmNHi9ihfBNqnsVTW0hGHysO0My,,https://e.pcloud.link/publink/show?code=XZ6QPGZIIU9iiCyn30kD9JsBLx6T5KCUnvk,https://e.pcloud.link/publink/show?code=kZnagGZrighVsHFaA5UfIIKEty2qf2WJHiy,https://e.pcloud.link/publink/show?code=XZPagGZ9bQmYclwwB8XnaBdwASDt5MSLpAy,https://e.pcloud.link/publink/show?code=XZxagGZw9JefzcrF3jJTcdGLVxSzL6FM6Ty,https://e.pcloud.link/publink/show?code=XZlagGZcqxthGRMssb56U1BbnMPOjkb9IQk,https://e.pcloud.link/publink/show?code=XZtagGZo00WWCbPtffBoTAo2cnMVbX4lGH7,German,https://www.filmdoo.com/films/the-first-taste,15/12/2022,20/12/2022,04/01/2023,,https://www.amazon.com/gp/video/detail/B0B8P5FV17,https://www.amazon.co.uk/gp/video/detail/B0B8P3CXQX,,,2025 LB Global Media,Box Brazil / FilmDoo / Reveel / IMDB / Release Tracker,
Buried Alive,Love is Never Far,8,2020,Colombia,Spanish,https://www.imdb.com/es/title/tt30037114/?ref_=nm_knf_t_2,95,2022,"Colombia, United States, Canada, Russia, Singapore","English, Spanish, Russian, Chinese, Tagalog",https://www.imdb.com/title/tt24853194/,Drama,LGBTQ,Rodrigo Trujillo Sánchez,Rodrigo Trujillo Sánchez,Rodrigo Trujillo Sánchez,Lorena Castellanos,"Lorena is locked in what appears to be a coffin. Her feet are tied with a belt and she has little room to move. Fear seizes her, but she manages to calm down and, after several struggles, cuts loose. Now, in a battle between desperation, fear, anxiety and courage, she fights the box with all her strength, until she defeats it. Lorena is unconfined now. She is, in many ways, free.",EN,PG-13,"Mature themes involving grief, emotional isolation, and the psychological process of letting go of a past love.","Colombian Cinema, Drama, Romance, LGBTQ+, Grief, Memory, Loss, Solitude, Healing, Emotional, Relationship, Short Film, Colombia, LGBTQ+, identity, drama, Spanish cinema, emotional isolation",LGBTQ,Drama,"Devin Schiro,  Danica Dodds, Margaret Donahoe, Danielle Shvalboym, Li Lin Wee, Rodrigo Trujillo Sanchez","Rodrigo Trujillo Sánchez, Fei Yanqiu, Benjamin Shasha, Margaret Donahoe, Danica Dodds","Danica Dodds, Margaret Donahoe, Danielle Shvalboym, Su Ching Teh, Li Lin Wee, Rodrigo Trujillo Sanchez","Aeriqah Chang, Jean Seizure, Vitaly Karpechenko, Vyacheslav Bulavin, Inga Velanskaya, Zarina Dovletova, Svetlana Rudenko, Lorena Castellanos, Abby Weisbrot, Danica Dodds","A tender collection of short, female-focused stories of self-discovery, self-acceptance and finding love when you need it most.","A neglected wife finds hope in a passing stranger, a single mother finds love in the most unfortunate of places, and a shy young wallflower gets a little closer to knowing what she wants by trying what she doesn’t. A collection of five tender stories that show us, no matter where you are, Love is Never Far.","English, English HOH, German",R,"Sexual Content, Strong Language","LGBTQ+, Lesbian, Female Lead, Colombian films, American films, Canadian films, Russian films, Singaporean films, Short Film Compilation, Female Filmmakers, Coming Out, Family, Relationships, Crush",Active,Gonella,sales@gonellaproductions.com ,Yes,,16/12/2022,4,16/12/2026,Worldwide,,Worldwide,https://e.pcloud.link/publink/show?code=kZVmPGZSOKEflAwSRJCMKFmP7B9LflYpk5V,https://e.pcloud.link/publink/show?code=XZOfCGZf9XlXHuDdCVfCxAC0k5AJyrSr4wV,https://e.pcloud.link/publink/show?code=XZ5BCGZw1xnb1MrffVhRrdjAwxU9RX71wUV,https://e.pcloud.link/publink/show?code=XZOfCGZf9XlXHuDdCVfCxAC0k5AJyrSr4wV,https://e.pcloud.link/publink/show?code=XZFBCGZs792AxWUI40IFF4vvSXNcycFAqky,https://e.pcloud.link/publink/show?code=kZ0mPGZnLmOrq2HEjL9XEY1polLnJglg5rk,https://e.pcloud.link/publink/show?code=XZpmPGZ8kXpxXInyEFWwaPMNkNteQ9mkg0V,https://e.pcloud.link/publink/show?code=XZRmPGZVUMSXJd6asV7i3bhaC4bNYfBDzIk,https://e.pcloud.link/publink/show?code=XZLmPGZmUJTQPMBYy4eghOiAEG6DVaNIWp7,https://e.pcloud.link/publink/show?code=XZQmPGZDPl4hdmpWTyE954zX2PjCpYdvFwX,German,https://www.filmdoo.com/films/love-is-never-far,16/12/2022,20/12/2022,04/01/2023,,https://www.amazon.com/gp/video/detail/B0B8V1HWCP,https://www.amazon.co.uk/gp/video/detail/B0B8TZQTSW,,https://fawesome.tv/movies/10685412/love-is-never-far,2025 LB Global Media,Box Brazil / FilmDoo / Reveel / IMDB / Release Tracker,
East Coast Park Lovers,Love is Never Far,15,2020,Singapore,"English, Mandarin",,95,2022,"Colombia, United States, Canada, Russia, Singapore","English, Spanish, Russian, Chinese, Tagalog",https://www.imdb.com/title/tt24853194/,Drama,,Li Lin Wee,"Fei Yanqiu (Producer), Li Lin Wee, Su Ching Teh [Executive Producers)","Li Lin Wee, Su Ching Teh",Sophie von Haselberg Grace C Manego,"Three sets of lovers are at a popular stretch of beach in Singapore on a Sunday, each one feeling that they are losing faith in some way. By the waves, their lives become intertwined with a little song, a little courage and a little connection.",EN,PG,Gentle romantic themes and conversational dialogue; explores the nostalgic and tender nature of long-term connection.,"Singapore, East Coast Park, middle-aged love, LGBTQ+, conversation, nostalgia",LGBTQ,Drama,"Devin Schiro,  Danica Dodds, Margaret Donahoe, Danielle Shvalboym, Li Lin Wee, Rodrigo Trujillo Sanchez","Rodrigo Trujillo Sánchez, Fei Yanqiu, Benjamin Shasha, Margaret Donahoe, Danica Dodds","Danica Dodds, Margaret Donahoe, Danielle Shvalboym, Su Ching Teh, Li Lin Wee, Rodrigo Trujillo Sanchez","Aeriqah Chang, Jean Seizure, Vitaly Karpechenko, Vyacheslav Bulavin, Inga Velanskaya, Zarina Dovletova, Svetlana Rudenko, Lorena Castellanos, Abby Weisbrot, Danica Dodds","A tender collection of short, female-focused stories of self-discovery, self-acceptance and finding love when you need it most.","A neglected wife finds hope in a passing stranger, a single mother finds love in the most unfortunate of places, and a shy young wallflower gets a little closer to knowing what she wants by trying what she doesn’t. A collection of five tender stories that show us, no matter where you are, Love is Never Far.","English, English HOH, German",R,"Sexual Content, Strong Language","LGBTQ+, Lesbian, Female Lead, Colombian films, American films, Canadian films, Russian films, Singaporean films, Short Film Compilation, Female Filmmakers, Coming Out, Family, Relationships, Crush",Active,Gonella,sales@gonellaproductions.com ,Yes,,16/12/2022,4,16/12/2026,Worldwide,,Worldwide,https://e.pcloud.link/publink/show?code=kZluCGZNEO6yYS52BB54uBOIiMdbFcULjBXX,https://e.pcloud.link/publink/show?code=XZUuCGZBCt87FhsBP7MpG6d8jzjafJCjPTk,https://e.pcloud.link/publink/show?code=XZauCGZv3HIENqpHnH8L9uaRvhvtLji5Wp7,https://e.pcloud.link/publink/show?code=XZquCGZ9IudC8g1LpFHei7jE9sUb8r2aYNk,https://e.pcloud.link/publink/show?code=XZGuCGZJxQbouVDNbfsh7PNPQfziXRA5GPV,https://e.pcloud.link/publink/show?code=kZ0mPGZnLmOrq2HEjL9XEY1polLnJglg5rk,https://e.pcloud.link/publink/show?code=XZpmPGZ8kXpxXInyEFWwaPMNkNteQ9mkg0V,https://e.pcloud.link/publink/show?code=XZRmPGZVUMSXJd6asV7i3bhaC4bNYfBDzIk,https://e.pcloud.link/publink/show?code=XZLmPGZmUJTQPMBYy4eghOiAEG6DVaNIWp7,https://e.pcloud.link/publink/show?code=XZQmPGZDPl4hdmpWTyE954zX2PjCpYdvFwX,German,https://www.filmdoo.com/films/love-is-never-far,16/12/2022,20/12/2022,04/01/2023,,https://www.amazon.com/gp/video/detail/B0B8V1HWCP,https://www.amazon.co.uk/gp/video/detail/B0B8TZQTSW,,https://fawesome.tv/movies/10685412/love-is-never-far,2025 LB Global Media,Box Brazil / FilmDoo / Reveel / Letterbox / Rotten Tomatoes / Release Tracker,
One Third,Love is Never Far,25,2018,Russian,Russian,https://www.imdb.com/es/title/tt8559288/,95,2022,"Colombia, United States, Canada, Russia, Singapore","English, Spanish, Russian, Chinese, Tagalog",https://www.imdb.com/title/tt24853194/,Drama,LGBTQ,Danielle Shvalboym,Benjamin Shasha (co-producer); Danielle Shvalboym (co-producer),Danielle Shvalboym,Tsarina Dovletova; Svetlana Rudenko; Inga Velanskaya,"True events taking place in a seaside city on the Russian- Chinese border portraying a relationship between a mother, a daughter and her girlfriend.",EN,PG-13,"Mature themes involving complex relationship dynamics, emotional vulnerability, and social pressures.","Russian Cinema, Drama, Romance, LGBTQ+, Lesbian, Relationship, Conflict, Intimacy, Identity, Social Pressure, Emotional, Short Film, USA, Russian-American, family, generations, identity, LGBTQ+, New York",LGBTQ,Drama,"Devin Schiro,  Danica Dodds, Margaret Donahoe, Danielle Shvalboym, Li Lin Wee, Rodrigo Trujillo Sanchez","Rodrigo Trujillo Sánchez, Fei Yanqiu, Benjamin Shasha, Margaret Donahoe, Danica Dodds","Danica Dodds, Margaret Donahoe, Danielle Shvalboym, Su Ching Teh, Li Lin Wee, Rodrigo Trujillo Sanchez","Aeriqah Chang, Jean Seizure, Vitaly Karpechenko, Vyacheslav Bulavin, Inga Velanskaya, Zarina Dovletova, Svetlana Rudenko, Lorena Castellanos, Abby Weisbrot, Danica Dodds","A tender collection of short, female-focused stories of self-discovery, self-acceptance and finding love when you need it most.","A neglected wife finds hope in a passing stranger, a single mother finds love in the most unfortunate of places, and a shy young wallflower gets a little closer to knowing what she wants by trying what she doesn’t. A collection of five tender stories that show us, no matter where you are, Love is Never Far.","English, English HOH, German",R,"Sexual Content, Strong Language","LGBTQ+, Lesbian, Female Lead, Colombian films, American films, Canadian films, Russian films, Singaporean films, Short Film Compilation, Female Filmmakers, Coming Out, Family, Relationships, Crush",Active,Gonella,sales@gonellaproductions.com ,Yes,,16/12/2022,4,16/12/2026,Worldwide,,Worldwide,https://e.pcloud.link/publink/show?code=kZnWCGZxjBBBTbeKkYTdurL5G9fnLHEuJjy,https://e.pcloud.link/publink/show?code=XZwWCGZTpgtA9WJ8NYvWvlb3oakfBh4qE37,https://e.pcloud.link/publink/show?code=XZqWCGZqjVq6mwEq4FEz1j0oFdfh4oG3UlX,https://e.pcloud.link/publink/show?code=XZgWCGZJINOVBRklVpfICyIrxWLvJmXDpLy,https://e.pcloud.link/publink/show?code=XZOWCGZHpfVW8eH50Fq9P1XPKmjbzbwvA5X,https://e.pcloud.link/publink/show?code=kZ0mPGZnLmOrq2HEjL9XEY1polLnJglg5rk,https://e.pcloud.link/publink/show?code=XZpmPGZ8kXpxXInyEFWwaPMNkNteQ9mkg0V,https://e.pcloud.link/publink/show?code=XZRmPGZVUMSXJd6asV7i3bhaC4bNYfBDzIk,https://e.pcloud.link/publink/show?code=XZLmPGZmUJTQPMBYy4eghOiAEG6DVaNIWp7,https://e.pcloud.link/publink/show?code=XZQmPGZDPl4hdmpWTyE954zX2PjCpYdvFwX,German,https://www.filmdoo.com/films/love-is-never-far,16/12/2022,20/12/2022,04/01/2023,,https://www.amazon.com/gp/video/detail/B0B8V1HWCP,https://www.amazon.co.uk/gp/video/detail/B0B8TZQTSW,,https://fawesome.tv/movies/10685412/love-is-never-far,2025 LB Global Media,Box Brazil / FilmDoo / Reveel / IMDB / Release Tracker,
First Kiss,Love is Never Far,10,2022,USA,English,,95,2022,"Colombia, United States, Canada, Russia, Singapore","English, Spanish, Russian, Chinese, Tagalog",https://www.imdb.com/title/tt24853194/,Drama,LGBTQ,Margaret Donahoe,Margaret Donahoe,Margaret Donahoe,"Abby Weisbrot, Tori Devine, Nathan D. Simmons","Going to a bonfire where she knows almost no one, Maggie takes a passive role in the shape her evening takes and is swept along, first by her friend Julia, then by a cute stranger. Separating her own desires from external expectations is difficult, so when she gets her first kiss, it might be less than magical, but it might also bring her one step closer to clarity.",EN,PG,Light romantic themes and social awkwardness; focuses on the nervous anticipation of a first intimate moment.,"American Cinema, Romance, Comedy, LGBTQ+, First Kiss, Dating, Awkwardness, Connection, New York City, Youth, Relationship, Short Film, LGBTQ+, first kiss, romance, young love, minimalist",LGBTQ,Drama,"Devin Schiro,  Danica Dodds, Margaret Donahoe, Danielle Shvalboym, Li Lin Wee, Rodrigo Trujillo Sanchez","Rodrigo Trujillo Sánchez, Fei Yanqiu, Benjamin Shasha, Margaret Donahoe, Danica Dodds","Danica Dodds, Margaret Donahoe, Danielle Shvalboym, Su Ching Teh, Li Lin Wee, Rodrigo Trujillo Sanchez","Aeriqah Chang, Jean Seizure, Vitaly Karpechenko, Vyacheslav Bulavin, Inga Velanskaya, Zarina Dovletova, Svetlana Rudenko, Lorena Castellanos, Abby Weisbrot, Danica Dodds","A tender collection of short, female-focused stories of self-discovery, self-acceptance and finding love when you need it most.","A neglected wife finds hope in a passing stranger, a single mother finds love in the most unfortunate of places, and a shy young wallflower gets a little closer to knowing what she wants by trying what she doesn’t. A collection of five tender stories that show us, no matter where you are, Love is Never Far.","English, English HOH, German",R,"Sexual Content, Strong Language","LGBTQ+, Lesbian, Female Lead, Colombian films, American films, Canadian films, Russian films, Singaporean films, Short Film Compilation, Female Filmmakers, Coming Out, Family, Relationships, Crush",Active,Gonella,sales@gonellaproductions.com ,Yes,,16/12/2022,4,16/12/2026,Worldwide,,Worldwide,https://e.pcloud.link/publink/show?code=kZTDCGZ6TGuEFF6WsVgnuW335MXFVPrR3Ck,https://e.pcloud.link/publink/show?code=XZEDCGZvTL0PPVruESA4NkMnOdmQRll6CT7,https://e.pcloud.link/publink/show?code=XZADCGZ2xalU3FxGqHkSj9DfElG60iAPEry,https://e.pcloud.link/publink/show?code=XZCDCGZDkDXHrfzx9BsGjPBjVP3O8wxaIky,https://e.pcloud.link/publink/show?code=XZ3DCGZ09V76VJKCUL4B76cDPqk1LrUnFbk,https://e.pcloud.link/publink/show?code=kZ0mPGZnLmOrq2HEjL9XEY1polLnJglg5rk,https://e.pcloud.link/publink/show?code=XZpmPGZ8kXpxXInyEFWwaPMNkNteQ9mkg0V,https://e.pcloud.link/publink/show?code=XZRmPGZVUMSXJd6asV7i3bhaC4bNYfBDzIk,https://e.pcloud.link/publink/show?code=XZLmPGZmUJTQPMBYy4eghOiAEG6DVaNIWp7,https://e.pcloud.link/publink/show?code=XZQmPGZDPl4hdmpWTyE954zX2PjCpYdvFwX,German,https://www.filmdoo.com/films/love-is-never-far,16/12/2022,20/12/2022,04/01/2023,,https://www.amazon.com/gp/video/detail/B0B8V1HWCP,https://www.amazon.co.uk/gp/video/detail/B0B8TZQTSW,,https://fawesome.tv/movies/10685412/love-is-never-far,2025 LB Global Media,Box Brazil / FilmDoo / Reveel / IMDB / Release Tracker,
Orange Blossoms,Love is Never Far,30,2018,USA,English,https://www.imdb.com/title/tt8317310/,95,2022,"Colombia, United States, Canada, Russia, Singapore","English, Spanish, Russian, Chinese, Tagalog",https://www.imdb.com/title/tt24853194/,Drama,LGBTQ,Danica Dodds; Devin Schiro (co-director),Danica Dodds (executive producer / producer),Danica Dodds,Danica Dodds - Emily; Cole Gerdes - Jack; Aimee Crowther - Mysterious Woman; Troy Guthrie - Happy Couple (Man); Chelsea Mansolino - Happy Couple (Woman),Emily suffers in a toxic relationship but things begin to change when a mysterious woman suddenly appears in her life.,EN,PG-13,"Mature themes involving historical social constraints, personal sacrifice, and the emotional weight of a secret long-term bond.","American Cinema, Drama, Romance, LGBTQ+, Period Piece, Historical, Secret Love, Long-term Relationship, Emotional, Devotion, Sacrifice, Short Film, USA, LGBTQ+, relationship struggle, mystery, awakening, romance",LGBTQ,Drama,"Devin Schiro,  Danica Dodds, Margaret Donahoe, Danielle Shvalboym, Li Lin Wee, Rodrigo Trujillo Sanchez","Rodrigo Trujillo Sánchez, Fei Yanqiu, Benjamin Shasha, Margaret Donahoe, Danica Dodds","Danica Dodds, Margaret Donahoe, Danielle Shvalboym, Su Ching Teh, Li Lin Wee, Rodrigo Trujillo Sanchez","Aeriqah Chang, Jean Seizure, Vitaly Karpechenko, Vyacheslav Bulavin, Inga Velanskaya, Zarina Dovletova, Svetlana Rudenko, Lorena Castellanos, Abby Weisbrot, Danica Dodds","A tender collection of short, female-focused stories of self-discovery, self-acceptance and finding love when you need it most.","A neglected wife finds hope in a passing stranger, a single mother finds love in the most unfortunate of places, and a shy young wallflower gets a little closer to knowing what she wants by trying what she doesn’t. A collection of five tender stories that show us, no matter where you are, Love is Never Far.","English, English HOH, German",R,"Sexual Content, Strong Language","LGBTQ+, Lesbian, Female Lead, Colombian films, American films, Canadian films, Russian films, Singaporean films, Short Film Compilation, Female Filmmakers, Coming Out, Family, Relationships, Crush",Active,Gonella,sales@gonellaproductions.com ,Yes,,16/12/2022,4,16/12/2026,Worldwide,,Worldwide,https://e.pcloud.link/publink/show?code=kZQnCGZ6dIhvrsLftbmjWWjHsJLoXnYwAy7,https://e.pcloud.link/publink/show?code=XZjnCGZIrLKkAm2M8yHnfnYvgEgX5mL1LF7,https://e.pcloud.link/publink/show?code=XZunCGZm34G0V47MUVnOGxslFNhOBhM8DDV,https://e.pcloud.link/publink/show?code=XZhnCGZH9KmQyCneuJ12N1JKmPucmP0RF0X,https://e.pcloud.link/publink/show?code=XZBnCGZI9cVbD1zdIJlIB8u2homdSbvAOI7,https://e.pcloud.link/publink/show?code=kZ0mPGZnLmOrq2HEjL9XEY1polLnJglg5rk,https://e.pcloud.link/publink/show?code=XZpmPGZ8kXpxXInyEFWwaPMNkNteQ9mkg0V,https://e.pcloud.link/publink/show?code=XZRmPGZVUMSXJd6asV7i3bhaC4bNYfBDzIk,https://e.pcloud.link/publink/show?code=XZLmPGZmUJTQPMBYy4eghOiAEG6DVaNIWp7,https://e.pcloud.link/publink/show?code=XZQmPGZDPl4hdmpWTyE954zX2PjCpYdvFwX,German,https://www.filmdoo.com/films/love-is-never-far,16/12/2022,20/12/2022,04/01/2023,,https://www.amazon.com/gp/video/detail/B0B8V1HWCP,https://www.amazon.co.uk/gp/video/detail/B0B8TZQTSW,,https://fawesome.tv/movies/10685412/love-is-never-far,2025 LB Global Media,Box Brazil / FilmDoo / Reveel /  Release Tracker,
The Pick Up,Like the First Time,10,2018,USA,English,https://www.imdb.com/title/tt7369906/,112,2022,"Chile, United States, South Korea, Canada, Brazil","French, Korean, Spanish, Portuguese, English",https://www.imdb.com/es/title/tt25730494/,Drama,"LGBTQ+, Coming-of-Age",Giovanna Chesler,Lisa Thrasher (producer); Rebekah Mejorado (associate producer),Giovanna Chesler,Zoe Elizabeth - Stephanie; Kayla Fuentes - Melanie; Sydni Gift - Angel; Ashna Sharan - Mom; Alexandra Wehr - Jogger/Alex,"A sullen teen, resentful of her divorcing parents, doesn’t like their controlling ways. So when her mom picks her up late from swim practice and gets a flat tire along the way, she sulks. That is until a mysterious and intriguing stranger comes to help.
",EN,PG-13,"Mature themes involving adult social environments, sexual tension, and a subversion of traditional dating expectations.","American Cinema, Comedy, Drama, LGBTQ+, Bar Scene, Flirting, Misunderstanding, Subversion, Mystery, New York City, Relationship, Short Film, USA, LGBTQ+, dating, mother-daughter relationship, identity, youth culture",Drama,Romance,"Katerine Martineau, Shin Seung-eun, María Francisca Escobar Nachar, Cris Lyra, Park Eun-gyoung, Giovanna Chesler","Lisa Thrasher, Park Eun-gyoung, Camila Gaglianone, Constanza Contreras Quiroz, Seung-Eun Shin, Guillaume Collin","Elis Menezes, Nã Maranhão, Cris Lyra, Raíssa Lopes, Lana Lopes, Yakini Kalid, Camila Gaglianone, Giovanna Chesler, María Francisca Escobar Nachar, Daniela Faune Sánchez, Shin Seung-eun, Park Eun-gyoung, Katerine Martineau","Maite Neira, Son Soo-Hyun, Lim Ji-ho, Lim Chae-yeon, Baek You-jeong, Ahn Min-young, Julia Lübbert, Nahéma Ricci, Amaryllis Tremblay",Re-live the journey of young love through six female-focused coming-of-age stories exploring chance encounters and hidden longings.,"A long walk home sets the scene for young romance, a trip to the beach becomes an opportunity for quiet reflection and self-acceptance, a naïve mother uncovers the secret life of her daughter, and a sullen teenager sees a new side to her mother. Re-live the journey of young love through six coming-of-age stories exploring chance encounters and hidden longings.","German, English, English HOH",R,"Sexual Content, Nudity, Strong Language, Alcohol Use","LGBTQ+, Lesbian, Teens, Female Lead, Chilean films, American films, South Korean films, Canadian films, Brazilian films, Short Film Compilation, Female Filmmakers, Sexuality, School, Beach, Crush, Family, Relationships",Active,Gonella,sales@gonellaproductions.com ,Yes,https://www.dropbox.com/scl/fo/1bgbho0v3k6hwqlb5mh5k/h/OTHER%20DOCUMENTS/COMPILATIONS/GONELLA?dl=0&preview=FilmDoo+Compilation+Agreement+-+Gonella+Sept+2022+(signed).pdf&subfolder_nav_tracking=1,22/12/2022,4,22/12/2026,Worldwide,,"World excl Bosnia - Herzegovina, Bulgaria, Canada, Croatia, Czech Republic, Hungary, Japan, Kosovo, Moldova, Montenegro, North Macedonia, Poland, Romania, Serbia, Slovak Republic, Slovenia, South Korea",https://e.pcloud.link/publink/show?code=kZmbPGZ32oH1b6i4Y0F4C5Wg9MofVf5YgOk,https://e.pcloud.link/publink/show?code=XZrwCGZDLDPXfIDC4jmBDbfQbhTnJg1xsqy,https://e.pcloud.link/publink/show?code=XZyKCGZnIHOrAUcHObIpLzkWIPvfje7JnRk,https://e.pcloud.link/publink/show?code=kZOwCGZbYXttj2eXrzoPf0bIcRaoJoRlubX,https://e.pcloud.link/publink/show?code=XZXKCGZDIExyDjtFyJg4yI7O5RoM0MBj6jV,https://e.pcloud.link/publink/show?code=kZmbPGZ32oH1b6i4Y0F4C5Wg9MofVf5YgOk,https://e.pcloud.link/publink/show?code=kZbbPGZOIhli84B7sSfylmPnJQ1IJi2fnEV,https://e.pcloud.link/publink/show?code=XZSbPGZvE2hRWtk6U7nJmI1Uj8oFQRdYoDX,https://e.pcloud.link/publink/show?code=XZjbPGZljmDQNchXeLP6NoETAlhw4dsbsvV,https://e.pcloud.link/publink/show?code=XZfbPGZ9RzA6XrfNJm5IqptNKeaw4BjOcX7,German,https://www.filmdoo.com/films/like-the-first-time,22/12/2022,03/01/2023,09/01/2023,,https://www.amazon.com/gp/video/detail/B0B7FCM9PZ,https://www.amazon.co.uk/gp/video/detail/B0B8QQHXQK,https://tubitv.com/movies/100005107/like-the-first-time,https://fawesome.tv/movies/10526248/like-the-first-time,2025 LB Global Media,Box Brazil / FilmDoo / Reveel /  Release Tracker,
So Shiny,Like the First Time,19,2019,South Korea,Korean,https://www.imdb.com/title/tt9839560/,112,2022,"Chile, United States, South Korea, Canada, Brazil","French, Korean, Spanish, Portuguese, English",https://www.imdb.com/es/title/tt25730494/,Drama,"Romance, LGBTQ",Park Eun-gyoung,Park Eun-gyoung,Park Eun-gyoung,Ji-su Park (Chae Yeon); Hyo-jeong Im (Youjeong); Ji-ho Kim (Jiho),"The weather is so beautiful and shiny today. While Chae Yeon has failed another audition, Jiho has to go to the army next Monday, and Youjeong is quite busy with her term paper and a part-time job. Youjeong notices that her best friend Chae Yeon likes Jiho, so she decides to encourage Chae Yeon to confess her love to Jiho.",EN,PG-13,"Gentle themes of adolescent discovery and youthful attraction; focuses on the pure and ""shiny"" emotions of a first crush.","South Korean Cinema, Romance, Drama, LGBTQ+, Youth, First Love, School Setting, Coming-of-Age, Innocence, Discovery, K-Drama Style, Short Film, South Korea, Military Service, Friendship, Youth, Unrequited Love, Auditions",Drama,Romance,"Katerine Martineau, Shin Seung-eun, María Francisca Escobar Nachar, Cris Lyra, Park Eun-gyoung, Giovanna Chesler","Lisa Thrasher, Park Eun-gyoung, Camila Gaglianone, Constanza Contreras Quiroz, Seung-Eun Shin, Guillaume Collin","Elis Menezes, Nã Maranhão, Cris Lyra, Raíssa Lopes, Lana Lopes, Yakini Kalid, Camila Gaglianone, Giovanna Chesler, María Francisca Escobar Nachar, Daniela Faune Sánchez, Shin Seung-eun, Park Eun-gyoung, Katerine Martineau","Maite Neira, Son Soo-Hyun, Lim Ji-ho, Lim Chae-yeon, Baek You-jeong, Ahn Min-young, Julia Lübbert, Nahéma Ricci, Amaryllis Tremblay",Re-live the journey of young love through six female-focused coming-of-age stories exploring chance encounters and hidden longings.,"A long walk home sets the scene for young romance, a trip to the beach becomes an opportunity for quiet reflection and self-acceptance, a naïve mother uncovers the secret life of her daughter, and a sullen teenager sees a new side to her mother. Re-live the journey of young love through six coming-of-age stories exploring chance encounters and hidden longings.","German, English, English HOH",R,"Sexual Content, Nudity, Strong Language, Alcohol Use","LGBTQ+, Lesbian, Teens, Female Lead, Chilean films, American films, South Korean films, Canadian films, Brazilian films, Short Film Compilation, Female Filmmakers, Sexuality, School, Beach, Crush, Family, Relationships",Active,Indiestory,sales@indiestory.com,Yes,https://www.dropbox.com/scl/fo/1bgbho0v3k6hwqlb5mh5k/h/OTHER%20DOCUMENTS/COMPILATIONS/IndieStory?dl=0&preview=FilmDoo+Compilation+Agreement+2022+-+for+IndieStory_07102022+%5BFILMDOO+SIGNED%5D%5BINDIESTORY+SIGNED%5D.pdf&subfolder_nav_tracking=1,22/12/2022,4,22/12/2026,All countries except those mentioned in Geo-Restrictions,excluding South Korea,"World excl Bosnia - Herzegovina, Bulgaria, Canada, Croatia, Czech Republic, Hungary, Japan, Kosovo, Moldova, Montenegro, North Macedonia, Poland, Romania, Serbia, Slovak Republic, Slovenia, South Korea",https://e.pcloud.link/publink/show?code=kZmlCGZhbq37UF4gaLdId8ACaAaPRSXHSO7,https://e.pcloud.link/publink/show?code=XZhlCGZK5rRTRiGH5JFaJXKIH2raYHzj5Ly,https://e.pcloud.link/publink/show?code=XZulCGZ9umz7MkYeg0mk9Xo34jlEHzNn6Yy,,https://e.pcloud.link/publink/show?code=kZ1lCGZ3SD0HtymFtL4FTEHukQQukj7VGzV,https://e.pcloud.link/publink/show?code=kZmbPGZ32oH1b6i4Y0F4C5Wg9MofVf5YgOk,https://e.pcloud.link/publink/show?code=kZbbPGZOIhli84B7sSfylmPnJQ1IJi2fnEV,https://e.pcloud.link/publink/show?code=XZSbPGZvE2hRWtk6U7nJmI1Uj8oFQRdYoDX,https://e.pcloud.link/publink/show?code=XZjbPGZljmDQNchXeLP6NoETAlhw4dsbsvV,https://e.pcloud.link/publink/show?code=XZfbPGZ9RzA6XrfNJm5IqptNKeaw4BjOcX7,German,https://www.filmdoo.com/films/like-the-first-time,22/12/2022,03/01/2023,09/01/2023,,https://www.amazon.com/gp/video/detail/B0B7FCM9PZ,https://www.amazon.co.uk/gp/video/detail/B0B8QQHXQK,https://tubitv.com/movies/100005107/like-the-first-time,https://fawesome.tv/movies/10526248/like-the-first-time,2025 LB Global Media,Box Brazil / FilmDoo / Reveel /  Release Tracker,
Breakwater,Like the First Time,27,2019,Brazil,Portuguese,https://www.imdb.com/title/tt11621206/,112,2022,"Chile, United States, South Korea, Canada, Brazil","French, Korean, Spanish, Portuguese, English",https://www.imdb.com/es/title/tt25730494/,Documentary,LGBTQ,Cris Lyra,Camila Gaglianone,Camila Gaglianone; Yakini Kalid; Lana Lopes; Raíssa Lopes; Cris Lyra; Nã Maranhão; Elis Menezes,Yakini Kalid - Self; Lana Lopes - Self; Raíssa Lopes - Self; Nã Maranhão - Self; Elis Menezes - Self,"A group of friends from São Paulo go on a trip to a remote beach. While they wait for the new year, they build a safe and loving environment through music and friendship. They take care of each other and they feel free.",EN,R,"Mature themes regarding queer sisterhood, collective healing from trauma, and political/social resistance.","Brazil, LGBTQ+, Lesbian, Friendship, Nature, Poetry, Safe Space",Drama,Romance,"Katerine Martineau, Shin Seung-eun, María Francisca Escobar Nachar, Cris Lyra, Park Eun-gyoung, Giovanna Chesler","Lisa Thrasher, Park Eun-gyoung, Camila Gaglianone, Constanza Contreras Quiroz, Seung-Eun Shin, Guillaume Collin","Elis Menezes, Nã Maranhão, Cris Lyra, Raíssa Lopes, Lana Lopes, Yakini Kalid, Camila Gaglianone, Giovanna Chesler, María Francisca Escobar Nachar, Daniela Faune Sánchez, Shin Seung-eun, Park Eun-gyoung, Katerine Martineau","Maite Neira, Son Soo-Hyun, Lim Ji-ho, Lim Chae-yeon, Baek You-jeong, Ahn Min-young, Julia Lübbert, Nahéma Ricci, Amaryllis Tremblay",Re-live the journey of young love through six female-focused coming-of-age stories exploring chance encounters and hidden longings.,"A long walk home sets the scene for young romance, a trip to the beach becomes an opportunity for quiet reflection and self-acceptance, a naïve mother uncovers the secret life of her daughter, and a sullen teenager sees a new side to her mother. Re-live the journey of young love through six coming-of-age stories exploring chance encounters and hidden longings.","German, English, English HOH",R,"Sexual Content, Nudity, Strong Language, Alcohol Use","LGBTQ+, Lesbian, Teens, Female Lead, Chilean films, American films, South Korean films, Canadian films, Brazilian films, Short Film Compilation, Female Filmmakers, Sexuality, School, Beach, Crush, Family, Relationships",Active,Gonella,sales@gonellaproductions.com ,Yes,https://www.dropbox.com/scl/fo/1bgbho0v3k6hwqlb5mh5k/h/OTHER%20DOCUMENTS/COMPILATIONS/GONELLA?dl=0&preview=FilmDoo+Compilation+Agreement+-+Gonella+Oct+2022+Breakwater.doc&subfolder_nav_tracking=1,22/12/2022,4,22/12/2026,Worldwide,,"World excl Bosnia - Herzegovina, Bulgaria, Canada, Croatia, Czech Republic, Hungary, Japan, Kosovo, Moldova, Montenegro, North Macedonia, Poland, Romania, Serbia, Slovak Republic, Slovenia, South Korea",https://e.pcloud.link/publink/show?code=kZQoCGZUehgwW6yaqJMJQiY2NCSWfNaBPz7,https://e.pcloud.link/publink/show?code=XZhoCGZImConw4VIzkGyhRsAkHJL5g94lfX,https://e.pcloud.link/publink/show?code=XZjoCGZuvXxOmjoDHjYvBH7DgQDgYifNORy,https://e.pcloud.link/publink/show?code=XZq6CGZ7BO0HWQwUdY9Rp46af7uOQIucvnk,https://e.pcloud.link/publink/show?code=XZ2oCGZdWoaaX5pTr8mroHIw3buiFSSX2Nk,https://e.pcloud.link/publink/show?code=kZmbPGZ32oH1b6i4Y0F4C5Wg9MofVf5YgOk,https://e.pcloud.link/publink/show?code=kZbbPGZOIhli84B7sSfylmPnJQ1IJi2fnEV,https://e.pcloud.link/publink/show?code=XZSbPGZvE2hRWtk6U7nJmI1Uj8oFQRdYoDX,https://e.pcloud.link/publink/show?code=XZjbPGZljmDQNchXeLP6NoETAlhw4dsbsvV,https://e.pcloud.link/publink/show?code=XZfbPGZ9RzA6XrfNJm5IqptNKeaw4BjOcX7,German,https://www.filmdoo.com/films/like-the-first-time,22/12/2022,03/01/2023,09/01/2023,,https://www.amazon.com/gp/video/detail/B0B7FCM9PZ,https://www.amazon.co.uk/gp/video/detail/B0B8QQHXQK,https://tubitv.com/movies/100005107/like-the-first-time,https://fawesome.tv/movies/10526248/like-the-first-time,2025 LB Global Media,Box Brazil / FilmDoo / Reveel /  Release Tracker,
El Carteo,Like the First Time,14,2017,Chile,Spanish,,112,2022,"Chile, United States, South Korea, Canada, Brazil","French, Korean, Spanish, Portuguese, English",https://www.imdb.com/es/title/tt25730494/,Drama,"LGBTQ, Romance",María Francisca Escobar Nachar,Constanza Contreras Quiroz (Executive Producer); Sombrero de Copa; Triskel Producciones,María Francisca Escobar Nachar; Daniela Faune,Julia Lübbert - Piñi; Maite Neira - Lizzie,"Before MSM, Facebook, and universal access to the internet, kids communicated in a more simple form: using paper and pencil. The year is 1997. Hundreds of love notes are exchanged between the girls’ school and the boys’ institute. Piñi, a shy girl with a deep secret, sees the note-a-thon as the ideal opportunity to get closer to the one who has stolen her heart: her best friend, Lizzie.",EN,PG-13,Light romantic themes and comedic misunderstandings; focuses on the charm of handwritten letters and secret admiration.,"Chilean Cinema, Romance, Comedy, LGBTQ+, Letter Writing, Secret Admirer, Mystery, Tradition, Small Town, Connection, Heartwarming, Short Film, Chile, 1990s, Letter writing, LGBTQ+, School, Secret Love, Nostalgia",Drama,Romance,"Katerine Martineau, Shin Seung-eun, María Francisca Escobar Nachar, Cris Lyra, Park Eun-gyoung, Giovanna Chesler","Lisa Thrasher, Park Eun-gyoung, Camila Gaglianone, Constanza Contreras Quiroz, Seung-Eun Shin, Guillaume Collin","Elis Menezes, Nã Maranhão, Cris Lyra, Raíssa Lopes, Lana Lopes, Yakini Kalid, Camila Gaglianone, Giovanna Chesler, María Francisca Escobar Nachar, Daniela Faune Sánchez, Shin Seung-eun, Park Eun-gyoung, Katerine Martineau","Maite Neira, Son Soo-Hyun, Lim Ji-ho, Lim Chae-yeon, Baek You-jeong, Ahn Min-young, Julia Lübbert, Nahéma Ricci, Amaryllis Tremblay",Re-live the journey of young love through six female-focused coming-of-age stories exploring chance encounters and hidden longings.,"A long walk home sets the scene for young romance, a trip to the beach becomes an opportunity for quiet reflection and self-acceptance, a naïve mother uncovers the secret life of her daughter, and a sullen teenager sees a new side to her mother. Re-live the journey of young love through six coming-of-age stories exploring chance encounters and hidden longings.","German, English, English HOH",R,"Sexual Content, Nudity, Strong Language, Alcohol Use","LGBTQ+, Lesbian, Teens, Female Lead, Chilean films, American films, South Korean films, Canadian films, Brazilian films, Short Film Compilation, Female Filmmakers, Sexuality, School, Beach, Crush, Family, Relationships",Active,Gonella,sales@gonellaproductions.com ,Yes,https://www.dropbox.com/scl/fo/1bgbho0v3k6hwqlb5mh5k/h/OTHER%20DOCUMENTS/COMPILATIONS/GONELLA?dl=0&preview=FilmDoo+Compilation+Agreement+-+Gonella+Sept+2022+(signed).pdf&subfolder_nav_tracking=1,22/12/2022,4,22/12/2026,Worldwide,,"World excl Bosnia - Herzegovina, Bulgaria, Canada, Croatia, Czech Republic, Hungary, Japan, Kosovo, Moldova, Montenegro, North Macedonia, Poland, Romania, Serbia, Slovak Republic, Slovenia, South Korea",https://e.pcloud.link/publink/show?code=kZ1yxGZbie66TwzvEYaYnPJQJEDDfMnUfNV,https://e.pcloud.link/publink/show?code=XZMyxGZa2U0gfkdBw4bDWPqPuULp7D0kxky,https://e.pcloud.link/publink/show?code=XZPyxGZ3ymR2xLUNA8q9kFr6fYoG0vMQm5X,https://e.pcloud.link/publink/show?code=kZnyxGZAU12HStS7xjhqnAIve2bNRt8IBIV,https://e.pcloud.link/publink/show?code=XZKyxGZbnpb73eFSyQWYgmxaHVMBBRydDDy,https://e.pcloud.link/publink/show?code=kZmbPGZ32oH1b6i4Y0F4C5Wg9MofVf5YgOk,https://e.pcloud.link/publink/show?code=kZbbPGZOIhli84B7sSfylmPnJQ1IJi2fnEV,https://e.pcloud.link/publink/show?code=XZSbPGZvE2hRWtk6U7nJmI1Uj8oFQRdYoDX,https://e.pcloud.link/publink/show?code=XZjbPGZljmDQNchXeLP6NoETAlhw4dsbsvV,https://e.pcloud.link/publink/show?code=XZfbPGZ9RzA6XrfNJm5IqptNKeaw4BjOcX7,German,https://www.filmdoo.com/films/like-the-first-time,22/12/2022,03/01/2023,09/01/2023,,https://www.amazon.com/gp/video/detail/B0B7FCM9PZ,https://www.amazon.co.uk/gp/video/detail/B0B8QQHXQK,https://tubitv.com/movies/100005107/like-the-first-time,https://fawesome.tv/movies/10526248/like-the-first-time,2025 LB Global Media,Box Brazil / FilmDoo / Reveel /  Release Tracker,
Mother-in-Law,Like the First Time,24,2019,South Korea,Korean,https://www.imdb.com/title/tt9839528/,112,2022,"Chile, United States, South Korea, Canada, Brazil","French, Korean, Spanish, Portuguese, English",https://www.imdb.com/es/title/tt25730494/,Drama,"LGBTQ, Romance",Seung-Eun Shin,Seung-Eun Shin,Seung-Eun Shin,Ahn Min-yeong - Hyeong-sook,"Homosexual marriage is not yet legalized in Korea. But what if it becomes legal and people of the same sex get married? What should they call each other's parents? In Korea the terms ""father-in-law"" and ""mother-in-law"" are used in each way attached by the gender of the speaker. A language system detached from the heterosexuality would be necessary.",EN,PG-13,"Family Drama, Social Themes","South Korea, Mother-son relationship, LGBTQ+, Acceptance, Family secrets, Hidden identity",Drama,Romance,"Katerine Martineau, Shin Seung-eun, María Francisca Escobar Nachar, Cris Lyra, Park Eun-gyoung, Giovanna Chesler","Lisa Thrasher, Park Eun-gyoung, Camila Gaglianone, Constanza Contreras Quiroz, Seung-Eun Shin, Guillaume Collin","Elis Menezes, Nã Maranhão, Cris Lyra, Raíssa Lopes, Lana Lopes, Yakini Kalid, Camila Gaglianone, Giovanna Chesler, María Francisca Escobar Nachar, Daniela Faune Sánchez, Shin Seung-eun, Park Eun-gyoung, Katerine Martineau","Maite Neira, Son Soo-Hyun, Lim Ji-ho, Lim Chae-yeon, Baek You-jeong, Ahn Min-young, Julia Lübbert, Nahéma Ricci, Amaryllis Tremblay",Re-live the journey of young love through six female-focused coming-of-age stories exploring chance encounters and hidden longings.,"A long walk home sets the scene for young romance, a trip to the beach becomes an opportunity for quiet reflection and self-acceptance, a naïve mother uncovers the secret life of her daughter, and a sullen teenager sees a new side to her mother. Re-live the journey of young love through six coming-of-age stories exploring chance encounters and hidden longings.","German, English, English HOH",R,"Sexual Content, Nudity, Strong Language, Alcohol Use","LGBTQ+, Lesbian, Teens, Female Lead, Chilean films, American films, South Korean films, Canadian films, Brazilian films, Short Film Compilation, Female Filmmakers, Sexuality, School, Beach, Crush, Family, Relationships",Active,Indiestory,sales@indiestory.com,Yes,https://www.dropbox.com/scl/fo/1bgbho0v3k6hwqlb5mh5k/h/OTHER%20DOCUMENTS/COMPILATIONS/IndieStory?dl=0&preview=FilmDoo+Compilation+Agreement+2022+-+for+IndieStory_07102022+%5BFILMDOO+SIGNED%5D%5BINDIESTORY+SIGNED%5D.pdf&subfolder_nav_tracking=1,22/12/2022,4,22/12/2026,All countries except those mentioned in Geo-Restrictions,excluding South Korea,"World excl Bosnia - Herzegovina, Bulgaria, Canada, Croatia, Czech Republic, Hungary, Japan, Kosovo, Moldova, Montenegro, North Macedonia, Poland, Romania, Serbia, Slovak Republic, Slovenia, South Korea",https://e.pcloud.link/publink/show?code=kZE7xGZukitdhTxsrFW8NNio0Lwpy31rEVy,https://e.pcloud.link/publink/show?code=XZB7xGZcR4OUQUeGDunqJeTnYFGj7e7PVPk,https://e.pcloud.link/publink/show?code=kZI7xGZPK81bxVEAyjrwNJMd10eaFRb04ty,,https://e.pcloud.link/publink/show?code=kZA7xGZXPbhXfVF2CRQQ4V0kwttvJ1bsbWX,https://e.pcloud.link/publink/show?code=kZmbPGZ32oH1b6i4Y0F4C5Wg9MofVf5YgOk,https://e.pcloud.link/publink/show?code=kZbbPGZOIhli84B7sSfylmPnJQ1IJi2fnEV,https://e.pcloud.link/publink/show?code=XZSbPGZvE2hRWtk6U7nJmI1Uj8oFQRdYoDX,https://e.pcloud.link/publink/show?code=XZjbPGZljmDQNchXeLP6NoETAlhw4dsbsvV,https://e.pcloud.link/publink/show?code=XZfbPGZ9RzA6XrfNJm5IqptNKeaw4BjOcX7,German,https://www.filmdoo.com/films/like-the-first-time,22/12/2022,03/01/2023,09/01/2023,,https://www.amazon.com/gp/video/detail/B0B7FCM9PZ,https://www.amazon.co.uk/gp/video/detail/B0B8QQHXQK,https://tubitv.com/movies/100005107/like-the-first-time,https://fawesome.tv/movies/10526248/like-the-first-time,2025 LB Global Media,Box Brazil / FilmDoo / Reveel /  Release Tracker,
Girls Shouldn't Walk Alone at Night,Like the First Time,17,2020,Canada,French,https://www.imdb.com/title/tt13026920/,112,2022,"Chile, United States, South Korea, Canada, Brazil","French, Korean, Spanish, Portuguese, English",https://www.imdb.com/es/title/tt25730494/,Drama,"LGBTQ, Coming-of-Age",Katerine Martineau,Guillaume Collin,Katerine Martineau,Amaryllis Tremblay (Chantal); Nahéma Ricci (Delphine); Guillaume Laurin (Nathan); Martin Desgagné (Conducteur); Sébastien Tessier (Vince); Simon Landry-Desy (Peo); Cassandra Gosselin-Pelletier (Chloe); Willia Ferland-Tanguay (Amelie),"After a late night high school graduation party, Chantal and Delphine find themselves walking home alone in the dark. Lost in the forest, their long night walk is punctuated by carelessness and an irrepressible desire to exist.",EN,PG-13,Mature themes involving the threat of harassment and the tension between fear and burgeoning romantic attraction.,"Canadian Cinema, Drama, LGBTQ+, Quebec, Nighttime, Friendship, Tension, Vulnerability, Safety, Atmospheric, Connection, Coming-of-Age, Short Film, Canada, Quebec, LGBTQ+, Forest, Graduation, Night walk, Friendship, Identity",Drama,Romance,"Katerine Martineau, Shin Seung-eun, María Francisca Escobar Nachar, Cris Lyra, Park Eun-gyoung, Giovanna Chesler","Lisa Thrasher, Park Eun-gyoung, Camila Gaglianone, Constanza Contreras Quiroz, Seung-Eun Shin, Guillaume Collin","Elis Menezes, Nã Maranhão, Cris Lyra, Raíssa Lopes, Lana Lopes, Yakini Kalid, Camila Gaglianone, Giovanna Chesler, María Francisca Escobar Nachar, Daniela Faune Sánchez, Shin Seung-eun, Park Eun-gyoung, Katerine Martineau","Maite Neira, Son Soo-Hyun, Lim Ji-ho, Lim Chae-yeon, Baek You-jeong, Ahn Min-young, Julia Lübbert, Nahéma Ricci, Amaryllis Tremblay",Re-live the journey of young love through six female-focused coming-of-age stories exploring chance encounters and hidden longings.,"A long walk home sets the scene for young romance, a trip to the beach becomes an opportunity for quiet reflection and self-acceptance, a naïve mother uncovers the secret life of her daughter, and a sullen teenager sees a new side to her mother. Re-live the journey of young love through six coming-of-age stories exploring chance encounters and hidden longings.","German, English, English HOH",R,"Sexual Content, Nudity, Strong Language, Alcohol Use","LGBTQ+, Lesbian, Teens, Female Lead, Chilean films, American films, South Korean films, Canadian films, Brazilian films, Short Film Compilation, Female Filmmakers, Sexuality, School, Beach, Crush, Family, Relationships",Active,H264,justine@h264distribution.com,Yes,https://www.dropbox.com/scl/fo/1bgbho0v3k6hwqlb5mh5k/h/OTHER%20DOCUMENTS/COMPILATIONS/H264?dl=0&preview=h264+signed_FilmDoo+Compilation+Agreement+2022+-+for+H264.pdf&subfolder_nav_tracking=1,22/12/2022,5,22/12/2027,Worldwide,,"World excl Bosnia - Herzegovina, Bulgaria, Canada, Croatia, Czech Republic, Hungary, Japan, Kosovo, Moldova, Montenegro, North Macedonia, Poland, Romania, Serbia, Slovak Republic, Slovenia, South Korea",https://e.pcloud.link/publink/show?code=kZEkxGZ5vovR7Rk1w5XRHjY8JXsAbSsQJR7,https://e.pcloud.link/publink/show?code=kZjkxGZnkC6QLsg1y77uOXhpzfA88Eo9c47,https://e.pcloud.link/publink/show?code=kZVXxGZF5FBQVViPsS9NFsfGOXY2uQt6mCk,https://e.pcloud.link/publink/show?code=kZNkxGZlSl3yPnDigk8tH0PwY9sEHpg5vV7,https://e.pcloud.link/publink/show?code=XZokxGZQjUUdxhf6GpqC1R7Kw6haYjK2yvV,https://e.pcloud.link/publink/show?code=kZmbPGZ32oH1b6i4Y0F4C5Wg9MofVf5YgOk,https://e.pcloud.link/publink/show?code=kZbbPGZOIhli84B7sSfylmPnJQ1IJi2fnEV,https://e.pcloud.link/publink/show?code=XZSbPGZvE2hRWtk6U7nJmI1Uj8oFQRdYoDX,https://e.pcloud.link/publink/show?code=XZjbPGZljmDQNchXeLP6NoETAlhw4dsbsvV,https://e.pcloud.link/publink/show?code=XZfbPGZ9RzA6XrfNJm5IqptNKeaw4BjOcX7,German,https://www.filmdoo.com/films/like-the-first-time,22/12/2022,03/01/2023,09/01/2023,,https://www.amazon.com/gp/video/detail/B0B7FCM9PZ,https://www.amazon.co.uk/gp/video/detail/B0B8QQHXQK,https://tubitv.com/movies/100005107/like-the-first-time,https://fawesome.tv/movies/10526248/like-the-first-time,2025 LB Global Media,Box Brazil / FilmDoo / Reveel /  Release Tracker,
Tête à Tête,Behind Closed Doors,25,2023,Canada ,English,https://www.imdb.com/title/tt28215715/,122,2023,"Canada, Russia, Turkey, Lithuania, Australia, Brazil","English, French, Russian, Turkish, Lithuanian, Portuguese",https://www.imdb.com/title/tt28805716/,Drama,"LGBTQ, Coming-of-Age",Florence Sobieski,Florence Sobieski,Florence Sobieski,Léopoldine Serre (Léa); Caroline Puyet (Cécile),"Gabrielle, a famous lesbian comedian with strong ties to Toronto's LGBTQ2S+ community and Mathilde, a high-profile corporate lawyer well-established in New York City, discover they share a similar fear of losing their status over living their true identity. This Canadian bilingual short film explores themes of biphobia, sexual identity and social facades.",EN,PG-13,"Mature themes involving internal conflict, identity exploration, and the emotional intimacy of a private conversation.","Canadian Cinema, Drama, LGBTQ+, Conversation, Intimacy, Identity, Personal Discovery, Relationship, Emotional, Interior, Dialogue-Driven, Short Film, France, intimacy, dinner, tension, desire, conversation, LGBTQ+",LGBTQ,Drama,"Nicole Gullane, Kris Kneen, Anthony Mullins, Inesa Marcinkeviciute, Irmak Karasu, Svetlana Sigalaeva, Florence Sobieski","Florence Sobieski, Svetlana Sigalaeva, Su Baloglu, Inesa Marcinkevičiūtė, Kris Kneen, Christiane Fogaça","Sergey Shirinskiy, Geneviève Fontaine, Nicole Gullane, Kris Kneen, Anthony Mullins, Inesa Marcinkeviciute, Irmak Karasu, Svetlana Sigalaeva","Sidney Shorten, Helen O'Leary, Christiane Fogaça, Mayana Neiva, Vilma Raubaite, Fausta Semionovaite, Gönül Ürer, Ece Yüksel, Natalya Pavlenkova, Kristina Kucherenko, Geneviève Fontaine, Alison Louder","Six enlightening tales of private revelations, lingering secrets and those fleeting moments where the burdens of everyday life are temporarily lifted.","A famous comedian makes a surprising confession to a closeted stranger, two bickering parents come home to a scandalous discovery, and an art gallery attendant gets a short glimpse into the life of a young woman she once briefly knew. Enter a new world with six enlightening tales of private revelations, lingering secrets and those fleeting moments where the burdens of everyday life are temporarily lifted.","English, French, German, Spanish",NC-17,"Strong Language, Nudity, Sexual Content","LGBTQ+, Lesbian, Female Lead, Canadian films, Russian films, Turkish films, Lithuanian films, Australian films, Brazilian films, Short Film Compilation, Female Filmmakers, Dating, Family, Relationships, Beach, Museum, Hotel",Active,Gonella,sales@gonellaproductions.com ,Yes,,21/08/2023,4,21/08/2027,Worldwide,,Worldwide,https://e.pcloud.link/publink/show?code=kZSVxGZfQ2rys8NlWkPNKmn4AeKDulC6z6k,https://e.pcloud.link/publink/show?code=kZuVxGZbyrvAUss2nz6Oy9M8Xt9v4jpGOCy,https://e.pcloud.link/publink/show?code=kZBVxGZcglYgGo6amf3oRhyHrPyJJKo3CRX,https://e.pcloud.link/publink/show?code=kZjVxGZ72wPkCzYB8jYKT0UbaVydjoHGf7V,https://e.pcloud.link/publink/show?code=kZWVxGZVD2dE2E8E6yvvwbt7idBT0oQ2o3y,https://e.pcloud.link/publink/show?code=kZIbPGZuCoJsOO7EykTGhFr0lmK4XqljPXV,https://e.pcloud.link/publink/show?code=XZNbPGZafc24KumE9VNVbCXBbfTQftccceV,https://e.pcloud.link/publink/show?code=XZabPGZH9zpPaE5V60Jp7NkGW0MuujzeNg7,https://e.pcloud.link/publink/show?code=XZGbPGZQU5pKOteGdzTSdbV5i7IghpoJRuX,https://e.pcloud.link/publink/show?code=XZvbPGZne3G1p0casznSMEghrGmNy6WNw8V,"German, French, Spanish",https://www.filmdoo.com/films/behind-closed-doors,21/08/2023,21/08/2023,05/09/2023,,https://www.amazon.com/gp/video/detail/B0CGVV3FZD,https://www.amazon.co.uk/gp/video/detail/B0CGVV9RPT,https://tubitv.com/movies/100053099/behind-closed-doors,,2025 LB Global Media,Box Brazil / FilmDoo / Reveel /  Release Tracker,
Bad Daughter,Behind Closed Doors,25,2020,Russia,Russia,https://www.imdb.com/title/tt8718776/,122,2023,"Canada, Russia, Turkey, Lithuania, Australia, Brazil","English, French, Russian, Turkish, Lithuanian, Portuguese",https://www.imdb.com/title/tt28805716/,Drama,"Thriller, Family Drama",Svetlana Sigalaeva,Svetlana Sigalaeva,Sergey Shirinskiy; Svetlana Sigalaeva,Kristina Kucherenko - Masha; Natalya Pavlenkova - Natalia; Anya Patokina - Sveta; Jan Tsapnik - Father,"A story of forbidden love between two female high school students who dream of escaping the hypocritical, fake world of the adults.",EN,NC-17,Emotional Abuse / Domestic Conflict,"Russia, Mother-daughter conflict, domestic drama, family secrets, tension",LGBTQ,Drama,"Nicole Gullane, Kris Kneen, Anthony Mullins, Inesa Marcinkeviciute, Irmak Karasu, Svetlana Sigalaeva, Florence Sobieski","Florence Sobieski, Svetlana Sigalaeva, Su Baloglu, Inesa Marcinkevičiūtė, Kris Kneen, Christiane Fogaça","Sergey Shirinskiy, Geneviève Fontaine, Nicole Gullane, Kris Kneen, Anthony Mullins, Inesa Marcinkeviciute, Irmak Karasu, Svetlana Sigalaeva","Sidney Shorten, Helen O'Leary, Christiane Fogaça, Mayana Neiva, Vilma Raubaite, Fausta Semionovaite, Gönül Ürer, Ece Yüksel, Natalya Pavlenkova, Kristina Kucherenko, Geneviève Fontaine, Alison Louder","Six enlightening tales of private revelations, lingering secrets and those fleeting moments where the burdens of everyday life are temporarily lifted.","A famous comedian makes a surprising confession to a closeted stranger, two bickering parents come home to a scandalous discovery, and an art gallery attendant gets a short glimpse into the life of a young woman she once briefly knew. Enter a new world with six enlightening tales of private revelations, lingering secrets and those fleeting moments where the burdens of everyday life are temporarily lifted.","English, French, German, Spanish",NC-17,"Strong Language, Nudity, Sexual Content","LGBTQ+, Lesbian, Female Lead, Canadian films, Russian films, Turkish films, Lithuanian films, Australian films, Brazilian films, Short Film Compilation, Female Filmmakers, Dating, Family, Relationships, Beach, Museum, Hotel",Active,Gonella,sales@gonellaproductions.com ,Yes,,21/08/2023,4,21/08/2027,Worldwide,,Worldwide,https://e.pcloud.link/publink/show?code=kZp5xGZmYmLMlawTczjnOSstSszyHGXqYzV,https://e.pcloud.link/publink/show?code=kZm5xGZQp7PLWJnLKzOaitxW8EUHjFr0u1y,https://e.pcloud.link/publink/show?code=kZS5xGZFHXAeLVchApuOvRv9xIGDQxvNaWX,https://e.pcloud.link/publink/show?code=kZQ5xGZ8NsqRsy3TXRnOO3V1Pgenpwk4aYX,https://e.pcloud.link/publink/show?code=XZf5xGZq8q3YwEFEwSQlLCvy5GNoLyeOWsy,https://e.pcloud.link/publink/show?code=kZIbPGZuCoJsOO7EykTGhFr0lmK4XqljPXV,https://e.pcloud.link/publink/show?code=XZNbPGZafc24KumE9VNVbCXBbfTQftccceV,https://e.pcloud.link/publink/show?code=XZabPGZH9zpPaE5V60Jp7NkGW0MuujzeNg7,https://e.pcloud.link/publink/show?code=XZGbPGZQU5pKOteGdzTSdbV5i7IghpoJRuX,https://e.pcloud.link/publink/show?code=XZvbPGZne3G1p0casznSMEghrGmNy6WNw8V,,https://www.filmdoo.com/films/behind-closed-doors,21/08/2023,21/08/2023,05/09/2023,,https://www.amazon.com/gp/video/detail/B0CGVV3FZD,https://www.amazon.co.uk/gp/video/detail/B0CGVV9RPT,https://tubitv.com/movies/100053099/behind-closed-doors,,2025 LB Global Media,Box Brazil / FilmDoo / Reveel /  Release Tracker,
Mamaville,Behind Closed Doors,20,2020,Turkey,Turkish,https://www.imdb.com/title/tt10471338/?ref_=nv_sr_srsg_0_tt_5_nm_3_in_0_q_Mamaville,122,2023,"Canada, Russia, Turkey, Lithuania, Australia, Brazil","English, French, Russian, Turkish, Lithuanian, Portuguese",https://www.imdb.com/title/tt28805716/,Drama,"Coming-of-Age, LGBTQ",Irmak Karasu,Su Baloglu (Producer); Cemile Turam (Associate Producer),Irmak Karasu,Ece Yüksel (Ferah); Gönül Ürer (Grandmother); Begüm Akkaya; Arda Yesillikci; Ataberk Oge; Hasan Say,"In a small port town, fifteen year-old Ferah is spending the summer at her grandmother’s beach house. The grandmother indulges in watching dating reality shows, while Ferah craves her own sexual release. Pressure is palpable, desire doesn't still, and the summer wind blows strong through every opening.",EN,NC-17,"Sexual themes, nudity, and coming-of-age exploration.","Turkey, summer, coming-of-age, sexuality, grandmother-granddaughter, desire, conservatism",LGBTQ,Drama,"Nicole Gullane, Kris Kneen, Anthony Mullins, Inesa Marcinkeviciute, Irmak Karasu, Svetlana Sigalaeva, Florence Sobieski","Florence Sobieski, Svetlana Sigalaeva, Su Baloglu, Inesa Marcinkevičiūtė, Kris Kneen, Christiane Fogaça","Sergey Shirinskiy, Geneviève Fontaine, Nicole Gullane, Kris Kneen, Anthony Mullins, Inesa Marcinkeviciute, Irmak Karasu, Svetlana Sigalaeva","Sidney Shorten, Helen O'Leary, Christiane Fogaça, Mayana Neiva, Vilma Raubaite, Fausta Semionovaite, Gönül Ürer, Ece Yüksel, Natalya Pavlenkova, Kristina Kucherenko, Geneviève Fontaine, Alison Louder","Six enlightening tales of private revelations, lingering secrets and those fleeting moments where the burdens of everyday life are temporarily lifted.","A famous comedian makes a surprising confession to a closeted stranger, two bickering parents come home to a scandalous discovery, and an art gallery attendant gets a short glimpse into the life of a young woman she once briefly knew. Enter a new world with six enlightening tales of private revelations, lingering secrets and those fleeting moments where the burdens of everyday life are temporarily lifted.","English, French, German, Spanish",NC-17,"Strong Language, Nudity, Sexual Content","LGBTQ+, Lesbian, Female Lead, Canadian films, Russian films, Turkish films, Lithuanian films, Australian films, Brazilian films, Short Film Compilation, Female Filmmakers, Dating, Family, Relationships, Beach, Museum, Hotel",Active,Gonella,sales@gonellaproductions.com ,Yes,,21/08/2023,4,21/08/2027,Worldwide,,Worldwide,https://e.pcloud.link/publink/show?code=kZSJxGZUWKiYMdojvVgC6Ykk7RuMQwfqc57,https://e.pcloud.link/publink/show?code=kZfJxGZcPBQ2qhhkkfifQ9zHsFJBSfsmjR7,https://e.pcloud.link/publink/show?code=kZeJxGZzFcQfIoORYbePxDcijO9IHnq3lnk,https://e.pcloud.link/publink/show?code=kZBJxGZQnFizDBRgIbCk1ueKmgpQXApE8pk,https://e.pcloud.link/publink/show?code=kZ9JxGZCxt2PNHT0eQnPlVlyQw6KkrkM32y,https://e.pcloud.link/publink/show?code=kZIbPGZuCoJsOO7EykTGhFr0lmK4XqljPXV,https://e.pcloud.link/publink/show?code=XZNbPGZafc24KumE9VNVbCXBbfTQftccceV,https://e.pcloud.link/publink/show?code=XZabPGZH9zpPaE5V60Jp7NkGW0MuujzeNg7,https://e.pcloud.link/publink/show?code=XZGbPGZQU5pKOteGdzTSdbV5i7IghpoJRuX,https://e.pcloud.link/publink/show?code=XZvbPGZne3G1p0casznSMEghrGmNy6WNw8V,"German, French, Spanish",https://www.filmdoo.com/films/behind-closed-doors,21/08/2023,21/08/2023,05/09/2023,,https://www.amazon.com/gp/video/detail/B0CGVV3FZD,https://www.amazon.co.uk/gp/video/detail/B0CGVV9RPT,https://tubitv.com/movies/100053099/behind-closed-doors,,2025 LB Global Media,Box Brazil / FilmDoo / Reveel /  Release Tracker,
Foto_Shoot,Behind Closed Doors,23,2022,Lithuania,Lithuanian,,122,2023,"Canada, Russia, Turkey, Lithuania, Australia, Brazil","English, French, Russian, Turkish, Lithuanian, Portuguese",https://www.imdb.com/title/tt28805716/,Drama,"LGBTQ, Thriller",Inesa Marcinkevičiūtė,Inesa Marcinkevičiūtė,Inesa Marcinkevičiūtė,Fausta Semionovaite; Gerda Čiuraitė; Rasa Samuolytė; Vilma Raubaitė,"Monika meets Ginte while taking pictures at night in an abandoned building. After meeting, Monika and Ginte exchange photo negatives. They agree to take photos on the tapes again and meet to see how the photos turned out in the double exposure. When Monika takes a photo of Ginte's tape and highlights it, Monika begins to see overlapping portraits of herself and Ginte. Meanwhile, the tension between Monika and her partner Juste grows.
",EN,NC-17,"Psychological tension, artistic nudity, and mature themes.","Lithuania, photography, photo shoot, studio, power dynamics, LGBTQ+, identity",LGBTQ,Drama,"Nicole Gullane, Kris Kneen, Anthony Mullins, Inesa Marcinkeviciute, Irmak Karasu, Svetlana Sigalaeva, Florence Sobieski","Florence Sobieski, Svetlana Sigalaeva, Su Baloglu, Inesa Marcinkevičiūtė, Kris Kneen, Christiane Fogaça","Sergey Shirinskiy, Geneviève Fontaine, Nicole Gullane, Kris Kneen, Anthony Mullins, Inesa Marcinkeviciute, Irmak Karasu, Svetlana Sigalaeva","Sidney Shorten, Helen O'Leary, Christiane Fogaça, Mayana Neiva, Vilma Raubaite, Fausta Semionovaite, Gönül Ürer, Ece Yüksel, Natalya Pavlenkova, Kristina Kucherenko, Geneviève Fontaine, Alison Louder","Six enlightening tales of private revelations, lingering secrets and those fleeting moments where the burdens of everyday life are temporarily lifted.","A famous comedian makes a surprising confession to a closeted stranger, two bickering parents come home to a scandalous discovery, and an art gallery attendant gets a short glimpse into the life of a young woman she once briefly knew. Enter a new world with six enlightening tales of private revelations, lingering secrets and those fleeting moments where the burdens of everyday life are temporarily lifted.","English, French, German, Spanish",NC-17,"Strong Language, Nudity, Sexual Content","LGBTQ+, Lesbian, Female Lead, Canadian films, Russian films, Turkish films, Lithuanian films, Australian films, Brazilian films, Short Film Compilation, Female Filmmakers, Dating, Family, Relationships, Beach, Museum, Hotel",Active,Gonella,sales@gonellaproductions.com ,Yes,,21/08/2023,4,21/08/2027,Worldwide,,Worldwide,https://e.pcloud.link/publink/show?code=kZQFxGZrV2Bg2uhJo07sE6HptQu3m9bLx0V,https://e.pcloud.link/publink/show?code=kZuFxGZu3j3M1cWJejRd6qSfGXYLV9DC0Jk,https://e.pcloud.link/publink/show?code=kZ2FxGZIdyrF2RFHDQGCGcPwsMptyYAXB87,https://e.pcloud.link/publink/show?code=kZhFxGZJ6kQvYhH68YxkCKK4UrKESr6skik,https://e.pcloud.link/publink/show?code=XZDFxGZW8TLcP7YPSbyRafBlePlrJ0slUn7,https://e.pcloud.link/publink/show?code=kZIbPGZuCoJsOO7EykTGhFr0lmK4XqljPXV,https://e.pcloud.link/publink/show?code=XZNbPGZafc24KumE9VNVbCXBbfTQftccceV,https://e.pcloud.link/publink/show?code=XZabPGZH9zpPaE5V60Jp7NkGW0MuujzeNg7,https://e.pcloud.link/publink/show?code=XZGbPGZQU5pKOteGdzTSdbV5i7IghpoJRuX,https://e.pcloud.link/publink/show?code=XZvbPGZne3G1p0casznSMEghrGmNy6WNw8V,"German, French, Spanish",https://www.filmdoo.com/films/behind-closed-doors,21/08/2023,21/08/2023,05/09/2023,,https://www.amazon.com/gp/video/detail/B0CGVV3FZD,https://www.amazon.co.uk/gp/video/detail/B0CGVV9RPT,https://tubitv.com/movies/100053099/behind-closed-doors,,2025 LB Global Media,Box Brazil / FilmDoo / Reveel / TMDB / Release Tracker,
I Long For You to See Me,Behind Closed Doors,12,2023,Australia,English,https://www.imdb.com/title/tt31382134/,122,2023,"Canada, Russia, Turkey, Lithuania, Australia, Brazil","English, French, Russian, Turkish, Lithuanian, Portuguese",https://www.imdb.com/title/tt28805716/,Drama,"LGBTQ, Experimental",Kris Kneen; Anthony Mullins,Kris Kneen (producer); Anthony Mullins (producer); Sue Swinburne (producer),Kris Kneen; Anthony Mullins,Helen O'Leary; Grace Royle; Sidney Shorten,An art gallery attendant follows a young woman she suspects is the child she gave up for adoption many years earlier.,EN,NC-17,"Intimate exploration of the human form, nudity, and emotional vulnerability.","Australia, body identity, visibility, LGBTQ+, intimacy, vulnerability, human form",LGBTQ,Drama,"Nicole Gullane, Kris Kneen, Anthony Mullins, Inesa Marcinkeviciute, Irmak Karasu, Svetlana Sigalaeva, Florence Sobieski","Florence Sobieski, Svetlana Sigalaeva, Su Baloglu, Inesa Marcinkevičiūtė, Kris Kneen, Christiane Fogaça","Sergey Shirinskiy, Geneviève Fontaine, Nicole Gullane, Kris Kneen, Anthony Mullins, Inesa Marcinkeviciute, Irmak Karasu, Svetlana Sigalaeva","Sidney Shorten, Helen O'Leary, Christiane Fogaça, Mayana Neiva, Vilma Raubaite, Fausta Semionovaite, Gönül Ürer, Ece Yüksel, Natalya Pavlenkova, Kristina Kucherenko, Geneviève Fontaine, Alison Louder","Six enlightening tales of private revelations, lingering secrets and those fleeting moments where the burdens of everyday life are temporarily lifted.","A famous comedian makes a surprising confession to a closeted stranger, two bickering parents come home to a scandalous discovery, and an art gallery attendant gets a short glimpse into the life of a young woman she once briefly knew. Enter a new world with six enlightening tales of private revelations, lingering secrets and those fleeting moments where the burdens of everyday life are temporarily lifted.","English, French, German, Spanish",NC-17,"Strong Language, Nudity, Sexual Content","LGBTQ+, Lesbian, Female Lead, Canadian films, Russian films, Turkish films, Lithuanian films, Australian films, Brazilian films, Short Film Compilation, Female Filmmakers, Dating, Family, Relationships, Beach, Museum, Hotel",Active,Gonella,sales@gonellaproductions.com ,Yes,,21/08/2023,4,21/08/2027,Worldwide,,Worldwide,https://e.pcloud.link/publink/show?code=kZspxGZGYOE3gE1Ua7wF7CyF0d9lzJvIA3k,https://e.pcloud.link/publink/show?code=kZepxGZnVkDtsJTNbS0Jc99BEOTHfMjpw1y,https://e.pcloud.link/publink/show?code=kZ9pxGZ0YhtpbMwtWy6kGJhX73a60oIiMdV,https://e.pcloud.link/publink/show?code=kZDpxGZgoRzsIgAb2y4lDFCE8jDQVVvkK17,https://e.pcloud.link/publink/show?code=XZMpxGZcW2uVnvsdTheTfRXGjns3Rb5Cl17,https://e.pcloud.link/publink/show?code=kZIbPGZuCoJsOO7EykTGhFr0lmK4XqljPXV,https://e.pcloud.link/publink/show?code=XZNbPGZafc24KumE9VNVbCXBbfTQftccceV,https://e.pcloud.link/publink/show?code=XZabPGZH9zpPaE5V60Jp7NkGW0MuujzeNg7,https://e.pcloud.link/publink/show?code=XZGbPGZQU5pKOteGdzTSdbV5i7IghpoJRuX,https://e.pcloud.link/publink/show?code=XZvbPGZne3G1p0casznSMEghrGmNy6WNw8V,"German, French, Spanish",https://www.filmdoo.com/films/behind-closed-doors,21/08/2023,21/08/2023,05/09/2023,,https://www.amazon.com/gp/video/detail/B0CGVV3FZD,https://www.amazon.co.uk/gp/video/detail/B0CGVV9RPT,https://tubitv.com/movies/100053099/behind-closed-doors,,2025 LB Global Media,Box Brazil / FilmDoo / Reveel /  IMDB / Release Tracker,
Welcome Back,Behind Closed Doors,15,2023,Brazil,Portuguese,https://www.imdb.com/title/tt22503108/,122,2023,"Canada, Russia, Turkey, Lithuania, Australia, Brazil","English, French, Russian, Turkish, Lithuanian, Portuguese",https://www.imdb.com/title/tt28805716/,Drama,"LGBTQ, Experimental",Nicole Gullane,Christiane Fogaça; Nicole Gullane; André Ristum; Cecilia Nigri (Executive Producer),Nicole Gullane,Rosi Campos (Ivone); Christiane Fogaça (Bianca); Gabriel Godoy (Julio); Thais Lago (Vanessa); Augusto Madeira (Jaime); Mayana Neiva (Marcela); Fafá Rennó (Suzana),"After years away, Marcela decides to return to her mother's house to tell her something new: she is going to marry her girlfriend, Bianca. Arriving there, she is surprised by other family members and memories she had been ignoring for years. The day is intense, permeated by Bianca's discoveries about her fiance's past and unexpected conversations, which, in the end, only strengthen Marcela's relationship with Bianca, with her mother and with herself.",EN,PG-13,"Mature themes involving emotional reconciliation, the weight of past history, and complex relationship dynamics.","Brazilian Cinema, Drama, Romance, LGBTQ+, Reunion, Nostalgia, Emotional, Reconciliation, Interior, Tension, Relationship, Short Film",LGBTQ,Drama,"Nicole Gullane, Kris Kneen, Anthony Mullins, Inesa Marcinkeviciute, Irmak Karasu, Svetlana Sigalaeva, Florence Sobieski","Florence Sobieski, Svetlana Sigalaeva, Su Baloglu, Inesa Marcinkevičiūtė, Kris Kneen, Christiane Fogaça","Sergey Shirinskiy, Geneviève Fontaine, Nicole Gullane, Kris Kneen, Anthony Mullins, Inesa Marcinkeviciute, Irmak Karasu, Svetlana Sigalaeva","Sidney Shorten, Helen O'Leary, Christiane Fogaça, Mayana Neiva, Vilma Raubaite, Fausta Semionovaite, Gönül Ürer, Ece Yüksel, Natalya Pavlenkova, Kristina Kucherenko, Geneviève Fontaine, Alison Louder","Six enlightening tales of private revelations, lingering secrets and those fleeting moments where the burdens of everyday life are temporarily lifted.","A famous comedian makes a surprising confession to a closeted stranger, two bickering parents come home to a scandalous discovery, and an art gallery attendant gets a short glimpse into the life of a young woman she once briefly knew. Enter a new world with six enlightening tales of private revelations, lingering secrets and those fleeting moments where the burdens of everyday life are temporarily lifted.","English, French, German, Spanish",NC-17,"Strong Language, Nudity, Sexual Content","LGBTQ+, Lesbian, Female Lead, Canadian films, Russian films, Turkish films, Lithuanian films, Australian films, Brazilian films, Short Film Compilation, Female Filmmakers, Dating, Family, Relationships, Beach, Museum, Hotel",Active,Gonella,sales@gonellaproductions.com ,Yes,,21/08/2023,4,21/08/2027,Worldwide,,Worldwide,https://e.pcloud.link/publink/show?code=kZJRxGZmncGlvD5TEVQGI1PQ2fVRyusDKR7,https://e.pcloud.link/publink/show?code=kZQRxGZ09uNn31lJgSrlkGANMv0KkMa9qNk,https://e.pcloud.link/publink/show?code=kZLRxGZAC6nKwEmLA07qnoSYDCmlHxbpfny,https://e.pcloud.link/publink/show?code=kZFRxGZIwL2h3XNT3mmQMsGYaofimkpDfRV,https://e.pcloud.link/publink/show?code=XZbRxGZ1xrquNmg0hY01lpwyD3oY4Jf5HmV,https://e.pcloud.link/publink/show?code=kZIbPGZuCoJsOO7EykTGhFr0lmK4XqljPXV,https://e.pcloud.link/publink/show?code=XZNbPGZafc24KumE9VNVbCXBbfTQftccceV,https://e.pcloud.link/publink/show?code=XZabPGZH9zpPaE5V60Jp7NkGW0MuujzeNg7,https://e.pcloud.link/publink/show?code=XZGbPGZQU5pKOteGdzTSdbV5i7IghpoJRuX,https://e.pcloud.link/publink/show?code=XZvbPGZne3G1p0casznSMEghrGmNy6WNw8V,"German, French, Spanish",https://www.filmdoo.com/films/behind-closed-doors,21/08/2023,21/08/2023,05/09/2023,,https://www.amazon.com/gp/video/detail/B0CGVV3FZD,https://www.amazon.co.uk/gp/video/detail/B0CGVV9RPT,https://tubitv.com/movies/100053099/behind-closed-doors,,2025 LB Global Media,Box Brazil / FilmDoo / Reveel /  IMDB / Release Tracker,
The Inner Shadow,When You Look Beneath the Skin,16,2018,Brazil,Portuguese,https://www.imdb.com/title/tt7970434/,93,2023,"United States, Spain, Brazil, France","English, Spanish, Portuguese, French",https://www.imdb.com/es/title/tt26340918/,Drama,"LGBTQ, Thriller",Diego Tafarel,Alessandro Montelli (Executive Producer),Diego Tafarel; Rodrigo Scheid,Rafael Schaefer (Son); Frederico Vittola (Dad); Rodrigo Shalako (Black Man); Carina Dias (Mom); Eike Junior (Bartender); John Muller (Client),"A young boy was raised by his father to learn how to hunt, build, and other skills that men should know. To him, his father was a paragon of masculinity. But one day, he discovers a darker side of his father that no one knows about.","EN, ES, IT, PT-BR, DE",PG-13,"Mature themes regarding psychological isolation, emotional vulnerability, and the internal struggle with identity.","Brazilian Cinema, Drama, LGBTQ+, Psychological, Introspection, Identity, Loneliness, Connection, Atmospheric, Emotional, Short Film",LGBTQ,"Drama, Romance","Robert Ly, Greg Emetaz, Jesús Díaz Morcillo, Diego Tafarel, Adrià Guxens, Blake Pruitt","Alessandro Montelli, Robert Ly, Lizzie Shapiro, Uxío Corbelle, Cara Consilvio, Adrià Guxens","Jesús Díaz Morcillo, Greg Emetaz, Diego Tafarel, Blake Pruitt, Adrià Guxens","Shane Zeigler, Joshua Gonzales, Roko Scherer, Isaac Josephthal, Patrick Martino, Jesús Díaz Morcillo, Eike Junior, Carina Dias, Marc Joy, Adrià Sánchez-Campo","Immerse yourself in six contemporary stories exploring hidden passions, unspoken feelings and what it means to find yourself in the eyes of another.","An awkward couple hides their relationship from the world during an ill-considered holiday, a surprising discovery reshapes a young boy's view of his stern father, and an ambitious teen must confront his sexuality as he considers enrolment in a prestigious all-boys school. Immerse yourself in six contemporary stories exploring hidden passions, unspoken feelings and what it means to find yourself in the eyes of another.","English, English HOH, German",R,"Sexual Content, Strong Language, Violence","LGBTQ+, Gay, American films, Spanish films, Brazilian films, French films, Short Film Compilation, Countryside, Prejudice, Family, Dating, Relationships",Active,Gonella,sales@gonellaproductions.com ,Yes,,13/01/2023,4,13/01/2027,Worldwide,,Worldwide,https://e.pcloud.link/publink/show?code=kZAAdGZpfi4VxA3iuRtwNx4AXasLboWC8Wy,https://e.pcloud.link/publink/show?code=XZtAdGZzDv9MebHmAblrnBTzjPax5wuDEdX,https://e.pcloud.link/publink/show?code=XZkNdGZmdlBvqX1wpXkJRWoirdOJb669F4y,,https://e.pcloud.link/publink/show?code=XZpNdGZegSPeangzh53ofkiHeTPNHo4epQy,https://e.pcloud.link/publink/show?code=kZbhPGZA1WabV2obEXBrtyHefowYBIqjq8V,https://e.pcloud.link/publink/show?code=XZhhPGZY09soUUjFPpsArBmLOQrybv9FRBV,https://e.pcloud.link/publink/show?code=XZuhPGZEyGtFJhejWpsBm7qKXr3WVAyE9w7,https://e.pcloud.link/publink/show?code=XZfhPGZEWVpAAo7txRuWT1fy2c6mY9azraV,https://e.pcloud.link/publink/show?code=XZBhPGZk14a1Mt6zw08nyfJJs6tGbAvWiny,German,https://www.filmdoo.com/films/when-you-look-beneath-the-skin/,13/01/2023,13/01/2023,23/01/2023,,https://www.amazon.com/gp/video/detail/B0B8SGMSD4,https://www.amazon.co.uk/gp/video/detail/B0B8SF2WPS,,https://fawesome.tv/movies/10684527/when-you-look-beneath-the-skin,2025 LB Global Media,Box Brazil / FilmDoo / Reveel /  IMDB / Release Tracker,
Brothers,When You Look Beneath the Skin,9,2015,France,French / English,,93,2023,"United States, Spain, Brazil, France","English, Spanish, Portuguese, French",https://www.imdb.com/es/title/tt26340918/,Drama,"LGBTQ, Comedy",Robert Ly,Robert Ly,Robert Ly,Guillaume Bursztyn; Denis Leluc; Cécile Geindre; Sophie Chamoux; Olya Krasnykh; Yuliya Antonova; Arnas Fedaravicius,"Damien and François decided to come out of the closet today but no one really believed them. Obviously, they didn’t look gay enough.","EN, DE",PG-13,"Mature themes involving the blurring of boundaries in close relationships, emotional intensity, and complex bonds.","French Cinema, Drama, LGBTQ+, Intimacy, Boundaries, Connection, Tension, Emotional, Friendship, Brotherhood, Identity, Short Film",LGBTQ,"Drama, Romance","Robert Ly, Greg Emetaz, Jesús Díaz Morcillo, Diego Tafarel, Adrià Guxens, Blake Pruitt","Alessandro Montelli, Robert Ly, Lizzie Shapiro, Uxío Corbelle, Cara Consilvio, Adrià Guxens","Jesús Díaz Morcillo, Greg Emetaz, Diego Tafarel, Blake Pruitt, Adrià Guxens","Shane Zeigler, Joshua Gonzales, Roko Scherer, Isaac Josephthal, Patrick Martino, Jesús Díaz Morcillo, Eike Junior, Carina Dias, Marc Joy, Adrià Sánchez-Campo","Immerse yourself in six contemporary stories exploring hidden passions, unspoken feelings and what it means to find yourself in the eyes of another.","An awkward couple hides their relationship from the world during an ill-considered holiday, a surprising discovery reshapes a young boy's view of his stern father, and an ambitious teen must confront his sexuality as he considers enrolment in a prestigious all-boys school. Immerse yourself in six contemporary stories exploring hidden passions, unspoken feelings and what it means to find yourself in the eyes of another.","English, English HOH, German",R,"Sexual Content, Strong Language, Violence","LGBTQ+, Gay, American films, Spanish films, Brazilian films, French films, Short Film Compilation, Countryside, Prejudice, Family, Dating, Relationships",Active,Gonella,sales@gonellaproductions.com ,Yes,,13/01/2023,4,13/01/2027,Worldwide,,Worldwide,https://e.pcloud.link/publink/show?code=kZmNdGZcoXn8PJWbvJG1VCXF60ydk9OB3QX,https://e.pcloud.link/publink/show?code=XZfNdGZoGCLNgM32I4Hx3xWWbezrmwKbD1V,https://e.pcloud.link/publink/show?code=XZ2NdGZpSG2Dv5Ky4f6hnudniKvo0tckpwk,https://e.pcloud.link/publink/show?code=XZjNdGZIwarWuaMJG8L8TnlGTFN0uAoAHBV,https://e.pcloud.link/publink/show?code=XZWNdGZDACFlYHJ43mPpsgGbJyz6XyoMCcV,https://e.pcloud.link/publink/show?code=kZbhPGZA1WabV2obEXBrtyHefowYBIqjq8V,https://e.pcloud.link/publink/show?code=XZhhPGZY09soUUjFPpsArBmLOQrybv9FRBV,https://e.pcloud.link/publink/show?code=XZuhPGZEyGtFJhejWpsBm7qKXr3WVAyE9w7,https://e.pcloud.link/publink/show?code=XZfhPGZEWVpAAo7txRuWT1fy2c6mY9azraV,https://e.pcloud.link/publink/show?code=XZBhPGZk14a1Mt6zw08nyfJJs6tGbAvWiny,German,https://www.filmdoo.com/films/when-you-look-beneath-the-skin/,13/01/2023,13/01/2023,23/01/2023,,https://www.amazon.com/gp/video/detail/B0B8SGMSD4,https://www.amazon.co.uk/gp/video/detail/B0B8SF2WPS,,https://fawesome.tv/movies/10684527/when-you-look-beneath-the-skin,2025 LB Global Media,Box Brazil / FilmDoo / Reveel /  Filmzie / Release Tracker,
Read Aloud,When You Look Beneath the Skin,15,2015,USA,English,https://www.imdb.com/de/title/tt4800850/,93,2023,"United States, Spain, Brazil, France","English, Spanish, Portuguese, French",https://www.imdb.com/es/title/tt26340918/,Drama,LGBTQ,Blake Pruitt,Lizzie Shapiro,Blake Pruitt,Isaac Josephthal; Heather Litteer; Roko Scherer; Jose Sepulveda,A young gay editor who dreams of performing is pushed into a new creative world by an online hookup.,"EN, DE",PG-13,"Mature themes regarding social anxiety, the vulnerability of verbal expression, and emotional connection.","American Cinema, Drama, Romance, LGBTQ+, Social Anxiety, Communication, Intimacy, Connection, Vulnerability, Literary, Short Film",LGBTQ,"Drama, Romance","Robert Ly, Greg Emetaz, Jesús Díaz Morcillo, Diego Tafarel, Adrià Guxens, Blake Pruitt","Alessandro Montelli, Robert Ly, Lizzie Shapiro, Uxío Corbelle, Cara Consilvio, Adrià Guxens","Jesús Díaz Morcillo, Greg Emetaz, Diego Tafarel, Blake Pruitt, Adrià Guxens","Shane Zeigler, Joshua Gonzales, Roko Scherer, Isaac Josephthal, Patrick Martino, Jesús Díaz Morcillo, Eike Junior, Carina Dias, Marc Joy, Adrià Sánchez-Campo","Immerse yourself in six contemporary stories exploring hidden passions, unspoken feelings and what it means to find yourself in the eyes of another.","An awkward couple hides their relationship from the world during an ill-considered holiday, a surprising discovery reshapes a young boy's view of his stern father, and an ambitious teen must confront his sexuality as he considers enrolment in a prestigious all-boys school. Immerse yourself in six contemporary stories exploring hidden passions, unspoken feelings and what it means to find yourself in the eyes of another.","English, English HOH, German",R,"Sexual Content, Strong Language, Violence","LGBTQ+, Gay, American films, Spanish films, Brazilian films, French films, Short Film Compilation, Countryside, Prejudice, Family, Dating, Relationships",Active,Gonella,sales@gonellaproductions.com ,Yes,,13/01/2023,4,13/01/2027,Worldwide,,Worldwide,https://e.pcloud.link/publink/show?code=kZeNdGZc1kGdHjfovLPUqMlyX9tzLG2tlP7,https://e.pcloud.link/publink/show?code=XZCNdGZDkmxaqwM0CygoLj7kwK1LflRzY2y,https://e.pcloud.link/publink/show?code=XZKNdGZrhrcSeETer0iavc3fMsO2Ydf1Mbk,,https://e.pcloud.link/publink/show?code=XZ6NdGZa4copvFp6zf8ppn9uejmnHRBFzmV,https://e.pcloud.link/publink/show?code=kZbhPGZA1WabV2obEXBrtyHefowYBIqjq8V,https://e.pcloud.link/publink/show?code=XZhhPGZY09soUUjFPpsArBmLOQrybv9FRBV,https://e.pcloud.link/publink/show?code=XZuhPGZEyGtFJhejWpsBm7qKXr3WVAyE9w7,https://e.pcloud.link/publink/show?code=XZfhPGZEWVpAAo7txRuWT1fy2c6mY9azraV,https://e.pcloud.link/publink/show?code=XZBhPGZk14a1Mt6zw08nyfJJs6tGbAvWiny,German,https://www.filmdoo.com/films/when-you-look-beneath-the-skin/,13/01/2023,13/01/2023,23/01/2023,,https://www.amazon.com/gp/video/detail/B0B8SGMSD4,https://www.amazon.co.uk/gp/video/detail/B0B8SF2WPS,,https://fawesome.tv/movies/10684527/when-you-look-beneath-the-skin,2025 LB Global Media,Box Brazil / FilmDoo / Reveel /  IMDB / Release Tracker,
Into the Storm,When You Look Beneath the Skin,17,2019,Spain,Spanish,https://www.imdb.com/de/title/tt10765960/,93,2023,"United States, Spain, Brazil, France","English, Spanish, Portuguese, French",https://www.imdb.com/es/title/tt26340918/,Drama,"LGBTQ, Romance",Jesús Díaz Morcillo,Uxío Corbelle (Co-producer); Mireya Delgado (Co-producer),Jesús Díaz Morcillo,Jesús Díaz Morcillo (Pole); Patrick Martino (Lucas),"Pol and Lucas are spending a holiday in the north. They dance, they shout, they discover each other, they argue. They love each other, but in different ways. In the end, what goes unsaid weighs heavier than words. In that silence, the storm begins.","EN, FR, DE",PG-13,"Mature themes involving psychological distress, the impact of physical environment on mental health, and emotional isolation.","Spanish Cinema, Drama, LGBTQ+, Psychological, Nature, Isolation, Atmosphere, Metaphorical, Connection, Identity, Storm, Short Film",LGBTQ,"Drama, Romance","Robert Ly, Greg Emetaz, Jesús Díaz Morcillo, Diego Tafarel, Adrià Guxens, Blake Pruitt","Alessandro Montelli, Robert Ly, Lizzie Shapiro, Uxío Corbelle, Cara Consilvio, Adrià Guxens","Jesús Díaz Morcillo, Greg Emetaz, Diego Tafarel, Blake Pruitt, Adrià Guxens","Shane Zeigler, Joshua Gonzales, Roko Scherer, Isaac Josephthal, Patrick Martino, Jesús Díaz Morcillo, Eike Junior, Carina Dias, Marc Joy, Adrià Sánchez-Campo","Immerse yourself in six contemporary stories exploring hidden passions, unspoken feelings and what it means to find yourself in the eyes of another.","An awkward couple hides their relationship from the world during an ill-considered holiday, a surprising discovery reshapes a young boy's view of his stern father, and an ambitious teen must confront his sexuality as he considers enrolment in a prestigious all-boys school. Immerse yourself in six contemporary stories exploring hidden passions, unspoken feelings and what it means to find yourself in the eyes of another.","English, English HOH, German",R,"Sexual Content, Strong Language, Violence","LGBTQ+, Gay, American films, Spanish films, Brazilian films, French films, Short Film Compilation, Countryside, Prejudice, Family, Dating, Relationships",Active,Gonella,sales@gonellaproductions.com ,Yes,,13/01/2023,4,13/01/2027,Worldwide,,Worldwide,https://e.pcloud.link/publink/show?code=kZ7adGZAjaejKVHgKLkAT7zNlcbuhVj5eoy,https://e.pcloud.link/publink/show?code=XZXadGZQFxHVOQT46muyDxiGVacobRpLLTy,https://e.pcloud.link/publink/show?code=XZVadGZngN4phDRUg5qnElr5HvkUhGWtkSy,https://e.pcloud.link/publink/show?code=XZkadGZFhNUGf65GSBvMLolK7SIF7EOVDg7,https://e.pcloud.link/publink/show?code=XZLadGZVgidt8TMJiYTLaIOfh86t0c1xW1V,https://e.pcloud.link/publink/show?code=kZbhPGZA1WabV2obEXBrtyHefowYBIqjq8V,https://e.pcloud.link/publink/show?code=XZhhPGZY09soUUjFPpsArBmLOQrybv9FRBV,https://e.pcloud.link/publink/show?code=XZuhPGZEyGtFJhejWpsBm7qKXr3WVAyE9w7,https://e.pcloud.link/publink/show?code=XZfhPGZEWVpAAo7txRuWT1fy2c6mY9azraV,https://e.pcloud.link/publink/show?code=XZBhPGZk14a1Mt6zw08nyfJJs6tGbAvWiny,German,https://www.filmdoo.com/films/when-you-look-beneath-the-skin/,13/01/2023,13/01/2023,23/01/2023,,https://www.amazon.com/gp/video/detail/B0B8SGMSD4,https://www.amazon.co.uk/gp/video/detail/B0B8SF2WPS,,https://fawesome.tv/movies/10684527/when-you-look-beneath-the-skin,2025 LB Global Media,Box Brazil / FilmDoo / Reveel /  IMDB / Release Tracker,
Bowes Academy,When You Look Beneath the Skin,15,2013,USA,English,https://www.imdb.com/title/tt3231152/,93,2023,"United States, Spain, Brazil, France","English, Spanish, Portuguese, French",https://www.imdb.com/es/title/tt26340918/,"Comedy, Satire","LGBTQ, Dark Comedy",Greg Emetaz,Cara Consilvio (Producer),Greg Emetaz,Joshua Gonzales; Shane Zeigler; Preston Maguire; Jonathan Iglesias; Ramón Olmes Torres; Daniel Patrick Smith,"Bowes Academy, preparing the next generation of closeted gay republicans.","EN, DE",PG-13,"Mature themes involving academic pressure, institutional social dynamics, and suppressed attraction.","American Cinema, Drama, LGBTQ+, Boarding School, Academic, Rivalry, Hidden Desires, Youth, Institutional, Friendship, Short Film",LGBTQ,"Drama, Romance","Robert Ly, Greg Emetaz, Jesús Díaz Morcillo, Diego Tafarel, Adrià Guxens, Blake Pruitt","Alessandro Montelli, Robert Ly, Lizzie Shapiro, Uxío Corbelle, Cara Consilvio, Adrià Guxens","Jesús Díaz Morcillo, Greg Emetaz, Diego Tafarel, Blake Pruitt, Adrià Guxens","Shane Zeigler, Joshua Gonzales, Roko Scherer, Isaac Josephthal, Patrick Martino, Jesús Díaz Morcillo, Eike Junior, Carina Dias, Marc Joy, Adrià Sánchez-Campo","Immerse yourself in six contemporary stories exploring hidden passions, unspoken feelings and what it means to find yourself in the eyes of another.","An awkward couple hides their relationship from the world during an ill-considered holiday, a surprising discovery reshapes a young boy's view of his stern father, and an ambitious teen must confront his sexuality as he considers enrolment in a prestigious all-boys school. Immerse yourself in six contemporary stories exploring hidden passions, unspoken feelings and what it means to find yourself in the eyes of another.","English, English HOH, German",R,"Sexual Content, Strong Language, Violence","LGBTQ+, Gay, American films, Spanish films, Brazilian films, French films, Short Film Compilation, Countryside, Prejudice, Family, Dating, Relationships",Active,Gonella,sales@gonellaproductions.com ,Yes,,13/01/2023,4,13/01/2027,Worldwide,,Worldwide,https://e.pcloud.link/publink/show?code=kZQadGZD6GWaXnx0skuwpxB9p66CYqu6XBy,https://e.pcloud.link/publink/show?code=XZSadGZWmySH8Tf2vLTmb05aBXmXRVamWoy,https://e.pcloud.link/publink/show?code=XZuadGZSEifwl2HEVJpmukRaInUAp2mMG47,https://e.pcloud.link/publink/show?code=XZmadGZiPhMWTbvnMzP52b5gKLqejJprCwy,https://e.pcloud.link/publink/show?code=XZfadGZIWBuWw9qssJgCwHj6zPlb7KilFM7,https://e.pcloud.link/publink/show?code=kZbhPGZA1WabV2obEXBrtyHefowYBIqjq8V,https://e.pcloud.link/publink/show?code=XZhhPGZY09soUUjFPpsArBmLOQrybv9FRBV,https://e.pcloud.link/publink/show?code=XZuhPGZEyGtFJhejWpsBm7qKXr3WVAyE9w7,https://e.pcloud.link/publink/show?code=XZfhPGZEWVpAAo7txRuWT1fy2c6mY9azraV,https://e.pcloud.link/publink/show?code=XZBhPGZk14a1Mt6zw08nyfJJs6tGbAvWiny,German,https://www.filmdoo.com/films/when-you-look-beneath-the-skin/,13/01/2023,13/01/2023,23/01/2023,,https://www.amazon.com/gp/video/detail/B0B8SGMSD4,https://www.amazon.co.uk/gp/video/detail/B0B8SF2WPS,,https://fawesome.tv/movies/10684527/when-you-look-beneath-the-skin,2025 LB Global Media,Box Brazil / FilmDoo / Reveel /  IMDB / Release Tracker,
An Instant,When You Look Beneath the Skin,20,2017,"Spain
",Spanish,https://www.imdb.com/de/title/tt7001082/,93,2023,"United States, Spain, Brazil, France","English, Spanish, Portuguese, French",https://www.imdb.com/es/title/tt26340918/,Drama,"LGBTQ,  Romance",Adrià Guxens,Adrià Guxens (Productor); Laura Egidos Plaja (Line Producer),Adrià Guxens,Adrià Sánchez-Campo (Hugo); Marc Joy (Cosmo); Victoria Llena (Julia); Ivette Callís (Jess),"Two young men couldn't be more different — Hugo, anchored in routine and the past, and Cosmo, a free spirit who never stays still. When their eyes meet one summer afternoon, a single instant sparks a relationship that teaches them both to live in the present.","EN, DE",PG-13,"Mature themes regarding fleeting connections, internal longing, and the profound impact of brief encounters.","Spanish Cinema, Drama, Romance, LGBTQ+, Atmospheric, Encounter, Memory, Longing, Connection, Emotional, Reflection, Short Film",LGBTQ,"Drama, Romance","Robert Ly, Greg Emetaz, Jesús Díaz Morcillo, Diego Tafarel, Adrià Guxens, Blake Pruitt","Alessandro Montelli, Robert Ly, Lizzie Shapiro, Uxío Corbelle, Cara Consilvio, Adrià Guxens","Jesús Díaz Morcillo, Greg Emetaz, Diego Tafarel, Blake Pruitt, Adrià Guxens","Shane Zeigler, Joshua Gonzales, Roko Scherer, Isaac Josephthal, Patrick Martino, Jesús Díaz Morcillo, Eike Junior, Carina Dias, Marc Joy, Adrià Sánchez-Campo","Immerse yourself in six contemporary stories exploring hidden passions, unspoken feelings and what it means to find yourself in the eyes of another.","An awkward couple hides their relationship from the world during an ill-considered holiday, a surprising discovery reshapes a young boy's view of his stern father, and an ambitious teen must confront his sexuality as he considers enrolment in a prestigious all-boys school. Immerse yourself in six contemporary stories exploring hidden passions, unspoken feelings and what it means to find yourself in the eyes of another.","English, English HOH, German",R,"Sexual Content, Strong Language, Violence","LGBTQ+, Gay, American films, Spanish films, Brazilian films, French films, Short Film Compilation, Countryside, Prejudice, Family, Dating, Relationships",Active,Gonella,sales@gonellaproductions.com ,Yes,,13/01/2023,4,13/01/2027,Worldwide,,Worldwide,https://e.pcloud.link/publink/show?code=kZnadGZ5JKFfDfvgCHhnvryIm3k2XAuT4Jy,https://e.pcloud.link/publink/show?code=XZPadGZADzc8hGlH1Sk8G2iiKfIs77SNY2k,https://e.pcloud.link/publink/show?code=XZwadGZGsFbM7Hoj0R08xgAsl1DL8M1H5GV,https://e.pcloud.link/publink/show?code=XZTadGZf1L2lgV8h9FO2SANV8oivkSjKd47,https://e.pcloud.link/publink/show?code=XZdadGZWGTNQtj6opjg17dIChi46yDUkuDV,https://e.pcloud.link/publink/show?code=kZbhPGZA1WabV2obEXBrtyHefowYBIqjq8V,https://e.pcloud.link/publink/show?code=XZhhPGZY09soUUjFPpsArBmLOQrybv9FRBV,https://e.pcloud.link/publink/show?code=XZuhPGZEyGtFJhejWpsBm7qKXr3WVAyE9w7,https://e.pcloud.link/publink/show?code=XZfhPGZEWVpAAo7txRuWT1fy2c6mY9azraV,https://e.pcloud.link/publink/show?code=XZBhPGZk14a1Mt6zw08nyfJJs6tGbAvWiny,German,https://www.filmdoo.com/films/when-you-look-beneath-the-skin/,13/01/2023,13/01/2023,23/01/2023,,https://www.amazon.com/gp/video/detail/B0B8SGMSD4,https://www.amazon.co.uk/gp/video/detail/B0B8SF2WPS,,https://fawesome.tv/movies/10684527/when-you-look-beneath-the-skin,2025 LB Global Media,Box Brazil / FilmDoo / Reveel /  IMDB / Release Tracker,
Shams,Love Evolving,24,2020,"Belgium, France","English, French, Arabic",https://www.imdb.com/title/tt13124934/,109,2023,"Estonia, Israel, Uruguay, Portugal, Belgium","English, French, Arabic, Russian, Hebrew, Spanish",https://www.imdb.com/es/title/tt26340605/,Drama,"LGBTQ, Political Thriller",Pauline Beugnies,Laurence Buelens (Producer); Karina Si Ahmed (Co-producer),Pauline Beugnies,Claire Beugnies (Eden); Amina El Banna (Sara); Reem El Maghraby (Shams); Zainab Magdy (Nourhan); Alaa Taha (Party girl),"Eden, a 30-year-old Belgian woman, works in a cultural center a few thousand kilometers away from her home, in the bustling capital of Cairo. She makes a life-changing encounter with a young woman named Shams. One day, Shams brutally disappears. With the support and friendship of two valiant young Egyptians, Eden starts a fight against her own fears, denials and bias to find Shams.
","EN, DE",PG-13,"Mature themes regarding political unrest, state surveillance, and the emotional trauma of a partner's disappearance.","Belgian Cinema, French Cinema, Drama, LGBTQ+, Social Issues, Political Thriller, Activism, Middle East, Missing Person, Human Rights, Short Film",LGBTQ,"Drama, Arthouse, Sci-Fi, Fantasy","Beau Han Bridge, Guillermo Trochon, Noam Greif, Gwenn Joyaux, Vincent Annen, Pauline Beugnies","Laurence Buelens, Florencia Chao; Sol Infante, Vincent Annen, Beau Han Bridge, Amit Hershkovitz, Shruti Sidhan","Beau Han Bridge, Guillermo Trochon, Noam Greif, Ana Falcon, Naomie Margot, Vincent Annen, Pauline Beugnies","Fiorella Bottaioli, Camila Vives, Irit Sheleg, Naama Amit, Mira Gaydarova, Daryna Butryk, Mélanie Carrel, Reem El Maghraby, Amina El Banna, Claire Beugnies",A vibrant collection of short films - by turns gritty and dreamlike - exploring the changes and complexities of a Love Evolving.,"An anxious woman navigates the bustle of modern day Cairo to find her missing lover, a young adult strives for an authentic connection in a future society numbed by alcohol, and two Cold War-era lovers face the consequences of finding romance across political borders. A vibrant collection of short films - by turns gritty and dreamlike - exploring the changes and complexities of a Love Evolving.","English, German",R,"Sexual Content, Strong Language, Violence, Alcohol Use","LGBTQ+, Lesbian, Female Lead, Estonian films, Israeli films, Uruguayan films, Portuguese films, Belgian films, Short Film Compilation, Female Filmmakers, Period Films, Missing Person",Active,Gonella,sales@gonellaproductions.com ,Yes,,12/01/2023,4,12/01/2027,Worldwide,,Worldwide,https://e.pcloud.link/publink/show?code=kZ6adGZmMYEQNx0sKujwTkurFoFejaFWRTy,https://e.pcloud.link/publink/show?code=XZvadGZ5KHI2cbaWmXPWRLSYd9JTSpp0MWy,https://e.pcloud.link/publink/show?code=XZV3dGZQnXbQtMD9aRT0NXd9bcvV7qoVN8X,https://e.pcloud.link/publink/show?code=XZEadGZqfzxMsEe9ALNzMTVBOF5fViMYJJV,https://e.pcloud.link/publink/show?code=XZ73dGZrWRMBTEvYD71UjfqQ4MN1uiLiL67,https://e.pcloud.link/publink/show?code=kZ7SPGZFeiJOLGqW3uPhkymL7heCpGrubUX,https://e.pcloud.link/publink/show?code=XZkSPGZnoXbknlhnHBVefIK93v6nLVMQCty,https://e.pcloud.link/publink/show?code=XZXSPGZog3iYVzJgoRAgEMyT50l9ua5qPxk,https://e.pcloud.link/publink/show?code=XZVSPGZYuEV6IKvL5H8yEexPVHOep4GXHG7,https://e.pcloud.link/publink/show?code=XZ0SPGZDDSa2Ld1UP0X3aex3CWY30wGjTjk,German,https://www.filmdoo.com/films/love-evolving/,12/01/2023,12/01/2023,28/01/2023,,https://www.amazon.com/gp/video/detail/B0B6S97ZKK,https://www.amazon.co.uk/gp/video/detail/B0B6S9VWT4,https://tubitv.com/movies/100007374/love-evolving, https://fawesome.tv/movies/10530029/love-evolving,2025 LB Global Media,Box Brazil / FilmDoo / Reveel /  IMDB / Release Tracker,
Sober Love,Love Evolving,20,2018,Uruguay,Spanish,,109,2023,"Estonia, Israel, Uruguay, Portugal, Belgium","English, French, Arabic, Russian, Hebrew, Spanish",https://www.imdb.com/es/title/tt26340605/,Sci-Fi," Drama,  LGBTQ, Dystopian",Guillermo Trochón,Florencia Chao; Sol Infante,Guillermo Trochón,Camila Vives (Luna); Fiorella Bottaioli; Sabrina Yanque; Juan Santandreu; Hugo Piccinini,"The water war causes the levels of alcohol consumption to rise as a daily use. People live absolutely drunk and wait for moments of happiness to sober up. Luna wants to go to a party, and her friend gets her water so she can live a real night. ","EN, DE",R,"Contains explicit sexual scenes and nudity; explores the intersection of sobriety, addiction recovery, and physical intimacy.","Uruguayan Cinema, Drama, Romance, LGBTQ+, Sexual Content, Nudity, Sobriety, Addiction Recovery, Vulnerability, Intimacy, Realistic, Short Film",,"Drama, Arthouse, Sci-Fi, Fantasy","Beau Han Bridge, Guillermo Trochon, Noam Greif, Gwenn Joyaux, Vincent Annen, Pauline Beugnies","Laurence Buelens, Florencia Chao; Sol Infante, Vincent Annen, Beau Han Bridge, Amit Hershkovitz, Shruti Sidhan","Beau Han Bridge, Guillermo Trochon, Noam Greif, Ana Falcon, Naomie Margot, Vincent Annen, Pauline Beugnies","Fiorella Bottaioli, Camila Vives, Irit Sheleg, Naama Amit, Mira Gaydarova, Daryna Butryk, Mélanie Carrel, Reem El Maghraby, Amina El Banna, Claire Beugnies",A vibrant collection of short films - by turns gritty and dreamlike - exploring the changes and complexities of a Love Evolving.,"An anxious woman navigates the bustle of modern day Cairo to find her missing lover, a young adult strives for an authentic connection in a future society numbed by alcohol, and two Cold War-era lovers face the consequences of finding romance across political borders. A vibrant collection of short films - by turns gritty and dreamlike - exploring the changes and complexities of a Love Evolving.","English, German",R,"Sexual Content, Strong Language, Violence, Alcohol Use","LGBTQ+, Lesbian, Female Lead, Estonian films, Israeli films, Uruguayan films, Portuguese films, Belgian films, Short Film Compilation, Female Filmmakers, Period Films, Missing Person",Active,Gonella,sales@gonellaproductions.com ,Yes,,12/01/2023,4,12/01/2027,Worldwide,,Worldwide,https://e.pcloud.link/publink/show?code=kZh3dGZtDGidsCjVeucd65RXyF3TJRvTUOV,https://e.pcloud.link/publink/show?code=XZD3dGZNzKdFinEUhbfMjn1sPIW9uqYWK0X,https://e.pcloud.link/publink/show?code=XZe3dGZFecvna3SPvHrtoIKYdRoezU3eQVy,https://e.pcloud.link/publink/show?code=XZW3dGZhXakD3z9z8yR4vF3MQTWKJ2TnWBk,https://e.pcloud.link/publink/show?code=XZe3dGZFecvna3SPvHrtoIKYdRoezU3eQVy,https://e.pcloud.link/publink/show?code=kZ7SPGZFeiJOLGqW3uPhkymL7heCpGrubUX,https://e.pcloud.link/publink/show?code=XZkSPGZnoXbknlhnHBVefIK93v6nLVMQCty,https://e.pcloud.link/publink/show?code=XZXSPGZog3iYVzJgoRAgEMyT50l9ua5qPxk,https://e.pcloud.link/publink/show?code=XZVSPGZYuEV6IKvL5H8yEexPVHOep4GXHG7,https://e.pcloud.link/publink/show?code=XZ0SPGZDDSa2Ld1UP0X3aex3CWY30wGjTjk,German,https://www.filmdoo.com/films/love-evolving/,12/01/2023,12/01/2023,28/01/2023,,https://www.amazon.com/gp/video/detail/B0B6S97ZKK,https://www.amazon.co.uk/gp/video/detail/B0B6S9VWT4,https://tubitv.com/movies/100007374/love-evolving, https://fawesome.tv/movies/10530029/love-evolving,2025 LB Global Media,Box Brazil / FilmDoo / Reveel /  Rotten Tomatoes / Release Tracker,
The Ash-Eye,Love Evolving,18,2021,Switzerland,French ,,109,2023,"Estonia, Israel, Uruguay, Portugal, Belgium","English, French, Arabic, Russian, Hebrew, Spanish",https://www.imdb.com/es/title/tt26340605/,Sci-Fi,LGBTQ. Drama,Vincent Annen,Vincent Annen; Gregory Borgeaud,Vincent Annen,Mélanie Carrel (Fanny); Naomie Margot (Lise),"A mysterious black object crashes on Fanny and Lise's lawn, and after touching it, each woman's left eye is strangely transformed.
","EN, FR, DE",PG-13,"Mature themes involving existential grief, emotional distance, and the metaphorical use of nature to process loss.","Swiss Cinema, Drama, LGBTQ+, Grief, Nature, Atmospheric, Solitude, Metaphorical, Loss, Reflection, French-Swiss, Short Film",LGBTQ,"Drama, Arthouse, Sci-Fi, Fantasy","Beau Han Bridge, Guillermo Trochon, Noam Greif, Gwenn Joyaux, Vincent Annen, Pauline Beugnies","Laurence Buelens, Florencia Chao; Sol Infante, Vincent Annen, Beau Han Bridge, Amit Hershkovitz, Shruti Sidhan","Beau Han Bridge, Guillermo Trochon, Noam Greif, Ana Falcon, Naomie Margot, Vincent Annen, Pauline Beugnies","Fiorella Bottaioli, Camila Vives, Irit Sheleg, Naama Amit, Mira Gaydarova, Daryna Butryk, Mélanie Carrel, Reem El Maghraby, Amina El Banna, Claire Beugnies",A vibrant collection of short films - by turns gritty and dreamlike - exploring the changes and complexities of a Love Evolving.,"An anxious woman navigates the bustle of modern day Cairo to find her missing lover, a young adult strives for an authentic connection in a future society numbed by alcohol, and two Cold War-era lovers face the consequences of finding romance across political borders. A vibrant collection of short films - by turns gritty and dreamlike - exploring the changes and complexities of a Love Evolving.","English, German",R,"Sexual Content, Strong Language, Violence, Alcohol Use","LGBTQ+, Lesbian, Female Lead, Estonian films, Israeli films, Uruguayan films, Portuguese films, Belgian films, Short Film Compilation, Female Filmmakers, Period Films, Missing Person",Active,Gonella,sales@gonellaproductions.com ,Yes,,12/01/2023,4,12/01/2027,Worldwide,,Worldwide,https://e.pcloud.link/publink/show?code=kZI3dGZkA2RCX6epTFnpTaa7QUl2b2prXEX,https://e.pcloud.link/publink/show?code=XZyGdGZFbx7fumUo1p7gyMSbWPNyzNTyk37,https://e.pcloud.link/publink/show?code=XZJGdGZ41OzjSFJCB57lbS993rHMjOTBkzX,https://e.pcloud.link/publink/show?code=XZ33dGZAsJXbbekjMXRqHNGwkbwI542tNfy,https://e.pcloud.link/publink/show?code=XZ4GdGZh4WLotrmrW7E4K6SeR1rQQOLe9jk,https://e.pcloud.link/publink/show?code=kZ7SPGZFeiJOLGqW3uPhkymL7heCpGrubUX,https://e.pcloud.link/publink/show?code=XZkSPGZnoXbknlhnHBVefIK93v6nLVMQCty,https://e.pcloud.link/publink/show?code=XZXSPGZog3iYVzJgoRAgEMyT50l9ua5qPxk,https://e.pcloud.link/publink/show?code=XZVSPGZYuEV6IKvL5H8yEexPVHOep4GXHG7,https://e.pcloud.link/publink/show?code=XZ0SPGZDDSa2Ld1UP0X3aex3CWY30wGjTjk,German,https://www.filmdoo.com/films/love-evolving/,12/01/2023,12/01/2023,28/01/2023,,https://www.amazon.com/gp/video/detail/B0B6S97ZKK,https://www.amazon.co.uk/gp/video/detail/B0B6S9VWT4,https://tubitv.com/movies/100007374/love-evolving, https://fawesome.tv/movies/10530029/love-evolving,2025 LB Global Media,Box Brazil / FilmDoo / Reveel /  Amazon / Release Tracker,
Persephone Mara,Love Evolving,20,2022,Canada,English,https://www.imdb.com/de/title/tt12825932/,109,2023,"Estonia, Israel, Uruguay, Portugal, Belgium","English, French, Arabic, Russian, Hebrew, Spanish",https://www.imdb.com/es/title/tt26340605/,Drama,"LGBTQ, Romance",Beau Han Bridge,Beau Han Bridge,Beau Han Bridge,Roni Marcelo (Persephone); Maria Yanagisawa (Mara),"Memory, love, and mental health are explored in this hybrid-fiction-cinema-play about two adolescents that decide to escape from the world around them.","EN, DE",R,"Contains sexual scenes and nudity; explores the intersection of intimacy, body image, and personal mythology","Canadian Cinema, Drama, Romance, LGBTQ+, Sexual Content, Nudity, Body Positivity, Mythology, Intimacy, Self-Love, Sensory, Short Film",LGBTQ,"Drama, Arthouse, Sci-Fi, Fantasy","Beau Han Bridge, Guillermo Trochon, Noam Greif, Gwenn Joyaux, Vincent Annen, Pauline Beugnies","Laurence Buelens, Florencia Chao; Sol Infante, Vincent Annen, Beau Han Bridge, Amit Hershkovitz, Shruti Sidhan","Beau Han Bridge, Guillermo Trochon, Noam Greif, Ana Falcon, Naomie Margot, Vincent Annen, Pauline Beugnies","Fiorella Bottaioli, Camila Vives, Irit Sheleg, Naama Amit, Mira Gaydarova, Daryna Butryk, Mélanie Carrel, Reem El Maghraby, Amina El Banna, Claire Beugnies",A vibrant collection of short films - by turns gritty and dreamlike - exploring the changes and complexities of a Love Evolving.,"An anxious woman navigates the bustle of modern day Cairo to find her missing lover, a young adult strives for an authentic connection in a future society numbed by alcohol, and two Cold War-era lovers face the consequences of finding romance across political borders. A vibrant collection of short films - by turns gritty and dreamlike - exploring the changes and complexities of a Love Evolving.","English, German",R,"Sexual Content, Strong Language, Violence, Alcohol Use","LGBTQ+, Lesbian, Female Lead, Estonian films, Israeli films, Uruguayan films, Portuguese films, Belgian films, Short Film Compilation, Female Filmmakers, Period Films, Missing Person",Active,Gonella,sales@gonellaproductions.com ,Yes,,12/01/2023,4,12/01/2027,Worldwide,,Worldwide,https://e.pcloud.link/publink/show?code=kZmGdGZeogHUTHrq8ba6GApsnK2FJzwQqKX,https://e.pcloud.link/publink/show?code=XZjGdGZx2liTMGxgGHKTa5Sw8hQxzLN67B7,https://e.pcloud.link/publink/show?code=XZfGdGZ1u5zPbRaYJLI9HEue6U6HfivJtWX,https://e.pcloud.link/publink/show?code=XZhGdGZWhoEBYMzcr7IoYpVuhi245tIhhUX,https://e.pcloud.link/publink/show?code=XZ2GdGZANOXKN1sMIfcpaEtoYKcKYOIwllX,https://e.pcloud.link/publink/show?code=kZ7SPGZFeiJOLGqW3uPhkymL7heCpGrubUX,https://e.pcloud.link/publink/show?code=XZkSPGZnoXbknlhnHBVefIK93v6nLVMQCty,https://e.pcloud.link/publink/show?code=XZXSPGZog3iYVzJgoRAgEMyT50l9ua5qPxk,https://e.pcloud.link/publink/show?code=XZVSPGZYuEV6IKvL5H8yEexPVHOep4GXHG7,https://e.pcloud.link/publink/show?code=XZ0SPGZDDSa2Ld1UP0X3aex3CWY30wGjTjk,German,https://www.filmdoo.com/films/love-evolving/,12/01/2023,12/01/2023,28/01/2023,,https://www.amazon.com/gp/video/detail/B0B6S97ZKK,https://www.amazon.co.uk/gp/video/detail/B0B6S9VWT4,https://tubitv.com/movies/100007374/love-evolving, https://fawesome.tv/movies/10530029/love-evolving,2025 LB Global Media,Box Brazil / FilmDoo / Reveel /  IMDB / Release Tracker,
The Burning Bush,Love Evolving,13,2019,Israel,Hebrew,https://www.imdb.com/de/title/tt10309688/?ref_=nm_knf_t_2,109,2023,"Estonia, Israel, Uruguay, Portugal, Belgium","English, French, Arabic, Russian, Hebrew, Spanish",https://www.imdb.com/es/title/tt26340605/,Drama,"LGBTQ, Religious Drama",Noam Greif,Amit Hershkovitz (Producer),Noam Greif,Naama Amit (Ari); Inbal Lehavi (Danny); Irit Sheleg (Rachel),"A fantastic story about letting go. Danny mourns the lost love to her ex-girlfriend, symbolized by a small plant. Danny's mother wants her daughter to bury the memories, but when the dust settles something more powerful remains, which will not die.","EN, DE",PG-13,"Mature themes involving religious identity, social isolation, and the tension between traditional faith and queer desire.","Israeli Cinema, Drama, LGBTQ+, Religion, Judaism, Tradition, Hidden Love, Sacrifice, Middle East, Identity, Emotional, Short Film",LGBTQ,"Drama, Arthouse, Sci-Fi, Fantasy","Beau Han Bridge, Guillermo Trochon, Noam Greif, Gwenn Joyaux, Vincent Annen, Pauline Beugnies","Laurence Buelens, Florencia Chao; Sol Infante, Vincent Annen, Beau Han Bridge, Amit Hershkovitz, Shruti Sidhan","Beau Han Bridge, Guillermo Trochon, Noam Greif, Ana Falcon, Naomie Margot, Vincent Annen, Pauline Beugnies","Fiorella Bottaioli, Camila Vives, Irit Sheleg, Naama Amit, Mira Gaydarova, Daryna Butryk, Mélanie Carrel, Reem El Maghraby, Amina El Banna, Claire Beugnies",A vibrant collection of short films - by turns gritty and dreamlike - exploring the changes and complexities of a Love Evolving.,"An anxious woman navigates the bustle of modern day Cairo to find her missing lover, a young adult strives for an authentic connection in a future society numbed by alcohol, and two Cold War-era lovers face the consequences of finding romance across political borders. A vibrant collection of short films - by turns gritty and dreamlike - exploring the changes and complexities of a Love Evolving.","English, German",R,"Sexual Content, Strong Language, Violence, Alcohol Use","LGBTQ+, Lesbian, Female Lead, Estonian films, Israeli films, Uruguayan films, Portuguese films, Belgian films, Short Film Compilation, Female Filmmakers, Period Films, Missing Person",Active,Gonella,sales@gonellaproductions.com ,Yes,,12/01/2023,4,12/01/2027,Worldwide,,Worldwide,https://e.pcloud.link/publink/show?code=kZWGdGZqDyCHv5R1dRvlYYhvwQ8ejWdyBx7,https://e.pcloud.link/publink/show?code=XZ9GdGZ4Bo7lEooXnR2aNvrHsnmqpA4fLWy,https://e.pcloud.link/publink/show?code=XZgGdGZGVTd8BmthTz26gGS7wcLMHszn9Py,https://e.pcloud.link/publink/show?code=XZ1GdGZu6miaroGfSSq5AMpo8pRk8CoDCDV,https://e.pcloud.link/publink/show?code=XZPGdGZGnJHoasGS0HpWwHRvngnXLCnzgjX,https://e.pcloud.link/publink/show?code=kZ7SPGZFeiJOLGqW3uPhkymL7heCpGrubUX,https://e.pcloud.link/publink/show?code=XZkSPGZnoXbknlhnHBVefIK93v6nLVMQCty,https://e.pcloud.link/publink/show?code=XZXSPGZog3iYVzJgoRAgEMyT50l9ua5qPxk,https://e.pcloud.link/publink/show?code=XZVSPGZYuEV6IKvL5H8yEexPVHOep4GXHG7,https://e.pcloud.link/publink/show?code=XZ0SPGZDDSa2Ld1UP0X3aex3CWY30wGjTjk,German,https://www.filmdoo.com/films/love-evolving/,12/01/2023,12/01/2023,28/01/2023,,https://www.amazon.com/gp/video/detail/B0B6S97ZKK,https://www.amazon.co.uk/gp/video/detail/B0B6S9VWT4,https://tubitv.com/movies/100007374/love-evolving, https://fawesome.tv/movies/10530029/love-evolving,2025 LB Global Media,Box Brazil / FilmDoo / Reveel /  IMDB / Release Tracker,
Tomorrow Island,Love Evolving,17,2018,Estonia / UK / Portugal,Russian / English,https://www.imdb.com/title/tt8799962/,109,2023,"Estonia, Israel, Uruguay, Portugal, Belgium","English, French, Arabic, Russian, Hebrew, Spanish",https://www.imdb.com/es/title/tt26340605/,Drama,"Historical, Romance, Thriller",Gwenn Joyaux,Shruti Sidhan (Producer),Ana Falcon,Daryna Butryk (Sveta); Mira Gaydarova (Ila); Vitali Vassiljev (Vlad); Oleg Jashinin (Sergeant); Jegor Sevastjanov (Young Soldier),"In the dawn of the Cold War, a young Soviet telegraphist makes a desperate attempt to save her American lover from being stranded in the Russian side of the Bering Strait after receiving a border closure message.","EN, ES, DE",PG-13,"Mature themes involving historical separation, political boundaries, and the emotional toll of a long-distance connection during the Cold War.","Estonian Cinema, UK Cinema, Drama, Romance, LGBTQ+, Historical, Cold War, Separation, Long-distance, 1980s, Border, Connection, Short Film",LGBTQ,"Drama, Arthouse, Sci-Fi, Fantasy","Beau Han Bridge, Guillermo Trochon, Noam Greif, Gwenn Joyaux, Vincent Annen, Pauline Beugnies","Laurence Buelens, Florencia Chao; Sol Infante, Vincent Annen, Beau Han Bridge, Amit Hershkovitz, Shruti Sidhan","Beau Han Bridge, Guillermo Trochon, Noam Greif, Ana Falcon, Naomie Margot, Vincent Annen, Pauline Beugnies","Fiorella Bottaioli, Camila Vives, Irit Sheleg, Naama Amit, Mira Gaydarova, Daryna Butryk, Mélanie Carrel, Reem El Maghraby, Amina El Banna, Claire Beugnies",A vibrant collection of short films - by turns gritty and dreamlike - exploring the changes and complexities of a Love Evolving.,"An anxious woman navigates the bustle of modern day Cairo to find her missing lover, a young adult strives for an authentic connection in a future society numbed by alcohol, and two Cold War-era lovers face the consequences of finding romance across political borders. A vibrant collection of short films - by turns gritty and dreamlike - exploring the changes and complexities of a Love Evolving.","English, German",R,"Sexual Content, Strong Language, Violence, Alcohol Use","LGBTQ+, Lesbian, Female Lead, Estonian films, Israeli films, Uruguayan films, Portuguese films, Belgian films, Short Film Compilation, Female Filmmakers, Period Films, Missing Person",Active,Gonella,sales@gonellaproductions.com ,Yes,,12/01/2023,4,12/01/2027,Worldwide,,Worldwide,https://e.pcloud.link/publink/show?code=kZCGdGZ4r0hUIBdU1VrQTV2O7u5hBz8fwt7,https://e.pcloud.link/publink/show?code=XZEGdGZlGvE3VEYSL0nv0uD65k10Rw28Cty,https://e.pcloud.link/publink/show?code=XZ3GdGZy3RTzB5rm1kc825GJjNy4V7E3Tdk,https://e.pcloud.link/publink/show?code=XZwGdGZX1fkhCGXRykukG37npqVCRDpgbCy,https://e.pcloud.link/publink/show?code=XZiGdGZismVtDbQA44JI4l17e6qkfC6aQOX,https://e.pcloud.link/publink/show?code=kZ7SPGZFeiJOLGqW3uPhkymL7heCpGrubUX,https://e.pcloud.link/publink/show?code=XZkSPGZnoXbknlhnHBVefIK93v6nLVMQCty,https://e.pcloud.link/publink/show?code=XZXSPGZog3iYVzJgoRAgEMyT50l9ua5qPxk,https://e.pcloud.link/publink/show?code=XZVSPGZYuEV6IKvL5H8yEexPVHOep4GXHG7,https://e.pcloud.link/publink/show?code=XZ0SPGZDDSa2Ld1UP0X3aex3CWY30wGjTjk,German,https://www.filmdoo.com/films/love-evolving/,12/01/2023,12/01/2023,28/01/2023,,https://www.amazon.com/gp/video/detail/B0B6S97ZKK,https://www.amazon.co.uk/gp/video/detail/B0B6S9VWT4,https://tubitv.com/movies/100007374/love-evolving, https://fawesome.tv/movies/10530029/love-evolving,2025 LB Global Media,Box Brazil / FilmDoo / Reveel /  IMDB / Release Tracker,
Enomena,Enchanted Hearts,18,2022,Greece,Greek,https://www.imdb.com/title/tt21081678/,93,2023,"Greece, Brazil, United States, Philippines, New Zealand, Finland","Greek, Portuguese, English, Tagalog, Finnish",https://www.imdb.com/es/title/tt28498049/,Drama,"LGBTQ, Romance",Phaedra Vokali,Orestis Plakias (Producer); Phaedra Vokali (Producer); Stelios Cotionis (Executive Producer); Mina Dreki (Co-producer); Theodora Valenti (Co-producer),Phaedra Vokali,Flomaria Papadaki (Mila); Froso Papadopoulou (Jo); Margarita Tasi (Anna),"Jo and Anna, two teenagers that go to the same school but come from different worlds meet during an aquarium school trip, only to discover that what brings them together is more powerful than what keeps them apart.","EN, GR, DE",PG-13,Features mature themes regarding the complexities of long-term commitment and the emotional friction of domestic life.,"Greek Cinema, Drama, LGBTQ+, Relationship, Domesticity, Conflict, Connection, Realism, Emotional, Interior, Tension, Short Film",LGBTQ,"Drama, Coming of Age","Juulia Kalavainen, Steven Chow, Cole Stamm, Shoshana Rosenbaum, Yasmin Guimarães, Phaedra Vokali","Orestis Plakias, Yasmin Guimarães, Robin Noonan-Price, Brandon Greene, Steven Chow, Jenni Pulli","Saara Honkanen, Steven Chow, Cole Stamm, Liz Maestri, Yasmin Guimarães, Phaedra Vokali","Minea Lång, Reetta Koskinen, Julia Hyde, Claire Van Beek, Sarah Salazar, Marie Angeli Bayani, Meghan McCall, Marni Penning, Maria Leite, Mônica Maria, Froso Papadopoulou, Flomaria Papadaki","Six spellbinding, female-focused stories about private passions, stolen moments and the bonds we form when the world isn't looking.","Two high schoolers experiment with the means and ways of traditional witchcraft, a bride with a secret has second thoughts on her wedding day, and a loving couple quietly prepares their family for the cataclysmic event to come. Six spellbinding stories about private passions, stolen moments and the bonds we form when the world isn't looking.",English,R,"Strong Language, Nudity, Sexual Content","LGBTQ+, Lesbian, Greek films, Brazilian films, American films, Filipino films, New Zealand films, Finnish films, Short Film Compilation, Female Filmmakers, Bullying, Wedding, Relationships, Witchcraft, Apocalypse",Active,Gonella,sales@gonellaproductions.com ,Yes,,21/07/2023,4,21/07/2027,Worldwide,,Worldwide,https://e.pcloud.link/publink/show?code=kZrGdGZtwl0j7Bda1y4A9k7VWsQMQ3V9Idk,https://e.pcloud.link/publink/show?code=XZpvdGZd0iD31q5hNbMpiWPlMEEvFA7jkQk,https://e.pcloud.link/publink/show?code=XZLvdGZk79IN83tiUQKu4Ei4xNnYXS1t7KV,https://e.pcloud.link/publink/show?code=XZ7vdGZkHGN2OR5RcQSS7t3zfl4i75UwLFy,https://e.pcloud.link/publink/show?code=XZ8vdGZOqOg4P0gWkQqDaMHJhqjqQ3VyQn7,https://e.pcloud.link/publink/show?code=kZ2SPGZDjJ3A8KMfPzEPd1RNleKKy5YPBtk,https://e.pcloud.link/publink/show?code=XZsSPGZJ8xoY5OD9YRvRxWWLUpI8FPGYYBX,https://e.pcloud.link/publink/show?code=XZ1SPGZ5uRK8xzXnYpXvoluspfUQuCzbL7X,https://e.pcloud.link/publink/show?code=XZ9SPGZWYjjdlJy7Shn6cJ9ijExKfaxunDV,https://e.pcloud.link/publink/show?code=XZMSPGZt3NT1YsMdlXk07XaRWpYK0tAzSey,German,https://www.filmdoo.com/films/enchanted-hearts,21/07/2023,21/07/2023,04/08/2023,,https://www.amazon.com/gp/video/detail/B0CD323MLK,https://www.amazon.co.uk/gp/video/detail/B0CD327KM7,,https://fawesome.tv/movies/10556509/enchanted-hearts,2025 LB Global Media,Box Brazil / FilmDoo / Reveel /  IMDB / Release Tracker,
Eu Te Amo é no Sol,Enchanted Hearts,19,2022,Brazil,Portuguese,https://www.imdb.com/pt/title/tt29426776/,93,2023,"Greece, Brazil, United States, Philippines, New Zealand, Finland","Greek, Portuguese, English, Tagalog, Finnish",https://www.imdb.com/es/title/tt28498049/,Drama,"Romance, LGBTQ",Yasmin Guimarães,Yasmin Guimarães; Maria Leite,Yasmin Guimarães,Maria Leite (Mati); Monica Maria (Julia),"Mati meets up again with Julia, her girlfriend, who now lives in a distant and cold place. There, they are faced with the lack of identity and the impossibility of returning home.","EN, ES, PT, DE",PG,"Very mild themes; focuses on the warmth, light, and sensory experience of a burgeoning summer romance.","Brazilian Cinema, Romance, LGBTQ+, Summer, Sun, Sensory, Warmth, Nostalgia, Youth, Discovery, Poetic, Short Film",LGBTQ,"Drama, Coming of Age","Juulia Kalavainen, Steven Chow, Cole Stamm, Shoshana Rosenbaum, Yasmin Guimarães, Phaedra Vokali","Orestis Plakias, Yasmin Guimarães, Robin Noonan-Price, Brandon Greene, Steven Chow, Jenni Pulli","Saara Honkanen, Steven Chow, Cole Stamm, Liz Maestri, Yasmin Guimarães, Phaedra Vokali","Minea Lång, Reetta Koskinen, Julia Hyde, Claire Van Beek, Sarah Salazar, Marie Angeli Bayani, Meghan McCall, Marni Penning, Maria Leite, Mônica Maria, Froso Papadopoulou, Flomaria Papadaki","Six spellbinding, female-focused stories about private passions, stolen moments and the bonds we form when the world isn't looking.","Two high schoolers experiment with the means and ways of traditional witchcraft, a bride with a secret has second thoughts on her wedding day, and a loving couple quietly prepares their family for the cataclysmic event to come. Six spellbinding stories about private passions, stolen moments and the bonds we form when the world isn't looking.",English,R,"Strong Language, Nudity, Sexual Content","LGBTQ+, Lesbian, Greek films, Brazilian films, American films, Filipino films, New Zealand films, Finnish films, Short Film Compilation, Female Filmmakers, Bullying, Wedding, Relationships, Witchcraft, Apocalypse",Active,Gonella,sales@gonellaproductions.com ,Yes,,21/07/2023,4,21/07/2027,Worldwide,,Worldwide,https://e.pcloud.link/publink/show?code=kZDvdGZ2NAyN1zRAehh6RNIMo6AUjoXbUh7,https://e.pcloud.link/publink/show?code=XZCvdGZhd0XfqWLWaJvapK4iaCIzRkOBbKk,https://e.pcloud.link/publink/show?code=XZGvdGZVSTkPC7pLdhwKQcUO9aEzysEm0K7,https://e.pcloud.link/publink/show?code=XZnvdGZMFvnOqAJ6W4oq4OCk0chp4RNVqXX,https://e.pcloud.link/publink/show?code=XZXidGZkxKAxyvRgEfl7YmuesxfQJ8L0UKX,https://e.pcloud.link/publink/show?code=kZ2SPGZDjJ3A8KMfPzEPd1RNleKKy5YPBtk,https://e.pcloud.link/publink/show?code=XZsSPGZJ8xoY5OD9YRvRxWWLUpI8FPGYYBX,https://e.pcloud.link/publink/show?code=XZ1SPGZ5uRK8xzXnYpXvoluspfUQuCzbL7X,https://e.pcloud.link/publink/show?code=XZ9SPGZWYjjdlJy7Shn6cJ9ijExKfaxunDV,https://e.pcloud.link/publink/show?code=XZMSPGZt3NT1YsMdlXk07XaRWpYK0tAzSey,German,https://www.filmdoo.com/films/enchanted-hearts,21/07/2023,21/07/2023,04/08/2023,,https://www.amazon.com/gp/video/detail/B0CD323MLK,https://www.amazon.co.uk/gp/video/detail/B0CD327KM7,,https://fawesome.tv/movies/10556509/enchanted-hearts,2025 LB Global Media,Box Brazil / FilmDoo / Reveel /  IMDB / Release Tracker,
Night Waking,Enchanted Hearts,8,2020,United States,English,https://www.imdb.com/title/tt11442860/,93,2023,"Greece, Brazil, United States, Philippines, New Zealand, Finland","Greek, Portuguese, English, Tagalog, Finnish",https://www.imdb.com/es/title/tt28498049/,Drama,"Sci-Fi, LGBTQ",Shoshana Rosenbaum,Robin Noonan-Price (Producer),Liz Maestri; Benjamin Rosenbaum,Marni Penning (Ari); Meghan McCall (Miriam); Jesse Coleman (Elijah); Graham Cartwright (Max),"A dark sci-fi/drama centered on a queer family. The core of the story is the conflict between Ari and her wife Miriam: as the moms of two young children, they grapple with how to best be true to themselves, each other and their kids as they face an existential threat.","EN, DE",NC-17,Suspenseful atmosphere and mature themes of existential peril.,"USA, Sci-Fi, Thriller, LGBTQ+, Queer Parents, Motherhood, Existential Threat, Family",LGBTQ,"Drama, Coming of Age","Juulia Kalavainen, Steven Chow, Cole Stamm, Shoshana Rosenbaum, Yasmin Guimarães, Phaedra Vokali","Orestis Plakias, Yasmin Guimarães, Robin Noonan-Price, Brandon Greene, Steven Chow, Jenni Pulli","Saara Honkanen, Steven Chow, Cole Stamm, Liz Maestri, Yasmin Guimarães, Phaedra Vokali","Minea Lång, Reetta Koskinen, Julia Hyde, Claire Van Beek, Sarah Salazar, Marie Angeli Bayani, Meghan McCall, Marni Penning, Maria Leite, Mônica Maria, Froso Papadopoulou, Flomaria Papadaki","Six spellbinding, female-focused stories about private passions, stolen moments and the bonds we form when the world isn't looking.","Two high schoolers experiment with the means and ways of traditional witchcraft, a bride with a secret has second thoughts on her wedding day, and a loving couple quietly prepares their family for the cataclysmic event to come. Six spellbinding stories about private passions, stolen moments and the bonds we form when the world isn't looking.",English,R,"Strong Language, Nudity, Sexual Content","LGBTQ+, Lesbian, Greek films, Brazilian films, American films, Filipino films, New Zealand films, Finnish films, Short Film Compilation, Female Filmmakers, Bullying, Wedding, Relationships, Witchcraft, Apocalypse",Active,Gonella,sales@gonellaproductions.com ,Yes,,21/07/2023,4,21/07/2027,Worldwide,,Worldwide,https://e.pcloud.link/publink/show?code=kZpidGZLXhG6xcAWRYWa56qFy8xdBLuIcv7,https://e.pcloud.link/publink/show?code=XZYidGZttw8LCc5SCYcRYHobsh2o8hjL8s7,https://e.pcloud.link/publink/show?code=XZSidGZGHceL5jG3VQiTtmtyUN52jtOV78X,https://e.pcloud.link/publink/show?code=XZzidGZsuR4fNlLWhz9BtWvoAgTF0XCTbMV,https://e.pcloud.link/publink/show?code=XZ2idGZvevjnkybzYy2IASqY5oH9uTq3Gy0,https://e.pcloud.link/publink/show?code=kZ2SPGZDjJ3A8KMfPzEPd1RNleKKy5YPBtk,https://e.pcloud.link/publink/show?code=XZsSPGZJ8xoY5OD9YRvRxWWLUpI8FPGYYBX,https://e.pcloud.link/publink/show?code=XZ1SPGZ5uRK8xzXnYpXvoluspfUQuCzbL7X,https://e.pcloud.link/publink/show?code=XZ9SPGZWYjjdlJy7Shn6cJ9ijExKfaxunDV,https://e.pcloud.link/publink/show?code=XZMSPGZt3NT1YsMdlXk07XaRWpYK0tAzSey,German,https://www.filmdoo.com/films/enchanted-hearts,21/07/2023,21/07/2023,04/08/2023,,https://www.amazon.com/gp/video/detail/B0CD323MLK,https://www.amazon.co.uk/gp/video/detail/B0CD327KM7,,https://fawesome.tv/movies/10556509/enchanted-hearts,2025 LB Global Media,Box Brazil / FilmDoo / Reveel /  IMDB / Release Tracker,
Jane's Wedding,Enchanted Hearts,15,2014,"USA, Philippines","Tagalog, English",https://www.imdb.com/title/tt3843660/fullcredits/?ref_=tt_cst_sm,93,2023,"Greece, Brazil, United States, Philippines, New Zealand, Finland","Greek, Portuguese, English, Tagalog, Finnish",https://www.imdb.com/es/title/tt28498049/,Drama,"LGBTQ, Cultural Drama",Cole Stamm,Brandon Greene; Cole Stamm,Cole Stamm,Angeli Bayani (Jane),"On the day of Jane’s wedding to a much older British man, Jane bumps into an exgirlfriend, Geraldine, and inexplicably offers her an invitation. At the reception, Jane boldly decides to act on an urge to reconnect with Geraldine.","EN, DE",18+,Mature emotional themes and social commentary.,Mature emotional themes and social commentary.,LGBTQ,"Drama, Coming of Age","Juulia Kalavainen, Steven Chow, Cole Stamm, Shoshana Rosenbaum, Yasmin Guimarães, Phaedra Vokali","Orestis Plakias, Yasmin Guimarães, Robin Noonan-Price, Brandon Greene, Steven Chow, Jenni Pulli","Saara Honkanen, Steven Chow, Cole Stamm, Liz Maestri, Yasmin Guimarães, Phaedra Vokali","Minea Lång, Reetta Koskinen, Julia Hyde, Claire Van Beek, Sarah Salazar, Marie Angeli Bayani, Meghan McCall, Marni Penning, Maria Leite, Mônica Maria, Froso Papadopoulou, Flomaria Papadaki","Six spellbinding, female-focused stories about private passions, stolen moments and the bonds we form when the world isn't looking.","Two high schoolers experiment with the means and ways of traditional witchcraft, a bride with a secret has second thoughts on her wedding day, and a loving couple quietly prepares their family for the cataclysmic event to come. Six spellbinding stories about private passions, stolen moments and the bonds we form when the world isn't looking.",English,R,"Strong Language, Nudity, Sexual Content","LGBTQ+, Lesbian, Greek films, Brazilian films, American films, Filipino films, New Zealand films, Finnish films, Short Film Compilation, Female Filmmakers, Bullying, Wedding, Relationships, Witchcraft, Apocalypse",Active,Gonella,sales@gonellaproductions.com ,Yes,,21/07/2023,4,21/07/2027,Worldwide,,Worldwide,https://e.pcloud.link/publink/show?code=kZDidGZ9euzMr6RBWf0vALtDoAUeXRHbo7X,https://e.pcloud.link/publink/show?code=XZ9idGZa04MNJJqfI7DYckVEYY6zjqbaOl7,https://e.pcloud.link/publink/show?code=XZTidGZET0RVXnE3MJycoAJByn0jfuMqkdk,https://e.pcloud.link/publink/show?code=XZnidGZLVukizKmLxpxvJqhi8psHz9TJn6V,https://e.pcloud.link/publink/show?code=XZgidGZxMSMuTs9ivRp0W4HVLQ3z5oyKUcX,https://e.pcloud.link/publink/show?code=kZ2SPGZDjJ3A8KMfPzEPd1RNleKKy5YPBtk,https://e.pcloud.link/publink/show?code=XZsSPGZJ8xoY5OD9YRvRxWWLUpI8FPGYYBX,https://e.pcloud.link/publink/show?code=XZ1SPGZ5uRK8xzXnYpXvoluspfUQuCzbL7X,https://e.pcloud.link/publink/show?code=XZ9SPGZWYjjdlJy7Shn6cJ9ijExKfaxunDV,https://e.pcloud.link/publink/show?code=XZMSPGZt3NT1YsMdlXk07XaRWpYK0tAzSey,German,https://www.filmdoo.com/films/enchanted-hearts,21/07/2023,21/07/2023,04/08/2023,,https://www.amazon.com/gp/video/detail/B0CD323MLK,https://www.amazon.co.uk/gp/video/detail/B0CD327KM7,,https://fawesome.tv/movies/10556509/enchanted-hearts,2025 LB Global Media,Box Brazil / FilmDoo / Reveel /  IMDB / Release Tracker,
The Night That Holds You,Enchanted Hearts,12,2018,New Zealand,"English
",https://www.imdb.com/title/tt8315672/,93,2023,"Greece, Brazil, United States, Philippines, New Zealand, Finland","Greek, Portuguese, English, Tagalog, Finnish",https://www.imdb.com/es/title/tt28498049/,Drama,"LGBTQ, Romance",Steven Chow,Steven Chow,Steven Chow,Claire Van Beek (Valerie); Julia Hyde (Suzanne),"A young woman is obsessed by memories of her vanished lover.
","EN, DE",R,Intimate emotional atmosphere and mature romantic themes.,"Canada, LGBTQ+, Nighttime, Intimacy, Relationship, Private Space, Minimalism",LGBTQ,"Drama, Coming of Age","Juulia Kalavainen, Steven Chow, Cole Stamm, Shoshana Rosenbaum, Yasmin Guimarães, Phaedra Vokali","Orestis Plakias, Yasmin Guimarães, Robin Noonan-Price, Brandon Greene, Steven Chow, Jenni Pulli","Saara Honkanen, Steven Chow, Cole Stamm, Liz Maestri, Yasmin Guimarães, Phaedra Vokali","Minea Lång, Reetta Koskinen, Julia Hyde, Claire Van Beek, Sarah Salazar, Marie Angeli Bayani, Meghan McCall, Marni Penning, Maria Leite, Mônica Maria, Froso Papadopoulou, Flomaria Papadaki","Six spellbinding, female-focused stories about private passions, stolen moments and the bonds we form when the world isn't looking.","Two high schoolers experiment with the means and ways of traditional witchcraft, a bride with a secret has second thoughts on her wedding day, and a loving couple quietly prepares their family for the cataclysmic event to come. Six spellbinding stories about private passions, stolen moments and the bonds we form when the world isn't looking.",English,R,"Strong Language, Nudity, Sexual Content","LGBTQ+, Lesbian, Greek films, Brazilian films, American films, Filipino films, New Zealand films, Finnish films, Short Film Compilation, Female Filmmakers, Bullying, Wedding, Relationships, Witchcraft, Apocalypse",Active,Gonella,sales@gonellaproductions.com ,Yes,,21/07/2023,4,21/07/2027,Worldwide,,Worldwide,https://e.pcloud.link/publink/show?code=kZIrdGZyoSHzNQHscmujNVV9J9ErLuTOwGX,https://e.pcloud.link/publink/show?code=XZirdGZoxHnTTbpr5HqSxdP7myDfjul2xEX,https://e.pcloud.link/publink/show?code=XZ7cdGZySqpY0w1wg7ezx0U31AyfpxmpdF7,https://e.pcloud.link/publink/show?code=XZardGZH8e5LtRrfL0hhk0ymD0mKVMQ8wLk,https://e.pcloud.link/publink/show?code=XZzcdGZeXqpJwzDUtfCQPOmNulK4u3dkYA7,https://e.pcloud.link/publink/show?code=kZ2SPGZDjJ3A8KMfPzEPd1RNleKKy5YPBtk,https://e.pcloud.link/publink/show?code=XZsSPGZJ8xoY5OD9YRvRxWWLUpI8FPGYYBX,https://e.pcloud.link/publink/show?code=XZ1SPGZ5uRK8xzXnYpXvoluspfUQuCzbL7X,https://e.pcloud.link/publink/show?code=XZ9SPGZWYjjdlJy7Shn6cJ9ijExKfaxunDV,https://e.pcloud.link/publink/show?code=XZMSPGZt3NT1YsMdlXk07XaRWpYK0tAzSey,German,https://www.filmdoo.com/films/enchanted-hearts,21/07/2023,21/07/2023,04/08/2023,,https://www.amazon.com/gp/video/detail/B0CD323MLK,https://www.amazon.co.uk/gp/video/detail/B0CD327KM7,,https://fawesome.tv/movies/10556509/enchanted-hearts,2025 LB Global Media,Box Brazil / FilmDoo / Reveel /  IMDB / Release Tracker,
Rise Up from This Soil,Enchanted Hearts,18,2017,Finland,Finnish,,93,2023,"Greece, Brazil, United States, Philippines, New Zealand, Finland","Greek, Portuguese, English, Tagalog, Finnish",https://www.imdb.com/es/title/tt28498049/,Drama,"Fantasy, LGBTQ, Coming-of-Age",Juulia Kalavainen,Jenni Pulli,Saara Honkanen,Henna Tanskanen (Anne); Elena Leeve (Friend),"At the start of high school, Anne encounters a rebellious girl named Taru who claims Anne is a witch. As the girls start to experiment with magic and play with forces of nature, they delve deeper into the world of rituals, enchanted by each other. Teenage memories and weird, unexplained phenomena recur to Anne's mind, when she returns to her childhood hometown and meets her high school friend after a long time. Was there really magic in the air?","EN, DE",PG-13,"Supernatural themes, mature emotional subtext, and LGBTQ+ themes.","Finland, Magical Realism, Reunion, High School, LGBTQ+, Supernatural, Memories",LGBTQ,"Drama, Coming of Age","Juulia Kalavainen, Steven Chow, Cole Stamm, Shoshana Rosenbaum, Yasmin Guimarães, Phaedra Vokali","Orestis Plakias, Yasmin Guimarães, Robin Noonan-Price, Brandon Greene, Steven Chow, Jenni Pulli","Saara Honkanen, Steven Chow, Cole Stamm, Liz Maestri, Yasmin Guimarães, Phaedra Vokali","Minea Lång, Reetta Koskinen, Julia Hyde, Claire Van Beek, Sarah Salazar, Marie Angeli Bayani, Meghan McCall, Marni Penning, Maria Leite, Mônica Maria, Froso Papadopoulou, Flomaria Papadaki","Six spellbinding, female-focused stories about private passions, stolen moments and the bonds we form when the world isn't looking.","Two high schoolers experiment with the means and ways of traditional witchcraft, a bride with a secret has second thoughts on her wedding day, and a loving couple quietly prepares their family for the cataclysmic event to come. Six spellbinding stories about private passions, stolen moments and the bonds we form when the world isn't looking.",English,R,"Strong Language, Nudity, Sexual Content","LGBTQ+, Lesbian, Greek films, Brazilian films, American films, Filipino films, New Zealand films, Finnish films, Short Film Compilation, Female Filmmakers, Bullying, Wedding, Relationships, Witchcraft, Apocalypse",Active,Gonella,sales@gonellaproductions.com ,Yes,,21/07/2023,4,21/07/2027,Worldwide,,Worldwide,https://e.pcloud.link/publink/show?code=kZRcdGZRFLfo0YYHIu10I1u4XCXzJVsJ1rV,https://e.pcloud.link/publink/show?code=kZhcdGZfUSoQCoEfhFve65EHkyFrzTITr1V,https://e.pcloud.link/publink/show?code=XZjcdGZCYQAmDLLHxy8AgIbstVLaho82LzV,https://e.pcloud.link/publink/show?code=kZ8cdGZWjCSFOms9SjzC1xbiqTv2HTXA7NV,https://e.pcloud.link/publink/show?code=kZucdGZr234A0T0toyH6Fpuf3AxeRbXmP5y,https://e.pcloud.link/publink/show?code=kZ2SPGZDjJ3A8KMfPzEPd1RNleKKy5YPBtk,https://e.pcloud.link/publink/show?code=XZsSPGZJ8xoY5OD9YRvRxWWLUpI8FPGYYBX,https://e.pcloud.link/publink/show?code=XZ1SPGZ5uRK8xzXnYpXvoluspfUQuCzbL7X,https://e.pcloud.link/publink/show?code=XZ9SPGZWYjjdlJy7Shn6cJ9ijExKfaxunDV,https://e.pcloud.link/publink/show?code=XZMSPGZt3NT1YsMdlXk07XaRWpYK0tAzSey,German,https://www.filmdoo.com/films/enchanted-hearts,21/07/2023,21/07/2023,04/08/2023,,https://www.amazon.com/gp/video/detail/B0CD323MLK,https://www.amazon.co.uk/gp/video/detail/B0CD327KM7,,https://fawesome.tv/movies/10556509/enchanted-hearts,2025 LB Global Media,Box Brazil / FilmDoo / Reveel / Release Tracker,
Lightning Bugs in a Jar,These Untold Secrets,19,2015,USA,English,https://www.imdb.com/title/tt4076212/?ref_=ttfc_ov_bk,99,2023,"United States, France, United Kingdom","English, Chinese",https://www.imdb.com/es/title/tt26670489/?ref_=nv_sr_srsg_0_tt_8_nm_0_in_0_q_These%20Untold%20Secrets,Drama,"LGBTQ,  Coming-of-Age",Robert Ian Simpson (Co-director); Sara Wolkowitz (Co-director),Sophia Betz; Robert Ian Simpson; Sara Wolkowitz; Ellen Novack (Associate); Hilary Simpson (Co-producer),Robert Ian Simpson,Betsy Aidem (Farrah); Devin McDuffee (Max); Ethan Slater (Ben); Darrell James (Grocery baker),"When a mother and son with a caustic history reunite to pack up their old house, sparks fly as long-buried secrets are revealed.","EN, DE",NC-17,Mature family themes and emotional domestic drama.,"USA, Family Secrets, LGBTQ+, Coming-of-Age, Suburbia, Siblings, Identity",LGBTQ,"Drama, Romance","Christine Parker, Zicheng Li, Wei Zhao, Chloe Potamiti, Yorgo Glynatsis, Sara Wolkowitz, Robert Ian Simpson","Sophia Betz, Yorgo Glynatsis,, Iris Pan, Cindy Wu, Christine Parker","Christine Parker, Zicheng Li, Wei Zhao, Yorgo Glynatsis, Chloe Potamiti, Robert Ian Simpson","Barney Glover, Peter Eyre, Laze, Nic Tom, JoJo Wang, Kun Tang, Yorgo Glynatsis, Ethan Slater, Devin McDuffee, Betsy Aidem",All is not as it seems in this impactful collection of shorts exploring private passions and hidden pasts.,"A mother-son reunion awakens old feelings of loss and remorse, a gay man and a lesbian woman navigate a marriage of convenience in the city of Paris, and an old college buddy crashes on the couch of a young author, oblivious to the emotions he stirs up in his friend. All is not as it seems in this impactful collection of shorts exploring private passions and hidden pasts.","English, English HOH, German",NC-17,"Violence, Sexual Content, Nudity, Strong Language, Alcohol Use","LGBTQ+, Gay, American films, French films, British films, Short Film Compilation, Family, Relationships, Grief, Marriage, Sexual Assault, Trauma, Author, Memories",Active,Gonella,sales@gonellaproductions.com,Yes,,03/02/2023,4,02/03/2027,Worldwide,,Worldwide,https://e.pcloud.link/publink/show?code=kZGSPGZhFCACFSxPAJPqBIa0yQirRYhXwc7,https://e.pcloud.link/publink/show?code=XZDodGZEbf36WPz9IhqjxakLUgdOFC4VLQy,https://e.pcloud.link/publink/show?code=XZnodGZEWGzif2gJ8jSxQIkTajoYQW1Fqy0,https://e.pcloud.link/publink/show?code=XZ8odGZtcAVuBiCayBKeMbPKagszQJwqEGyy,https://e.pcloud.link/publink/show?code=XZhodGZrUdX8pnlbRRcyOpVLVpAyBERjByX,https://e.pcloud.link/publink/show?code=kZGSPGZhFCACFSxPAJPqBIa0yQirRYhXwc7,https://e.pcloud.link/publink/show?code=XZiSPGZa61YF8qcjSHvNxuLcySd00RR9qmX,https://e.pcloud.link/publink/show?code=XZrSPGZjdE6xC8OtPSvsKTNyPjFojRcjyny,https://e.pcloud.link/publink/show?code=XZcSPGZyRg5pIa6nGYirQUUeRGnFhzKAadX,https://e.pcloud.link/publink/show?code=XZyjPGZjbwO9LP6LOpHJvXJHv6O1RwRXYnX,German,https://www.filmdoo.com/films/these-untold-secrets,03/02/2023,03/02/2023,07/02/2023,,https://www.amazon.com/gp/video/detail/B0B772M4M2,https://www.amazon.co.uk/gp/video/detail/B0B773BPGM,https://tubitv.com/movies/100015261/these-untold-secrets,https://fawesome.tv/movies/10558825/these-untold-secrets,2025 LB Global Media,Box Brazil / FilmDoo / Reveel /  IMDB / Release Tracker,
Trigger,These Untold Secrets,11,2023,UK,English,https://www.imdb.com/title/tt17498178/,99,2023,"United States, France, United Kingdom","English, Chinese",https://www.imdb.com/es/title/tt26670489/?ref_=nv_sr_srsg_0_tt_8_nm_0_in_0_q_These%20Untold%20Secrets,Drama,"LGBTQ, Psychological",Yorgo Glynatsis (Co-director); Chloe Potamiti (Co-director),Yorgo Glynatsis; Chloe Potamiti,Yorgo Glynatsis (Created by); Chloe Potamiti (Co-writer),Yorgo Glynatsis (Anthony); Robby Khela (Shivan); Tommy Pitiris (Joshua); Reza Diako (Ahmed); Tania Pieri (Dr. Fieri),"Anthony, a twenty-nine-year-old gay actor, auditions for a reality TV show. The casting director immediately asks stereotyping questions about his sexual orientation and, consequently, his taste in men. The questions become more intrusive, triggering a memory of a house party, and a traumatic event in his life.","EN, ES, DE",NC-17,"Strong psychological themes, mature dialogue, and depictions of trauma.","UK, Mental Health, Therapy, LGBTQ+, Trauma, Psychological Drama, Healing",LGBTQ,"Drama, Romance","Christine Parker, Zicheng Li, Wei Zhao, Chloe Potamiti, Yorgo Glynatsis, Sara Wolkowitz, Robert Ian Simpson","Sophia Betz, Yorgo Glynatsis,, Iris Pan, Cindy Wu, Christine Parker","Christine Parker, Zicheng Li, Wei Zhao, Yorgo Glynatsis, Chloe Potamiti, Robert Ian Simpson","Barney Glover, Peter Eyre, Laze, Nic Tom, JoJo Wang, Kun Tang, Yorgo Glynatsis, Ethan Slater, Devin McDuffee, Betsy Aidem",All is not as it seems in this impactful collection of shorts exploring private passions and hidden pasts.,"A mother-son reunion awakens old feelings of loss and remorse, a gay man and a lesbian woman navigate a marriage of convenience in the city of Paris, and an old college buddy crashes on the couch of a young author, oblivious to the emotions he stirs up in his friend. All is not as it seems in this impactful collection of shorts exploring private passions and hidden pasts.","English, English HOH, German",NC-17,"Violence, Sexual Content, Nudity, Strong Language, Alcohol Use","LGBTQ+, Gay, American films, French films, British films, Short Film Compilation, Family, Relationships, Grief, Marriage, Sexual Assault, Trauma, Author, Memories",Active,Gonella,sales@gonellaproductions.com,Yes,,03/02/2023,4,02/03/2027,Worldwide,,Worldwide,https://e.pcloud.link/publink/show?code=kZTodGZiQIo3gwyjd5hbf1qc39BeV1lhDR7,https://e.pcloud.link/publink/show?code=XZCyqGZdIx1DvAIrjhm6irS0JhMH7N4OxXX,https://e.pcloud.link/publink/show?code=XZlyqGZAnHvmOSj8MfHRRSdJ9j55f27N3WX,https://e.pcloud.link/publink/show?code=XZPodGZgT6TBUBFW5J5S7oawBh7RQS68lOk,https://e.pcloud.link/publink/show?code=XZEyqGZ8DXGXfbjuvLoDniUyHTM1yEMteMy,https://e.pcloud.link/publink/show?code=kZGSPGZhFCACFSxPAJPqBIa0yQirRYhXwc7,https://e.pcloud.link/publink/show?code=XZiSPGZa61YF8qcjSHvNxuLcySd00RR9qmX,https://e.pcloud.link/publink/show?code=XZrSPGZjdE6xC8OtPSvsKTNyPjFojRcjyny,https://e.pcloud.link/publink/show?code=XZcSPGZyRg5pIa6nGYirQUUeRGnFhzKAadX,https://e.pcloud.link/publink/show?code=XZyjPGZjbwO9LP6LOpHJvXJHv6O1RwRXYnX,German,https://www.filmdoo.com/films/these-untold-secrets,03/02/2023,03/02/2023,07/02/2023,,https://www.amazon.com/gp/video/detail/B0B772M4M2,https://www.amazon.co.uk/gp/video/detail/B0B773BPGM,https://tubitv.com/movies/100015261/these-untold-secrets,https://fawesome.tv/movies/10558825/these-untold-secrets,2025 LB Global Media,Box Brazil / FilmDoo / Reveel /  IMDB / Release Tracker,
A Story of Wedding,These Untold Secrets,26,2021,China,Mandarin Chinese,,99,2023,"United States, France, United Kingdom","English, Chinese",https://www.imdb.com/es/title/tt26670489/?ref_=nv_sr_srsg_0_tt_8_nm_0_in_0_q_These%20Untold%20Secrets,Drama,"LGBTQ, COVID-19 Narrative",Wei Zhao (Zhao Wei),Iris Pan; Wei Zhao,Wei Zhao,JoJo Wang (Ziqiao); Ming Zhu (Huanlin); Dongpo Liu; Beihai Zhang,"To satisfy their families, Huanlin, a gay man, and Ziqiao, a lesbian, have agreed to have a marriage of convenience, which will be held online due to the COVID-19 pandemic. In addition, they have agreed to have a baby and raise it together. However, this decision is changing their lives before they know it.","EN, CN, DE",NC-17,Mature social themes and complex domestic dynamics.,"China, Marriage of Convenience, Xinghun, COVID-19, LGBTQ+, Digital Wedding, Co-parenting",LGBTQ,"Drama, Romance","Christine Parker, Zicheng Li, Wei Zhao, Chloe Potamiti, Yorgo Glynatsis, Sara Wolkowitz, Robert Ian Simpson","Sophia Betz, Yorgo Glynatsis,, Iris Pan, Cindy Wu, Christine Parker","Christine Parker, Zicheng Li, Wei Zhao, Yorgo Glynatsis, Chloe Potamiti, Robert Ian Simpson","Barney Glover, Peter Eyre, Laze, Nic Tom, JoJo Wang, Kun Tang, Yorgo Glynatsis, Ethan Slater, Devin McDuffee, Betsy Aidem",All is not as it seems in this impactful collection of shorts exploring private passions and hidden pasts.,"A mother-son reunion awakens old feelings of loss and remorse, a gay man and a lesbian woman navigate a marriage of convenience in the city of Paris, and an old college buddy crashes on the couch of a young author, oblivious to the emotions he stirs up in his friend. All is not as it seems in this impactful collection of shorts exploring private passions and hidden pasts.","English, English HOH, German",NC-17,"Violence, Sexual Content, Nudity, Strong Language, Alcohol Use","LGBTQ+, Gay, American films, French films, British films, Short Film Compilation, Family, Relationships, Grief, Marriage, Sexual Assault, Trauma, Author, Memories",Active,Gonella,sales@gonellaproductions.com,Yes,,03/02/2023,4,02/03/2027,Worldwide,,Worldwide,https://e.pcloud.link/publink/show?code=kZNyqGZswHl0wImI38Agp15xQR9fFsb7Il7,https://e.pcloud.link/publink/show?code=XZX7qGZbdygY6JQthXvOJBi1NXi9XTm5aM7,https://e.pcloud.link/publink/show?code=XZJ7qGZ9LJ9eL1bDByL9aaHPQvy3y0jdMfy,https://e.pcloud.link/publink/show?code=XZy7qGZfcCsjnT3ecpM7ir2s883FkUHECy0,https://e.pcloud.link/publink/show?code=XZp7qGZSjvVtM2bhizqGCJ19YeQDm0e9oUk,https://e.pcloud.link/publink/show?code=kZGSPGZhFCACFSxPAJPqBIa0yQirRYhXwc7,https://e.pcloud.link/publink/show?code=XZiSPGZa61YF8qcjSHvNxuLcySd00RR9qmX,https://e.pcloud.link/publink/show?code=XZrSPGZjdE6xC8OtPSvsKTNyPjFojRcjyny,https://e.pcloud.link/publink/show?code=XZcSPGZyRg5pIa6nGYirQUUeRGnFhzKAadX,https://e.pcloud.link/publink/show?code=XZyjPGZjbwO9LP6LOpHJvXJHv6O1RwRXYnX,German,https://www.filmdoo.com/films/these-untold-secrets,03/02/2023,03/02/2023,07/02/2023,,https://www.amazon.com/gp/video/detail/B0B772M4M2,https://www.amazon.co.uk/gp/video/detail/B0B773BPGM,https://tubitv.com/movies/100015261/these-untold-secrets,https://fawesome.tv/movies/10558825/these-untold-secrets,2025 LB Global Media,Box Brazil / FilmDoo / Reveel /  IMDB / Release Tracker,
The Sea We've Never Seen,These Untold Secrets,28,2021,USA,"English, Chinese",https://www.imdb.com/title/tt15386304/,99,2023,"United States, France, United Kingdom","English, Chinese",https://www.imdb.com/es/title/tt26670489/?ref_=nv_sr_srsg_0_tt_8_nm_0_in_0_q_These%20Untold%20Secrets,Drama,"LGBTQ, Arthouse",Zicheng Li,Cindy Wu (Producer); Lameng Bei (Associate Producer),Zicheng Li,Nic Tom (David); Laze (K); Shayla Tharp (Book Editor - voice),"David’s friend from college comes to visit him in LA, but his flight back to China has been canceled due to the pandemic. During the time they live together, David has a secret that he doesn’t know whether or not he should tell.
","EN, DE",NC-17,Intimate emotional themes and artistic social commentary.,"China, USA, Writer, Creativity, LGBTQ+, Intimacy, Arthouse, Minimalist",LGBTQ,"Drama, Romance","Christine Parker, Zicheng Li, Wei Zhao, Chloe Potamiti, Yorgo Glynatsis, Sara Wolkowitz, Robert Ian Simpson","Sophia Betz, Yorgo Glynatsis,, Iris Pan, Cindy Wu, Christine Parker","Christine Parker, Zicheng Li, Wei Zhao, Yorgo Glynatsis, Chloe Potamiti, Robert Ian Simpson","Barney Glover, Peter Eyre, Laze, Nic Tom, JoJo Wang, Kun Tang, Yorgo Glynatsis, Ethan Slater, Devin McDuffee, Betsy Aidem",All is not as it seems in this impactful collection of shorts exploring private passions and hidden pasts.,"A mother-son reunion awakens old feelings of loss and remorse, a gay man and a lesbian woman navigate a marriage of convenience in the city of Paris, and an old college buddy crashes on the couch of a young author, oblivious to the emotions he stirs up in his friend. All is not as it seems in this impactful collection of shorts exploring private passions and hidden pasts.","English, English HOH, German",NC-17,"Violence, Sexual Content, Nudity, Strong Language, Alcohol Use","LGBTQ+, Gay, American films, French films, British films, Short Film Compilation, Family, Relationships, Grief, Marriage, Sexual Assault, Trauma, Author, Memories",Active,Gonella,sales@gonellaproductions.com,Yes,,03/02/2023,4,02/03/2027,Worldwide,,Worldwide,https://e.pcloud.link/publink/show?code=kZz7qGZBjibciIVigJ5ec6cOTM7V4TlV797,https://e.pcloud.link/publink/show?code=XZQ7qGZqrP79xhAx2zmFlKj06Oqa8j0UiPX,https://e.pcloud.link/publink/show?code=XZm7qGZhLh1Nak3aXXn9nkTLBht8JbWt9FX,https://e.pcloud.link/publink/show?code=XZR7qGZDW0YxOz3uupK8DlQ79txPHJ2J4L7,https://e.pcloud.link/publink/show?code=XZj7qGZyeQJqHCVEa8Qhct1hhzdG4od1Yvy,https://e.pcloud.link/publink/show?code=kZGSPGZhFCACFSxPAJPqBIa0yQirRYhXwc7,https://e.pcloud.link/publink/show?code=XZiSPGZa61YF8qcjSHvNxuLcySd00RR9qmX,https://e.pcloud.link/publink/show?code=XZrSPGZjdE6xC8OtPSvsKTNyPjFojRcjyny,https://e.pcloud.link/publink/show?code=XZcSPGZyRg5pIa6nGYirQUUeRGnFhzKAadX,https://e.pcloud.link/publink/show?code=XZyjPGZjbwO9LP6LOpHJvXJHv6O1RwRXYnX,German,https://www.filmdoo.com/films/these-untold-secrets,03/02/2023,03/02/2023,07/02/2023,,https://www.amazon.com/gp/video/detail/B0B772M4M2,https://www.amazon.co.uk/gp/video/detail/B0B773BPGM,https://tubitv.com/movies/100015261/these-untold-secrets,https://fawesome.tv/movies/10558825/these-untold-secrets,2025 LB Global Media,Box Brazil / FilmDoo / Reveel /  IMDB / Release Tracker,
The Carer,These Untold Secrets,15,2016,UK,English,https://www.imdb.com/title/tt5472144/,99,2023,"United States, France, United Kingdom","English, Chinese",https://www.imdb.com/es/title/tt26670489/?ref_=nv_sr_srsg_0_tt_8_nm_0_in_0_q_These%20Untold%20Secrets,Drama,"LGBTQ, Social Drama",Christine Parker,Christine Parker; Simon Onwurah,Christine Parker,Stephan Chase (Ari); Tom Coulston (Beau); Crystal Bennett; Peter Eyre; Barney Glover,"Ari, a sophisticated and urbane gay man, moves into a care home and encounters Beau, the beautiful, heterosexual, illiterate former thief who is now his carer. Their unlikely meeting changes the future for both of them.","EN, DE",NC-17,Mature emotional themes and social commentary.,"UK, Care Home, Unlikely Friendship, LGBTQ+, Social Class, Illiteracy, Redemption",LGBTQ,"Drama, Romance","Christine Parker, Zicheng Li, Wei Zhao, Chloe Potamiti, Yorgo Glynatsis, Sara Wolkowitz, Robert Ian Simpson","Sophia Betz, Yorgo Glynatsis,, Iris Pan, Cindy Wu, Christine Parker","Christine Parker, Zicheng Li, Wei Zhao, Yorgo Glynatsis, Chloe Potamiti, Robert Ian Simpson","Barney Glover, Peter Eyre, Laze, Nic Tom, JoJo Wang, Kun Tang, Yorgo Glynatsis, Ethan Slater, Devin McDuffee, Betsy Aidem",All is not as it seems in this impactful collection of shorts exploring private passions and hidden pasts.,"A mother-son reunion awakens old feelings of loss and remorse, a gay man and a lesbian woman navigate a marriage of convenience in the city of Paris, and an old college buddy crashes on the couch of a young author, oblivious to the emotions he stirs up in his friend. All is not as it seems in this impactful collection of shorts exploring private passions and hidden pasts.","English, English HOH, German",NC-17,"Violence, Sexual Content, Nudity, Strong Language, Alcohol Use","LGBTQ+, Gay, American films, French films, British films, Short Film Compilation, Family, Relationships, Grief, Marriage, Sexual Assault, Trauma, Author, Memories",Active,Gonella,sales@gonellaproductions.com,Yes,,03/02/2023,4,02/03/2027,Worldwide,,Worldwide,https://e.pcloud.link/publink/show?code=kZf7qGZxCjKmHvv7fkT8iert7GoU0fsQxDX,https://e.pcloud.link/publink/show?code=XZW7qGZGEFOfTP2c14JqRyfRyjH7HRWCvyk,https://e.pcloud.link/publink/show?code=XZD7qGZ9zxy2mpIt8V2nM19dBzJG5bTOJyy,https://e.pcloud.link/publink/show?code=XZ27qGZGkm4OxGfhnQ0M1fPE74U3QJe4sQV,https://e.pcloud.link/publink/show?code=XZn7qGZmszF2g6ck4kVgMUwcM6uay1mwz4y,https://e.pcloud.link/publink/show?code=kZGSPGZhFCACFSxPAJPqBIa0yQirRYhXwc7,https://e.pcloud.link/publink/show?code=XZiSPGZa61YF8qcjSHvNxuLcySd00RR9qmX,https://e.pcloud.link/publink/show?code=XZrSPGZjdE6xC8OtPSvsKTNyPjFojRcjyny,https://e.pcloud.link/publink/show?code=XZcSPGZyRg5pIa6nGYirQUUeRGnFhzKAadX,https://e.pcloud.link/publink/show?code=XZyjPGZjbwO9LP6LOpHJvXJHv6O1RwRXYnX,German,https://www.filmdoo.com/films/these-untold-secrets,03/02/2023,03/02/2023,07/02/2023,,https://www.amazon.com/gp/video/detail/B0B772M4M2,https://www.amazon.co.uk/gp/video/detail/B0B773BPGM,https://tubitv.com/movies/100015261/these-untold-secrets,https://fawesome.tv/movies/10558825/these-untold-secrets,2025 LB Global Media,Box Brazil / FilmDoo / Reveel /  IMDB / Release Tracker,
AYOR,Frisky Business,11,2021,Netherlands,"Dutch
",https://www.imdb.com/title/tt14318910/,92,2023,"Netherlands, United Kingdom, Chile, United States, Taiwan","English, Spanish, Mandarin Chinese",https://www.imdb.com/title/tt27728541/,Drama,"LGBTQ, History",Tom Bakker,Rogier Kramer (Producer); Laura Bouwmeester (Line Producer),Tom Bakker,Thor Braun (Jan); Lars Brinkman (Enno); Leandro Ceder (Matt); Angélo Schuurmans (Ad); Hein van der Heijden (Police Officer),"During the national commemoration of Remembrance Day in 1970, two men try to make a statement against gay discrimination. In the moments before and after the incident, their doubt, fear and firm beliefs become clear.",EN,PG-13,Period-typical discrimination and intense emotional themes.,"Netherlands, Amsterdam, 1970s, LGBTQ+ History, Remembrance Day, Activism, Human Rights",LGBTQ,Drama,"Weng Yu-tong, Mark Marchillo, Ignacio Juricic Merillán, Pedro Rilhó, Tom Bakker","Rogier Kramer, Carmen Pop-Tiron, Mariana Tejos Martignoni, Gabriel Oliva, Pei-Ling Yang","Gabriel Oliva, Weng Yu-tong, Ignacio Juricic Merillán, Pedro Rilhó, Tom Bakker","Chih-han Chang, Lee-fong Huang, Maria Pallas, Gabriel Oliva, Catalina Vásquez Cristi, Andrew Bargsted, Olivia Nakintu, Oliver Wellington, Lars Brinkman, Thor Braun","A defiant collection of shorts exploring passion, persecution and revolt from eras past, present and future.","An anxious young drag queen searches for a way out before a revealing news story hits the airwaves, two silent strangers wander out into the night in a city under curfew, and a lively summer camp seeks to rid the youths of America of their sinful heterosexual desires. A defiant collection of shorts exploring passion, persecution and revolt from eras past, present and future. ","English, English HOH, German",R,"Violence, Sexual Content, Strong Language, Alcohol use","LGBTQ+, Gay, Dutch films, British films, Chilean films, American films, Taiwanese films, Short Film Compilation, Activism, Sexuality, Period films, History, Prejudice, Homophobia",Active,Gonella,sales@gonellaproductions.com,Yes,,03/03/2023,4,03/03/2027,Worldwide,,Worldwide,https://e.pcloud.link/publink/show?code=kZKhoGZfdKPzzg5K2y6n9PP6RkyDmJqjhTV,https://e.pcloud.link/publink/show?code=XZHSoGZ4hyCPdSqjfB95lLbtViLsYJabaBy,https://e.pcloud.link/publink/show?code=XZohoGZy4mivXztaQVvYBlPVGp768GiP00V,https://vimeo.com/543547775,https://e.pcloud.link/publink/show?code=XZ4SoGZb9uC7bol06k3sphY6UPftR4l8L5k,https://e.pcloud.link/publink/show?code=kZ1zvGZ9MYKblmSmap75JyBaXSm8bTp02qy,https://www.youtube.com/watch?v=_UwtPGfW4cM,https://e.pcloud.link/publink/show?code=XZUzvGZXVD3ezReUN0GhjO7PWS6dSw0lMTX,https://e.pcloud.link/publink/show?code=XZazvGZa3m1eKM82w4Qfgb5zuHXO7Ng8guk,https://e.pcloud.link/publink/show?code=XZczvGZVt9am5wcR8079lrdBKjb0HgOze97,German,https://www.filmdoo.com/films/frisky-business,03/03/2023,03/03/2023,09/03/2023,,https://www.amazon.com/gp/video/detail/B0B7BNRJWG,https://www.amazon.co.uk/gp/video/detail/B0B7BP3Q7K,https://tubitv.com/movies/100005186/frisky-business,https://fawesome.tv/movies/10553112/frisky-business,2025 LB Global Media,Box Brazil / FilmDoo / Reveel /  IMDB / Release Tracker,
All the Way,Frisky Business,21,2018,United Kingdom,English,https://www.imdb.com/title/tt8938848/,92,2023,"Netherlands, United Kingdom, Chile, United States, Taiwan","English, Spanish, Mandarin Chinese",https://www.imdb.com/title/tt27728541/,Drama,"LGBTQ, Political, Romance",Pedro Rilhó,"Carmen Pop-Tiron (Producer); Sandie Dawe, Nuno Gonçalves, Helena Leitão, Catarina Lorvão, Adriana Pop-Tiron, Assunção Rilhó, Hugo Rilhó, Jorge Velez (Executive Producers)",Pedro Rilhó,Olivia Nakintu (Rayvenn); Oliver Wellington (Lourenço); Vincent Jerome (Theo); Michael Ballard (The Guest); James Hardy (Tom); Alan Mooney,"Rayvenn and Lourenço find themselves in new relationships but will their political differences drive them apart?
",EN,R,Strong political themes and mature relationship dynamics.,"UK, Politics, Ideology, LGBTQ+, Romance, Debate, Relationship Tension",LGBTQ,Drama,"Weng Yu-tong, Mark Marchillo, Ignacio Juricic Merillán, Pedro Rilhó, Tom Bakker","Rogier Kramer, Carmen Pop-Tiron, Mariana Tejos Martignoni, Gabriel Oliva, Pei-Ling Yang","Gabriel Oliva, Weng Yu-tong, Ignacio Juricic Merillán, Pedro Rilhó, Tom Bakker","Chih-han Chang, Lee-fong Huang, Maria Pallas, Gabriel Oliva, Catalina Vásquez Cristi, Andrew Bargsted, Olivia Nakintu, Oliver Wellington, Lars Brinkman, Thor Braun","A defiant collection of shorts exploring passion, persecution and revolt from eras past, present and future.","An anxious young drag queen searches for a way out before a revealing news story hits the airwaves, two silent strangers wander out into the night in a city under curfew, and a lively summer camp seeks to rid the youths of America of their sinful heterosexual desires. A defiant collection of shorts exploring passion, persecution and revolt from eras past, present and future. ","English, English HOH, German",R,"Violence, Sexual Content, Strong Language, Alcohol use","LGBTQ+, Gay, Dutch films, British films, Chilean films, American films, Taiwanese films, Short Film Compilation, Activism, Sexuality, Period films, History, Prejudice, Homophobia",Active,Gonella,sales@gonellaproductions.com,Yes,,03/03/2023,4,03/03/2027,Worldwide,,Worldwide,https://e.pcloud.link/publink/show?code=kZfSoGZkBuyaxpxBWhkFBfmzVBWTSKbsAV0,https://e.pcloud.link/publink/show?code=XZrSoGZPopD0bmrwwyoaV3htXL83jqEgKLX,https://e.pcloud.link/publink/show?code=XZ0joGZIc7D1w71LHjbcqiRvVv2XyyHQ0Bk,https://e.pcloud.link/publink/show?code=XZ7joGZY7KCOqibcAfahHTd9BRFQ4VSOMe7,https://e.pcloud.link/publink/show?code=XZHjoGZfk1lvbJRsrRFlX3Dednvv4NWEqJk,https://e.pcloud.link/publink/show?code=kZ1zvGZ9MYKblmSmap75JyBaXSm8bTp02qy,https://www.youtube.com/watch?v=_UwtPGfW4cM,https://e.pcloud.link/publink/show?code=XZUzvGZXVD3ezReUN0GhjO7PWS6dSw0lMTX,https://e.pcloud.link/publink/show?code=XZazvGZa3m1eKM82w4Qfgb5zuHXO7Ng8guk,https://e.pcloud.link/publink/show?code=XZczvGZVt9am5wcR8079lrdBKjb0HgOze97,German,https://www.filmdoo.com/films/frisky-business,03/03/2023,03/03/2023,09/03/2023,,https://www.amazon.com/gp/video/detail/B0B7BNRJWG,https://www.amazon.co.uk/gp/video/detail/B0B7BP3Q7K,https://tubitv.com/movies/100005186/frisky-business,https://fawesome.tv/movies/10553112/frisky-business,2025 LB Global Media,Box Brazil / FilmDoo / Reveel /  IMDB / Release Tracker,
Lost Queens,Frisky Business,28,2015,Chile,Spanish,https://www.imdb.com/title/tt4636302/?ref_=ttfc_ov_bk,92,2023,"Netherlands, United Kingdom, Chile, United States, Taiwan","English, Spanish, Mandarin Chinese",https://www.imdb.com/title/tt27728541/,Drama,"LGBTQ, Historical Drama",Ignacio Juricic Merillán,Mariana Tejos Martignoni,Ignacio Juricic Merillán,Andrew Bargsted (Rodrigo); Catalina Vásquez Cristi (María de los Ángeles); Roxana Campos (Carmen); Rodrigo Pérez (Mauricio); Macarena Lagos (Alexandra); Maite Neira (Giselle),"1996, Rodrigo (18) is arrested by the police in a televised raid on the club where he works as a drag queen. He goes back home, fearful that his family will see him on the news. While they are all getting ready for a party, he plans to run away.
",EN,R,"Mature themes related to discrimination, police raids, and intense family conflict.","Chile, Drag Queen, Police Raid, 1990s, LGBTQ+ History, Family Secrets, Cannes Prize Winner",LGBTQ,Drama,"Weng Yu-tong, Mark Marchillo, Ignacio Juricic Merillán, Pedro Rilhó, Tom Bakker","Rogier Kramer, Carmen Pop-Tiron, Mariana Tejos Martignoni, Gabriel Oliva, Pei-Ling Yang","Gabriel Oliva, Weng Yu-tong, Ignacio Juricic Merillán, Pedro Rilhó, Tom Bakker","Chih-han Chang, Lee-fong Huang, Maria Pallas, Gabriel Oliva, Catalina Vásquez Cristi, Andrew Bargsted, Olivia Nakintu, Oliver Wellington, Lars Brinkman, Thor Braun","A defiant collection of shorts exploring passion, persecution and revolt from eras past, present and future.","An anxious young drag queen searches for a way out before a revealing news story hits the airwaves, two silent strangers wander out into the night in a city under curfew, and a lively summer camp seeks to rid the youths of America of their sinful heterosexual desires. A defiant collection of shorts exploring passion, persecution and revolt from eras past, present and future. ","English, English HOH, German",R,"Violence, Sexual Content, Strong Language, Alcohol use","LGBTQ+, Gay, Dutch films, British films, Chilean films, American films, Taiwanese films, Short Film Compilation, Activism, Sexuality, Period films, History, Prejudice, Homophobia",Active,Gonella,sales@gonellaproductions.com,Yes,,03/03/2023,4,03/03/2027,Worldwide,,Worldwide,https://e.pcloud.link/publink/show?code=kZujoGZKUhsoOYIX87g2AJbmTmGDLk8NaAX,https://e.pcloud.link/publink/show?code=XZsjoGZMONNaV0qSlkcfkhw5qLS3jDdLpo7,https://e.pcloud.link/publink/show?code=XZ1joGZIiKnkF8yQYXJHULIz7EgfYp7Ib4k,https://e.pcloud.link/publink/show?code=XZDjoGZqmPCEaeHlbfnvlEADzGMRz1YMbV7,https://e.pcloud.link/publink/show?code=XZejoGZGzp45yUhnSkLz1rJwRIsPROmlFS7,https://e.pcloud.link/publink/show?code=kZ1zvGZ9MYKblmSmap75JyBaXSm8bTp02qy,https://www.youtube.com/watch?v=_UwtPGfW4cM,https://e.pcloud.link/publink/show?code=XZUzvGZXVD3ezReUN0GhjO7PWS6dSw0lMTX,https://e.pcloud.link/publink/show?code=XZazvGZa3m1eKM82w4Qfgb5zuHXO7Ng8guk,https://e.pcloud.link/publink/show?code=XZczvGZVt9am5wcR8079lrdBKjb0HgOze97,German,https://www.filmdoo.com/films/frisky-business,03/03/2023,03/03/2023,09/03/2023,,https://www.amazon.com/gp/video/detail/B0B7BNRJWG,https://www.amazon.co.uk/gp/video/detail/B0B7BP3Q7K,https://tubitv.com/movies/100005186/frisky-business,https://fawesome.tv/movies/10553112/frisky-business,2025 LB Global Media,Box Brazil / FilmDoo / Reveel /  IMDB / Release Tracker,
Gay Camp,Frisky Business,11,2018,USA,English,https://www.imdb.com/title/tt8346678/,92,2023,"Netherlands, United Kingdom, Chile, United States, Taiwan","English, Spanish, Mandarin Chinese",https://www.imdb.com/title/tt27728541/,Comedy,"LGBTQ, Parody",Mark Marchillo,Gabriel Oliva (Executive Producer); Maria Pallas (Executive Producer),Gabriel Oliva,Gabriel Oliva (Blaze Woodman); Maria Pallas (Skylar Pinkard); Brent Barnes (Camp Cook); Tabitha Brownstone; Ariely Garcia; Kyle Kittredge,"In a world where most of the population is gay, children who exhibit ""straight' tendencies are sent to camps in order to convert them back to a natural homosexual lifestyle. Camp Sohomo will convert your child in record time.",EN,PG-13,"Mild language, comedic depictions of mature themes, and satirical social commentary.","USA, Satire, Conversion Camp, Parody, LGBTQ+, Comedy, Camp Aesthetic",LGBTQ,Drama,"Weng Yu-tong, Mark Marchillo, Ignacio Juricic Merillán, Pedro Rilhó, Tom Bakker","Rogier Kramer, Carmen Pop-Tiron, Mariana Tejos Martignoni, Gabriel Oliva, Pei-Ling Yang","Gabriel Oliva, Weng Yu-tong, Ignacio Juricic Merillán, Pedro Rilhó, Tom Bakker","Chih-han Chang, Lee-fong Huang, Maria Pallas, Gabriel Oliva, Catalina Vásquez Cristi, Andrew Bargsted, Olivia Nakintu, Oliver Wellington, Lars Brinkman, Thor Braun","A defiant collection of shorts exploring passion, persecution and revolt from eras past, present and future.","An anxious young drag queen searches for a way out before a revealing news story hits the airwaves, two silent strangers wander out into the night in a city under curfew, and a lively summer camp seeks to rid the youths of America of their sinful heterosexual desires. A defiant collection of shorts exploring passion, persecution and revolt from eras past, present and future. ","English, English HOH, German",R,"Violence, Sexual Content, Strong Language, Alcohol use","LGBTQ+, Gay, Dutch films, British films, Chilean films, American films, Taiwanese films, Short Film Compilation, Activism, Sexuality, Period films, History, Prejudice, Homophobia",Active,Gonella,sales@gonellaproductions.com,Yes,,03/03/2023,4,03/03/2027,Worldwide,,Worldwide,https://e.pcloud.link/publink/show?code=kZMjoGZGcLOfJyCPxm4Eq1Ai3UWALS9GsjX,https://e.pcloud.link/publink/show?code=kZxjoGZa0S5Gttr4cFFu1gCpdhOJHSpTg0V,https://e.pcloud.link/publink/show?code=XZwjoGZ9zC3RLSqiqJ1sMuYTDff0uaYL2Ly,https://e.pcloud.link/publink/show?code=XZTjoGZHGfXMnvNwjjRIj3nXG54X5avn5R7,https://e.pcloud.link/publink/show?code=XZgjoGZuQxwQgWNQUBfRoPiCCDRhS1OHPi7,https://e.pcloud.link/publink/show?code=kZ1zvGZ9MYKblmSmap75JyBaXSm8bTp02qy,https://www.youtube.com/watch?v=_UwtPGfW4cM,https://e.pcloud.link/publink/show?code=XZUzvGZXVD3ezReUN0GhjO7PWS6dSw0lMTX,https://e.pcloud.link/publink/show?code=XZazvGZa3m1eKM82w4Qfgb5zuHXO7Ng8guk,https://e.pcloud.link/publink/show?code=XZczvGZVt9am5wcR8079lrdBKjb0HgOze97,German,https://www.filmdoo.com/films/frisky-business,03/03/2023,03/03/2023,09/03/2023,,https://www.amazon.com/gp/video/detail/B0B7BNRJWG,https://www.amazon.co.uk/gp/video/detail/B0B7BP3Q7K,https://tubitv.com/movies/100005186/frisky-business,https://fawesome.tv/movies/10553112/frisky-business,2025 LB Global Media,Box Brazil / FilmDoo / Reveel /  IMDB / Release Tracker,
Undercurrent,Frisky Business,20,2020,Taiwan,Mandarin Chinese,https://www.imdb.com/title/tt14909110/?ref_=ttfc_ov_bk,92,2023,"Netherlands, United Kingdom, Chile, United States, Taiwan","English, Spanish, Mandarin Chinese",https://www.imdb.com/title/tt27728541/,Drama,"LGBTQ, Political Thriller, History",Yu-Tong Weng,Pei-Ling Yang,Yu-Tong Weng,Lee-Fong Huang (Teenage); Chih-Han Chang (Youth); Ming-fan Wu (Police),"In a winter evening of 1979, the arrest of anti-government protesters involved in the Formosa Incident is underway. While the city is under curfew, a teenage student follows a mysterious young man from a riverside path into an abandoned hut. However, when the student is later caught by a plain-clothes police officer, the young man chooses to turn a blind eye.",EN,PG-13,"Intense historical atmosphere, political tension, and mature emotional subtext.","Taiwan, White Terror, Martial Law, Formosa Incident, LGBTQ+, Historical Drama, Secret Encounter",LGBTQ,Drama,"Weng Yu-tong, Mark Marchillo, Ignacio Juricic Merillán, Pedro Rilhó, Tom Bakker","Rogier Kramer, Carmen Pop-Tiron, Mariana Tejos Martignoni, Gabriel Oliva, Pei-Ling Yang","Gabriel Oliva, Weng Yu-tong, Ignacio Juricic Merillán, Pedro Rilhó, Tom Bakker","Chih-han Chang, Lee-fong Huang, Maria Pallas, Gabriel Oliva, Catalina Vásquez Cristi, Andrew Bargsted, Olivia Nakintu, Oliver Wellington, Lars Brinkman, Thor Braun","A defiant collection of shorts exploring passion, persecution and revolt from eras past, present and future.","An anxious young drag queen searches for a way out before a revealing news story hits the airwaves, two silent strangers wander out into the night in a city under curfew, and a lively summer camp seeks to rid the youths of America of their sinful heterosexual desires. A defiant collection of shorts exploring passion, persecution and revolt from eras past, present and future. ","English, English HOH, German",R,"Violence, Sexual Content, Strong Language, Alcohol use","LGBTQ+, Gay, Dutch films, British films, Chilean films, American films, Taiwanese films, Short Film Compilation, Activism, Sexuality, Period films, History, Prejudice, Homophobia",Active,Gonella,sales@gonellaproductions.com,Yes,,03/03/2023,4,03/03/2027,Worldwide,,Worldwide,https://e.pcloud.link/publink/show?code=kZqjoGZoAYKHvPxBh4x693NjcFbfXqYsMVk,https://e.pcloud.link/publink/show?code=XZUjoGZ0IYinNqFXhHCUFCE1sK454MC8ygX,https://e.pcloud.link/publink/show?code=XZIjoGZOmdiMDDQ08RY7P7vL3lJqQoy4aWy,https://e.pcloud.link/publink/show?code=XZEjoGZVotaNBYaJgYRK9DYEW0J2JuujSOy,https://e.pcloud.link/publink/show?code=XZAjoGZUJeLdIryaEVNURC5kzeMru8yMPA7,https://e.pcloud.link/publink/show?code=kZ1zvGZ9MYKblmSmap75JyBaXSm8bTp02qy,https://www.youtube.com/watch?v=_UwtPGfW4cM,https://e.pcloud.link/publink/show?code=XZUzvGZXVD3ezReUN0GhjO7PWS6dSw0lMTX,https://e.pcloud.link/publink/show?code=XZazvGZa3m1eKM82w4Qfgb5zuHXO7Ng8guk,https://e.pcloud.link/publink/show?code=XZczvGZVt9am5wcR8079lrdBKjb0HgOze97,German,https://www.filmdoo.com/films/frisky-business,03/03/2023,03/03/2023,09/03/2023,,https://www.amazon.com/gp/video/detail/B0B7BNRJWG,https://www.amazon.co.uk/gp/video/detail/B0B7BP3Q7K,https://tubitv.com/movies/100005186/frisky-business,https://fawesome.tv/movies/10553112/frisky-business,2025 LB Global Media,Box Brazil / FilmDoo / Reveel /  IMDB / Release Tracker,
ALFI,To Speak Her Mind,21,2022,Israel,Hebrew,,90,2023,"United Kingdom, Israel, Germany, Brazil","English, Hebrew, German, Portuguese",https://www.imdb.com/title/tt27996535/,Drama,"LGBTQ, Coming-of-Age",Raz Bdv,Raz Bdv,Raz Bdv,Bar Ruso; Leila Rose Bari; Shiraz Peled; Shmuel Edelman; Amit Fridman; Naomi Rinott Coussin,"Sixteen year old Noga is trying to write her speech for ALFI, the Animal- Liberation-Front-Israel, with the help of Lea, an older, true activist. Noga imagines freedom for herself and for all living beings, but in the meantime she is struggling with her own words.",EN,R,Mature emotional themes and depictions of youth subcultures.,"Israel, Tel Aviv, LGBTQ+, Identity, Coming-of-Age, Youth Culture, Intimacy",LGBTQ,Drama,"Atefeh Kheirabadi, Mehrad Sepahnia, Céline Ribard, Carla Villa Lobos, Sophie King, Raz Bdv","Raz Bdv, Savannah Power, Julia Araújo, Zaynab S. Akhtar, Atefeh Kheirabadi","Eoghan Synnott, Claire Tailyour, Cat White, Isabella Speaight, Atefeh Kheirabadi, Mehrad Sepahnia, Céline Ribard, Carla Villa Lobos, Raz Bdv","Kristine Luther Goldmann, Anna Elisabeth Emilie Disse, Anne Diedering, Matthew Jordan, Erin Elkin, Carol Dall Farra, Cat White, Isabella Speaight, Bar Ruso, Leila Rose Bari","A bold and outspoken anthology of female-focused stories about finding your voice, living your truth and learning to persist in the face of hardship.","A teenage animal rights supporter harbors feelings for her fellow activist, an aspiring artist hones her craft on the subway routes of Rio de Janeiro, and two young women contemplate a pivotal decision on the shores of 19th century Britain. An anthology of female-focused stories about finding your voice, living your truth and learning to persist in the face of hardship.","English, English HOH, German",NC-17,"Strong Language, Nudity, Sexual Content","LGBTQ+, Lesbian, Female Lead, British films, Israeli films, German films, Brazilian films, Short Film Compilation, Female Filmmakers, Relationships, Activism, Music",Active,Gonella,sales@gonellaproductions.com ,Yes,,30/05/2023,4,30/05/2027,Worldwide,,Worldwide,https://e.pcloud.link/publink/show?code=kZkuoGZAFPRgBbyxQB5MI5wemhXL4NokO87,https://e.pcloud.link/publink/show?code=XZbuoGZoChKf6bEOb45rAW39oHvkkj5kiuk,https://e.pcloud.link/publink/show?code=kZiuoGZTfLBOVI1pgpSEGrV5g3Qh4XxHpu7,https://e.pcloud.link/publink/show?code=kZ5uoGZ3RksPD1o3rF4cv6H9MKp7FmyFDKV,https://e.pcloud.link/publink/show?code=XZyfoGZfxVRLSgWq5SlGldwJUkYXBBd1SsV,https://e.pcloud.link/publink/show?code=kZQLvGZGlGqt5tlmL0hHuSqX77hlu9YSHoy,https://www.youtube.com/watch?v=i6omCFtKdjM,https://e.pcloud.link/publink/show?code=XZWLvGZ9EEGEfeMcUbqvW4h1l4AKRqw1Wak,https://e.pcloud.link/publink/show?code=XZ1LvGZkGcgtN2snl571P399ys0wj3CqBU7,https://e.pcloud.link/publink/show?code=XZnLvGZLSr53uFWTVjS9744H3RdrmNcQUsy,German,https://www.filmdoo.com/films/to-speak-her-mind,30/05/2023,30/05/2023,14/06/2023,,https://www.amazon.com/gp/video/detail/B0BZMH844M,https://www.amazon.co.uk/gp/video/detail/B0BZMGL6F5,https://tubitv.com/movies/100011870/to-speak-her-mind,https://fawesome.tv/movies/10554784/to-speak-her-mind,2025 LB Global Media,Box Brazil / FilmDoo / Reveel / Letterbox / Release Tracker,
Farewell She Goes,To Speak Her Mind,10,2021,United Kingdom,English,https://www.imdb.com/title/tt13097446/,90,2023,"United Kingdom, Israel, Germany, Brazil","English, Hebrew, German, Portuguese",https://www.imdb.com/title/tt27996535/,Drama,"LGBTQ, Women's Rights, Period Piece",Sophie King,Savannah Power; Isabella Speaight; Cat White,Isabella Speaight (Creator); Cat White (Creator); Claire Tailyour,Isabella Speaight (Charlotte); Cat White (Sophia),"Two young women sneak away from their strict stately home existence to lay their pet canary to rest. One white and one mixed race, these are cousins bonded by more than blood. Stood at the cusp of the ocean, it soon transpires that one of them is pregnant and they contemplate what should be done.
",EN,PG-13,Discussion of pregnancy and period-typical social restrictions.,"UK, Period Drama, 18th Century, Body Agency, Pregnancy, Racial Identity, Female Friendship",LGBTQ,Drama,"Atefeh Kheirabadi, Mehrad Sepahnia, Céline Ribard, Carla Villa Lobos, Sophie King, Raz Bdv","Raz Bdv, Savannah Power, Julia Araújo, Zaynab S. Akhtar, Atefeh Kheirabadi","Eoghan Synnott, Claire Tailyour, Cat White, Isabella Speaight, Atefeh Kheirabadi, Mehrad Sepahnia, Céline Ribard, Carla Villa Lobos, Raz Bdv","Kristine Luther Goldmann, Anna Elisabeth Emilie Disse, Anne Diedering, Matthew Jordan, Erin Elkin, Carol Dall Farra, Cat White, Isabella Speaight, Bar Ruso, Leila Rose Bari","A bold and outspoken anthology of female-focused stories about finding your voice, living your truth and learning to persist in the face of hardship.","A teenage animal rights supporter harbors feelings for her fellow activist, an aspiring artist hones her craft on the subway routes of Rio de Janeiro, and two young women contemplate a pivotal decision on the shores of 19th century Britain. An anthology of female-focused stories about finding your voice, living your truth and learning to persist in the face of hardship.","English, English HOH, German",NC-17,"Strong Language, Nudity, Sexual Content","LGBTQ+, Lesbian, Female Lead, British films, Israeli films, German films, Brazilian films, Short Film Compilation, Female Filmmakers, Relationships, Activism, Music",Active,Gonella,sales@gonellaproductions.com ,Yes,,30/05/2023,4,30/05/2027,Worldwide,,Worldwide,https://e.pcloud.link/publink/show?code=kZ0foGZXGrpTqGQTP0nd9HIiD84Hh5t9WBV,https://e.pcloud.link/publink/show?code=XZ92oGZzhevQk5cG98edsSAtv2K3FRCPckV,https://e.pcloud.link/publink/show?code=kZw2oGZakWhyENJX6uOe7F9LK2ApBbm0h87,https://e.pcloud.link/publink/show?code=kZFfoGZLTuLaeKK8M7daOyFUoqIahXslUsV,https://e.pcloud.link/publink/show?code=XZl2oGZnhlg0qkdkzbE4ibzq881MXPB6aSy,https://e.pcloud.link/publink/show?code=kZQLvGZGlGqt5tlmL0hHuSqX77hlu9YSHoy,https://www.youtube.com/watch?v=i6omCFtKdjM,https://e.pcloud.link/publink/show?code=XZWLvGZ9EEGEfeMcUbqvW4h1l4AKRqw1Wak,https://e.pcloud.link/publink/show?code=XZ1LvGZkGcgtN2snl571P399ys0wj3CqBU7,https://e.pcloud.link/publink/show?code=XZnLvGZLSr53uFWTVjS9744H3RdrmNcQUsy,German,https://www.filmdoo.com/films/to-speak-her-mind,30/05/2023,30/05/2023,14/06/2023,,https://www.amazon.com/gp/video/detail/B0BZMH844M,https://www.amazon.co.uk/gp/video/detail/B0BZMGL6F5,https://tubitv.com/movies/100011870/to-speak-her-mind,https://fawesome.tv/movies/10554784/to-speak-her-mind,2025 LB Global Media,Box Brazil / FilmDoo / Reveel /  IMDB / Release Tracker,
MC Jess,To Speak Her Mind,20,2018,Brazil,Portuguese,https://www.imdb.com/title/tt8394572/?ref_=ttfc_ov_bk,90,2023,"United Kingdom, Israel, Germany, Brazil","English, Hebrew, German, Portuguese",https://www.imdb.com/title/tt27996535/,Drama,"LGBTQ, Music, Social",Carla Villa Lobos,Julia Araújo (Executive Producer / Producer),Carla Villa Lobos,Carol Dall Farra (Jessica); Vitória Régia da Silva; Fernanda Dias; Anna Vieira; Altair Rodrigues,"Jessica has to face everyday prejudice. She seeks in art a way of expressing herself and overcoming her insecurities.
",EN,R,"Depictions of social prejudice, strong language, and mature themes.","Brazil, Rio de Janeiro, Favela, LGBTQ+, Rap, Poetry, Self-Expression, Black Identity",LGBTQ,Drama,"Atefeh Kheirabadi, Mehrad Sepahnia, Céline Ribard, Carla Villa Lobos, Sophie King, Raz Bdv","Raz Bdv, Savannah Power, Julia Araújo, Zaynab S. Akhtar, Atefeh Kheirabadi","Eoghan Synnott, Claire Tailyour, Cat White, Isabella Speaight, Atefeh Kheirabadi, Mehrad Sepahnia, Céline Ribard, Carla Villa Lobos, Raz Bdv","Kristine Luther Goldmann, Anna Elisabeth Emilie Disse, Anne Diedering, Matthew Jordan, Erin Elkin, Carol Dall Farra, Cat White, Isabella Speaight, Bar Ruso, Leila Rose Bari","A bold and outspoken anthology of female-focused stories about finding your voice, living your truth and learning to persist in the face of hardship.","A teenage animal rights supporter harbors feelings for her fellow activist, an aspiring artist hones her craft on the subway routes of Rio de Janeiro, and two young women contemplate a pivotal decision on the shores of 19th century Britain. An anthology of female-focused stories about finding your voice, living your truth and learning to persist in the face of hardship.","English, English HOH, German",NC-17,"Strong Language, Nudity, Sexual Content","LGBTQ+, Lesbian, Female Lead, British films, Israeli films, German films, Brazilian films, Short Film Compilation, Female Filmmakers, Relationships, Activism, Music",Active,Gonella,sales@gonellaproductions.com ,Yes,,30/05/2023,4,30/05/2027,Worldwide,,Worldwide,https://e.pcloud.link/publink/show?code=kZt2oGZdfiYjO2Ply0JxChaPjNOSYK4qmtk,https://e.pcloud.link/publink/show?code=XZ32oGZMVgQtxxsi4yxmU0So8rVIf6NrgU7,https://e.pcloud.link/publink/show?code=kZkWoGZEeR8gxfkqmJ2eRkDkbyb1FK70sCX,https://e.pcloud.link/publink/show?code=kZ7WoGZ2FiJBXUJ5juLohuUSaBSMYHu6ujy,https://e.pcloud.link/publink/show?code=XZ5WoGZz1rE3QxeqzRKBQR8x4VqlSLBSQ87,https://e.pcloud.link/publink/show?code=kZQLvGZGlGqt5tlmL0hHuSqX77hlu9YSHoy,https://www.youtube.com/watch?v=i6omCFtKdjM,https://e.pcloud.link/publink/show?code=XZWLvGZ9EEGEfeMcUbqvW4h1l4AKRqw1Wak,https://e.pcloud.link/publink/show?code=XZ1LvGZkGcgtN2snl571P399ys0wj3CqBU7,https://e.pcloud.link/publink/show?code=XZnLvGZLSr53uFWTVjS9744H3RdrmNcQUsy,German,https://www.filmdoo.com/films/to-speak-her-mind,30/05/2023,30/05/2023,14/06/2023,,https://www.amazon.com/gp/video/detail/B0BZMH844M,https://www.amazon.co.uk/gp/video/detail/B0BZMGL6F5,https://tubitv.com/movies/100011870/to-speak-her-mind,https://fawesome.tv/movies/10554784/to-speak-her-mind,2025 LB Global Media,Box Brazil / FilmDoo / Reveel /  IMDB / Release Tracker,
Boxers or Briefs,To Speak Her Mind,8,2022,United Kingdom,English,https://www.imdb.com/title/tt15422686/,90,2023,"United Kingdom, Israel, Germany, Brazil","English, Hebrew, German, Portuguese",https://www.imdb.com/title/tt27996535/,Comedy," Drama,  LGBTQ+ / Slice of Life",Céline Ribard,Zaynab S. Akhtar; Rebecca del Tufo; Céline Ribard,Céline Ribard; Eoghan Synnott,Erin Elkin (Freya); Matthew Jordan (Dan),"Freya and Dan have been best friends for years, sharing highs and lows, fun and tears – and a trip to the laundrette. Whilst waiting for their clothes to dry, their conversation turns to relationships past and present, their best, and worst, outfits over the years – and the sadness of a recently ended relationship.",EN,PG-13,Candid discussion of relationships and mature queer themes.,"UK, Comedy, Laundry, Queer Friendship, Banter, Dialogue-driven, Minimalist",LGBTQ,Drama,"Atefeh Kheirabadi, Mehrad Sepahnia, Céline Ribard, Carla Villa Lobos, Sophie King, Raz Bdv","Raz Bdv, Savannah Power, Julia Araújo, Zaynab S. Akhtar, Atefeh Kheirabadi","Eoghan Synnott, Claire Tailyour, Cat White, Isabella Speaight, Atefeh Kheirabadi, Mehrad Sepahnia, Céline Ribard, Carla Villa Lobos, Raz Bdv","Kristine Luther Goldmann, Anna Elisabeth Emilie Disse, Anne Diedering, Matthew Jordan, Erin Elkin, Carol Dall Farra, Cat White, Isabella Speaight, Bar Ruso, Leila Rose Bari","A bold and outspoken anthology of female-focused stories about finding your voice, living your truth and learning to persist in the face of hardship.","A teenage animal rights supporter harbors feelings for her fellow activist, an aspiring artist hones her craft on the subway routes of Rio de Janeiro, and two young women contemplate a pivotal decision on the shores of 19th century Britain. An anthology of female-focused stories about finding your voice, living your truth and learning to persist in the face of hardship.","English, English HOH, German",NC-17,"Strong Language, Nudity, Sexual Content","LGBTQ+, Lesbian, Female Lead, British films, Israeli films, German films, Brazilian films, Short Film Compilation, Female Filmmakers, Relationships, Activism, Music",Active,Gonella,sales@gonellaproductions.com ,Yes,,30/05/2023,4,30/05/2027,Worldwide,,Worldwide,https://e.pcloud.link/publink/show?code=kZLWoGZxwaLD0FqGNjM2zUKJkGtc7TBHPUV,https://e.pcloud.link/publink/show?code=XZVGoGZITsjaQtWySztygG8JHkE1LWauyUV,https://e.pcloud.link/publink/show?code=XZ1LvGZkGcgtN2snl571P399ys0wj3CqBU7,https://e.pcloud.link/publink/show?code=XZ7GoGZnwgS0sEoANkR5Tw9HqSc2zBASWuy,https://e.pcloud.link/publink/show?code=XZSGoGZXO6pgv7y9K7mkoze3jLt4Yw8flHk,https://e.pcloud.link/publink/show?code=kZQLvGZGlGqt5tlmL0hHuSqX77hlu9YSHoy,https://www.youtube.com/watch?v=i6omCFtKdjM,https://e.pcloud.link/publink/show?code=XZWLvGZ9EEGEfeMcUbqvW4h1l4AKRqw1Wak,https://e.pcloud.link/publink/show?code=XZ1LvGZkGcgtN2snl571P399ys0wj3CqBU7,https://e.pcloud.link/publink/show?code=XZnLvGZLSr53uFWTVjS9744H3RdrmNcQUsy,German,https://www.filmdoo.com/films/to-speak-her-mind,30/05/2023,30/05/2023,14/06/2023,,https://www.amazon.com/gp/video/detail/B0BZMH844M,https://www.amazon.co.uk/gp/video/detail/B0BZMGL6F5,https://tubitv.com/movies/100011870/to-speak-her-mind,https://fawesome.tv/movies/10554784/to-speak-her-mind,2025 LB Global Media,Box Brazil / FilmDoo / Reveel /  IMDB / Release Tracker,
7+1 Fragmente,To Speak Her Mind,30,2022,Germany,German,https://www.imdb.com/de/title/tt21042048/?ref_=ttfc_ov_bk,90,2023,"United Kingdom, Israel, Germany, Brazil","English, Hebrew, German, Portuguese",https://www.imdb.com/title/tt27996535/,Experimental,"LGBTQ, Women's Cinema, Drama",Atefeh Kheirabadi; Mehrad Sepahnia,Atefeh Kheirabadi; Mehrad Sepahnia,Atefeh Kheirabadi; Mehrad Sepahnia,Anne Diedering; Anna Elisabeth Emilie Disse; Kristine Luther Goldmann; Mirijam Verena Jeremic; Camillia Therese Karlsen; Charlotte Maier; Luisa Mazéh; Mirjam Morlok; Susi Rosenbohm; Uta Schönharting; Matilde Flor Usinger; Zöhre Yari,"An anthology of 7 different women. Narratives in 7 different worlds with 7 different colors, as well as their remarkable experiences in the Process of Women Empowerment.",EN,PG-13,Artistic nudity (implied/non-sexual) and mature philosophical themes.,"Germany, Berlin, Experimental, Female Gaze, Fragments, Identity, Philosophical, Women's Stories",LGBTQ,Drama,"Atefeh Kheirabadi, Mehrad Sepahnia, Céline Ribard, Carla Villa Lobos, Sophie King, Raz Bdv","Raz Bdv, Savannah Power, Julia Araújo, Zaynab S. Akhtar, Atefeh Kheirabadi","Eoghan Synnott, Claire Tailyour, Cat White, Isabella Speaight, Atefeh Kheirabadi, Mehrad Sepahnia, Céline Ribard, Carla Villa Lobos, Raz Bdv","Kristine Luther Goldmann, Anna Elisabeth Emilie Disse, Anne Diedering, Matthew Jordan, Erin Elkin, Carol Dall Farra, Cat White, Isabella Speaight, Bar Ruso, Leila Rose Bari","A bold and outspoken anthology of female-focused stories about finding your voice, living your truth and learning to persist in the face of hardship.","A teenage animal rights supporter harbors feelings for her fellow activist, an aspiring artist hones her craft on the subway routes of Rio de Janeiro, and two young women contemplate a pivotal decision on the shores of 19th century Britain. An anthology of female-focused stories about finding your voice, living your truth and learning to persist in the face of hardship.","English, English HOH, German",NC-17,"Strong Language, Nudity, Sexual Content","LGBTQ+, Lesbian, Female Lead, British films, Israeli films, German films, Brazilian films, Short Film Compilation, Female Filmmakers, Relationships, Activism, Music",Active,Gonella,sales@gonellaproductions.com ,Yes,,30/05/2023,4,30/05/2027,Worldwide,,Worldwide,https://e.pcloud.link/publink/show?code=kZRvoGZMhaD8BUMc0kY7oD8jfYj67r6f1Ty,https://e.pcloud.link/publink/show?code=kZ1voGZXbNJRzT3S6XJvRHBnhx3xj1GOguV,https://e.pcloud.link/publink/show?code=kZMvoGZpIMYKRhNbOFcU5pg1f8FPJJEruRy,https://e.pcloud.link/publink/show?code=kZbvoGZKXT9Rq09TLunw21pxnYxym28TL7V,https://e.pcloud.link/publink/show?code=XZPvoGZx1mDBDOVkQyk503MrQOstJzJnOyk,https://e.pcloud.link/publink/show?code=kZQLvGZGlGqt5tlmL0hHuSqX77hlu9YSHoy,https://www.youtube.com/watch?v=i6omCFtKdjM,https://e.pcloud.link/publink/show?code=XZWLvGZ9EEGEfeMcUbqvW4h1l4AKRqw1Wak,https://e.pcloud.link/publink/show?code=XZ1LvGZkGcgtN2snl571P399ys0wj3CqBU7,https://e.pcloud.link/publink/show?code=XZnLvGZLSr53uFWTVjS9744H3RdrmNcQUsy,German,https://www.filmdoo.com/films/to-speak-her-mind,30/05/2023,30/05/2023,14/06/2023,,https://www.amazon.com/gp/video/detail/B0BZMH844M,https://www.amazon.co.uk/gp/video/detail/B0BZMGL6F5,https://tubitv.com/movies/100011870/to-speak-her-mind,https://fawesome.tv/movies/10554784/to-speak-her-mind,2025 LB Global Media,Box Brazil / FilmDoo / Reveel /  IMDB / Release Tracker,
The Surf Report,Remembering His Touch,15,2016,USA,English,https://www.imdb.com/de/title/tt4976100/?ref_=ttfc_ov_bk,66,2023,"United States, Singapore, Denmark",English,https://www.imdb.com/title/tt28067411/,Drama,"Fantasy, LGBTQ, Mystery",Courtney Powell,Jessica Chermayeff; Merry Christmas; Tate Nova; Ana Veselic,Tate Nova,Frankie LaPace (Freddie); Ronald Peet (K); Alice Carey (Vivian); Matthew Maher (Bartender),"A ghostly love story unfolds as two men look for answers where ocean meets sky and city meets wild in Rockaway Beach, NY.
",EN,R,"Intense themes of grief, death, and mature emotional content.","USA, Rockaways, Surfing, Grief, LGBTQ+, Tarot, Magical Realism, Mystery",LGBTQ,Drama,"Koo Chia Meng, Mario Galarreta, Gabriel Shanks, Marco Sandeman, Courtney Powell","Jessica Chermayeff, Tim Panduro, Nilan Johnson, Anders Osterballe, Xin'en Xu","Koo Chia Meng, Mario Galarreta, Gabriel Shanks, Marco Sandeman, Tate Nova","Nathanael Khoo, Chia Chee Pin, Jeremy Kahn, Stuart Klitsner, Nathaniel P. Claridad, Nicholas Michaels, Peder Holm Johansen, Mads Reuther, Ronald Peet, Frankie LaPace","Discover 5 wistful stories that question the fate of lost love and the longing for answers. When you fight to hold on to the past, is it ever truly worth it?","A grieving lover searches for answers beyond the beaches of New York, two betrayed strangers find comfort in their shared pain, and a teenage friendship stirs up hidden feelings, pushing the boundaries of their relationship. Discover 5 stories that question the fate of lost love and the longing for answers. When you fight to hold on to the past, is it ever truly worth it?","English HOH, German",PG-13,Strong Language,"LGBTQ+, Gay, American films, Singaporean films, Danish films, Short Film Compilation, Relationships, Family, Missing Person, Beach, Affair, Dementia, Memory, Friendship",Active,Gonella,sales@gonellaproductions.com ,Yes,,12/06/2023,4,12/06/2027,Worldwide,,Worldwide,https://e.pcloud.link/publink/show?code=kZEvoGZuUM2Mx2Dke87gTSNx3s67RqB1DvX,https://e.pcloud.link/publink/show?code=kZYioGZnWI0RBiOrtjB8V0SrWEeBfQ8WsTk,https://e.pcloud.link/publink/show?code=kZSioGZ70eqCH9kbifjTQy4Qo00OQ7AJCwX,https://e.pcloud.link/publink/show?code=kZpioGZBBBYEAANiQpdIFn1siRx4pRDsBY7,https://e.pcloud.link/publink/show?code=XZfioGZBPl7kJkpt48BwCgV9LIbBBQgdN97,https://e.pcloud.link/publink/show?code=kZ8RcGZVSHHMy1ShAujCBKV81GhBSP4L0O7,https://www.youtube.com/watch?v=BpMsOedFBBo,https://e.pcloud.link/publink/show?code=XZQRcGZSfSz0Usi5RhWmvfDg7mjRFST4we7,https://e.pcloud.link/publink/show?code=kZmRcGZKo8XDBHEFq8Yeose5PY5XzvDVEXy,https://e.pcloud.link/publink/show?code=XZhRcGZLifuUX5AlTHwOs7XMflq1JSkTuHX,German,https://www.filmdoo.com/films/remembering-his-touch/,12/06/2023,12/06/2023,20/06/2023,,https://www.amazon.com/gp/video/detail/B0C6XDBBL5,https://www.amazon.co.uk/gp/video/detail/B0C6XC5T6L,https://tubitv.com/movies/100015253/remembering-his-touch,https://fawesome.tv/movies/10558400/remembering-his-touch,2025 LB Global Media,Box Brazil / FilmDoo / Reveel /  IMDB / Release Tracker,
Delta ,Remembering His Touch,10,2014,Denmark,Danish,https://www.imdb.com/title/tt13329128/,66,2023,"United States, Singapore, Denmark",English,https://www.imdb.com/title/tt28067411/,Drama,"LGBTQ, Family Drama",Marco Sandeman,Tim Panduro,Marco Sandeman,Rosalinde Mynster (Julie); Mads Reuther (Christian); Peder Holm Johansen (Nicolas),"Julie visits her father Nicolas after her parents’ divorce, to meet Nicolas’ much younger boyfriend, Christian. Christian tries to use her visit to resolve a fight with Nicolas in his favour.",EN,R,Mature relationship themes and complex family dynamics.,"Denmark, Family Reunion, Age Gap, LGBTQ+, Manipulation, Divorce, Domestic Tension",LGBTQ,Drama,"Koo Chia Meng, Mario Galarreta, Gabriel Shanks, Marco Sandeman, Courtney Powell","Jessica Chermayeff, Tim Panduro, Nilan Johnson, Anders Osterballe, Xin'en Xu","Koo Chia Meng, Mario Galarreta, Gabriel Shanks, Marco Sandeman, Tate Nova","Nathanael Khoo, Chia Chee Pin, Jeremy Kahn, Stuart Klitsner, Nathaniel P. Claridad, Nicholas Michaels, Peder Holm Johansen, Mads Reuther, Ronald Peet, Frankie LaPace","Discover 5 wistful stories that question the fate of lost love and the longing for answers. When you fight to hold on to the past, is it ever truly worth it?","A grieving lover searches for answers beyond the beaches of New York, two betrayed strangers find comfort in their shared pain, and a teenage friendship stirs up hidden feelings, pushing the boundaries of their relationship. Discover 5 stories that question the fate of lost love and the longing for answers. When you fight to hold on to the past, is it ever truly worth it?","English HOH, German",PG-13,Strong Language,"LGBTQ+, Gay, American films, Singaporean films, Danish films, Short Film Compilation, Relationships, Family, Missing Person, Beach, Affair, Dementia, Memory, Friendship",Active,Gonella,sales@gonellaproductions.com ,Yes,,12/06/2023,4,12/06/2027,Worldwide,,Worldwide,https://e.pcloud.link/publink/show?code=kZ1ioGZxir1ofJ53FSqO1Phj9XcSfrSWwqV,https://e.pcloud.link/publink/show?code=XZPwyvZ3iLdj7jlxMFypEoXtIEooYU7FlgX,https://e.pcloud.link/publink/show?code=kZwwyvZqLfXHCHRTpu7q0jO6eHTbL9QWVVy,https://e.pcloud.link/publink/show?code=kZTwyvZK5dDcy4xXf7I9Ja9pPPSPuUhiLaV,https://e.pcloud.link/publink/show?code=XZlwyvZxVDLqO839opQxVB49DKb9X2bb8oX,https://e.pcloud.link/publink/show?code=kZ8RcGZVSHHMy1ShAujCBKV81GhBSP4L0O7,https://www.youtube.com/watch?v=BpMsOedFBBo,https://e.pcloud.link/publink/show?code=XZQRcGZSfSz0Usi5RhWmvfDg7mjRFST4we7,https://e.pcloud.link/publink/show?code=kZmRcGZKo8XDBHEFq8Yeose5PY5XzvDVEXy,https://e.pcloud.link/publink/show?code=XZhRcGZLifuUX5AlTHwOs7XMflq1JSkTuHX,German,https://www.filmdoo.com/films/remembering-his-touch/,12/06/2023,12/06/2023,20/06/2023,,https://www.amazon.com/gp/video/detail/B0C6XDBBL5,https://www.amazon.co.uk/gp/video/detail/B0C6XC5T6L,https://tubitv.com/movies/100015253/remembering-his-touch,https://fawesome.tv/movies/10558400/remembering-his-touch,2025 LB Global Media,Box Brazil / FilmDoo / Reveel /  IMDB / Release Tracker,
The Least Untrue,Remembering His Touch,16,2022,USA,English,https://www.imdb.com/title/tt16103450/?ref_=ttfc_ov_bk,66,2023,"United States, Singapore, Denmark",English,https://www.imdb.com/title/tt28067411/,Drama,"LGBTQ, Romantic Drama",Gabriel Shanks,Nilan Johnson (Producer); Cherrye J. Davis (Executive Producer); Gabriel Shanks (Executive Producer),Gabriel Shanks,Nathaniel P. Claridad (Ethan); Nicholas Michaels (Caleb),"Two men discover they’ve been betrayed by the person they love the most…one by his partner, the other by his boyfriend. But an accidental meeting offers up unexpected options for the future.","EN, ES",R,"Strong emotional intensity, mature relationship themes, and complex dialogue.","USA, Memory, Reconnection, LGBTQ+, Breakup, Dialogue-driven, Emotional Truth",LGBTQ,Drama,"Koo Chia Meng, Mario Galarreta, Gabriel Shanks, Marco Sandeman, Courtney Powell","Jessica Chermayeff, Tim Panduro, Nilan Johnson, Anders Osterballe, Xin'en Xu","Koo Chia Meng, Mario Galarreta, Gabriel Shanks, Marco Sandeman, Tate Nova","Nathanael Khoo, Chia Chee Pin, Jeremy Kahn, Stuart Klitsner, Nathaniel P. Claridad, Nicholas Michaels, Peder Holm Johansen, Mads Reuther, Ronald Peet, Frankie LaPace","Discover 5 wistful stories that question the fate of lost love and the longing for answers. When you fight to hold on to the past, is it ever truly worth it?","A grieving lover searches for answers beyond the beaches of New York, two betrayed strangers find comfort in their shared pain, and a teenage friendship stirs up hidden feelings, pushing the boundaries of their relationship. Discover 5 stories that question the fate of lost love and the longing for answers. When you fight to hold on to the past, is it ever truly worth it?","English HOH, German",PG-13,Strong Language,"LGBTQ+, Gay, American films, Singaporean films, Danish films, Short Film Compilation, Relationships, Family, Missing Person, Beach, Affair, Dementia, Memory, Friendship",Active,Gonella,sales@gonellaproductions.com ,Yes,,12/06/2023,4,12/06/2027,Worldwide,,Worldwide,https://e.pcloud.link/publink/show?code=kZNwyvZeWQNPioCHWJmxwYtKu9L3HPbqQLk,https://e.pcloud.link/publink/show?code=kZ7KyvZ4gN92YR1fJb7nHJEX31XEBDKalyX,https://e.pcloud.link/publink/show?code=kZcwyvZ3HwOcdYx0IQYLJb0nSFrVmHEdzky,https://e.pcloud.link/publink/show?code=XZiwyvZawPHGx5QvghKvdM1YU1ynbYYk4AX,https://e.pcloud.link/publink/show?code=XZXKyvZdqgIDzsnKOJiibvTl1qKYVO4dp5y,https://e.pcloud.link/publink/show?code=kZ8RcGZVSHHMy1ShAujCBKV81GhBSP4L0O7,https://www.youtube.com/watch?v=BpMsOedFBBo,https://e.pcloud.link/publink/show?code=XZQRcGZSfSz0Usi5RhWmvfDg7mjRFST4we7,https://e.pcloud.link/publink/show?code=kZmRcGZKo8XDBHEFq8Yeose5PY5XzvDVEXy,https://e.pcloud.link/publink/show?code=XZhRcGZLifuUX5AlTHwOs7XMflq1JSkTuHX,German,https://www.filmdoo.com/films/remembering-his-touch/,12/06/2023,12/06/2023,20/06/2023,,https://www.amazon.com/gp/video/detail/B0C6XDBBL5,https://www.amazon.co.uk/gp/video/detail/B0C6XC5T6L,https://tubitv.com/movies/100015253/remembering-his-touch,https://fawesome.tv/movies/10558400/remembering-his-touch,2025 LB Global Media,Box Brazil / FilmDoo / Reveel /  IMDB / Release Tracker,
Wayne ,Remembering His Touch,10,2015,USA,English,https://www.imdb.com/title/tt3712354/?ref_=ttfc_ov_bk,66,2023,"United States, Singapore, Denmark",English,https://www.imdb.com/title/tt28067411/,Drama,LGBTQ. Senior Cinema,Mario Galarreta,Anders Osterballe (Producer); Mario Galarreta (Executive Producer); Matthew J. Siegel (Co-producer),Mario Galarreta,Stu Klitsner (Wayne); Jeremy Kahn (Ron); Ross Neuenfeldt (Young Wayne); Martha Milton Stookey (Louise),"Afflicted with senile dementia, Wayne is drawn into the deep recesses of his youth in search for a forbidden love.",EN,PG-13,"Intense emotional themes related to aging, loss, and historical social challenges.","USA, Aging, Memory, LGBTQ+, Historical Subtext, Loneliness, Senior LGBTQ+ Experience",LGBTQ,Drama,"Koo Chia Meng, Mario Galarreta, Gabriel Shanks, Marco Sandeman, Courtney Powell","Jessica Chermayeff, Tim Panduro, Nilan Johnson, Anders Osterballe, Xin'en Xu","Koo Chia Meng, Mario Galarreta, Gabriel Shanks, Marco Sandeman, Tate Nova","Nathanael Khoo, Chia Chee Pin, Jeremy Kahn, Stuart Klitsner, Nathaniel P. Claridad, Nicholas Michaels, Peder Holm Johansen, Mads Reuther, Ronald Peet, Frankie LaPace","Discover 5 wistful stories that question the fate of lost love and the longing for answers. When you fight to hold on to the past, is it ever truly worth it?","A grieving lover searches for answers beyond the beaches of New York, two betrayed strangers find comfort in their shared pain, and a teenage friendship stirs up hidden feelings, pushing the boundaries of their relationship. Discover 5 stories that question the fate of lost love and the longing for answers. When you fight to hold on to the past, is it ever truly worth it?","English HOH, German",PG-13,Strong Language,"LGBTQ+, Gay, American films, Singaporean films, Danish films, Short Film Compilation, Relationships, Family, Missing Person, Beach, Affair, Dementia, Memory, Friendship",Active,Gonella,sales@gonellaproductions.com ,Yes,,12/06/2023,4,12/06/2027,Worldwide,,Worldwide,https://e.pcloud.link/publink/show?code=kZVKyvZSIfaGBH7oh7ndESlUmMEwJYl5JQ7,https://e.pcloud.link/publink/show?code=kZLKyvZSiPQflu0tf4zBOeL1hxE2kpVXaoy,https://e.pcloud.link/publink/show?code=kZ4KyvZxCJFM4kR3kLdWanThNiH2LOYN5U7,https://e.pcloud.link/publink/show?code=kZFKyvZFveClWRCJwLK2AFmHUOFsuQWzNy7,https://e.pcloud.link/publink/show?code=XZQKyvZiR7mVK4GkvQVYq3g4yVIcLnQFO6V,https://e.pcloud.link/publink/show?code=kZ8RcGZVSHHMy1ShAujCBKV81GhBSP4L0O7,https://www.youtube.com/watch?v=BpMsOedFBBo,https://e.pcloud.link/publink/show?code=XZQRcGZSfSz0Usi5RhWmvfDg7mjRFST4we7,https://e.pcloud.link/publink/show?code=kZmRcGZKo8XDBHEFq8Yeose5PY5XzvDVEXy,https://e.pcloud.link/publink/show?code=XZhRcGZLifuUX5AlTHwOs7XMflq1JSkTuHX,German,https://www.filmdoo.com/films/remembering-his-touch/,12/06/2023,12/06/2023,20/06/2023,,https://www.amazon.com/gp/video/detail/B0C6XDBBL5,https://www.amazon.co.uk/gp/video/detail/B0C6XC5T6L,https://tubitv.com/movies/100015253/remembering-his-touch,https://fawesome.tv/movies/10558400/remembering-his-touch,2025 LB Global Media,Box Brazil / FilmDoo / Reveel /  IMDB / Release Tracker,
After Noon,Remembering His Touch,16,2020,Singapore,"English, Mandarin",https://www.imdb.com/title/tt15148908/,66,2023,"United States, Singapore, Denmark",English,https://www.imdb.com/title/tt28067411/,Drama,"LGBTQ, Coming-of-Age",Koo Chia Meng (Chia Meng Koo),Xin'en Xu,Koo Chia Meng,Nathanael Khoo; Chee Pin Chia; Kacie Tan,"Two teenage boys idle away a seemingly ordinary afternoon, but as events stir up hidden feelings, confusion leads to the testing of boundaries.",EN, R,"Mature themes, sexual subtext, and adolescent emotional complexity.","Singapore, Coming-of-Age, LGBTQ+, Sexual Awakening, Minimalist, Teenagers, Asian Cinema",LGBTQ,Drama,"Koo Chia Meng, Mario Galarreta, Gabriel Shanks, Marco Sandeman, Courtney Powell","Jessica Chermayeff, Tim Panduro, Nilan Johnson, Anders Osterballe, Xin'en Xu","Koo Chia Meng, Mario Galarreta, Gabriel Shanks, Marco Sandeman, Tate Nova","Nathanael Khoo, Chia Chee Pin, Jeremy Kahn, Stuart Klitsner, Nathaniel P. Claridad, Nicholas Michaels, Peder Holm Johansen, Mads Reuther, Ronald Peet, Frankie LaPace","Discover 5 wistful stories that question the fate of lost love and the longing for answers. When you fight to hold on to the past, is it ever truly worth it?","A grieving lover searches for answers beyond the beaches of New York, two betrayed strangers find comfort in their shared pain, and a teenage friendship stirs up hidden feelings, pushing the boundaries of their relationship. Discover 5 stories that question the fate of lost love and the longing for answers. When you fight to hold on to the past, is it ever truly worth it?","English HOH, German",PG-13,Strong Language,"LGBTQ+, Gay, American films, Singaporean films, Danish films, Short Film Compilation, Relationships, Family, Missing Person, Beach, Affair, Dementia, Memory, Friendship",Active,Gonella,sales@gonellaproductions.com ,Yes,,12/06/2023,4,12/06/2027,Worldwide,,Worldwide,https://e.pcloud.link/publink/show?code=kZYKyvZu5KwXhDVHsbczt4tW36nv5QuVFf7,https://e.pcloud.link/publink/show?code=kZfKyvZGBxSUxq7Wo8CXINKywvy0Hop5Dyy,https://e.pcloud.link/publink/show?code=kZBKyvZs04OHFOD7duMi3FkLlAiLyMT3Wck,https://e.pcloud.link/publink/show?code=kZSKyvZwzag6SdRMlhgtr3KCHhAqpT9TR17,https://e.pcloud.link/publink/show?code=XZWKyvZVGkKqrNIAlpVTPBNoWNAK5wt0i6X,https://e.pcloud.link/publink/show?code=kZ8RcGZVSHHMy1ShAujCBKV81GhBSP4L0O7,https://www.youtube.com/watch?v=BpMsOedFBBo,https://e.pcloud.link/publink/show?code=XZQRcGZSfSz0Usi5RhWmvfDg7mjRFST4we7,https://e.pcloud.link/publink/show?code=kZmRcGZKo8XDBHEFq8Yeose5PY5XzvDVEXy,https://e.pcloud.link/publink/show?code=XZhRcGZLifuUX5AlTHwOs7XMflq1JSkTuHX,German,https://www.filmdoo.com/films/remembering-his-touch/,12/06/2023,12/06/2023,20/06/2023,,https://www.amazon.com/gp/video/detail/B0C6XDBBL5,https://www.amazon.co.uk/gp/video/detail/B0C6XC5T6L,https://tubitv.com/movies/100015253/remembering-his-touch,https://fawesome.tv/movies/10558400/remembering-his-touch,2025 LB Global Media,Box Brazil / FilmDoo / Reveel /  IMDB / Release Tracker,
Skin to Skin,No Strings Attached,10,2021,Ireland,English,https://www.imdb.com/title/tt26315098/,100,2023,"Ireland, Taiwan, Poland, Canada","English, Chinese, Polish",https://www.imdb.com/title/tt28608722/?ref_=nv_sr_srsg_4_tt_8_nm_0_in_0_q_No%20Strings%20Attached,Documentary,"Experimental, LGBTQ, Romance",Luke Daly; Nathan Fagan,Seamus Waters,Luke Daly; Nathan Fagan,Yasmin De Barra; Hector Domingues; Mathew O'Donnell; Lukman Oilenla; Shaun Dunne (Voice); Rodrigo Ternevoy (Voice),An experimental documentary exploring the beautifully messy relationship between intimacy and LGBTQ+ hook-up culture.,EN,R,Frank discussions of sexual encounters and mature emotional themes.,"Ireland, Grindr, Hook-up Culture, Documentary, LGBTQ+, Intimacy, Casual Sex, Reenactment",LGBTQ,"Romance, Drama","Martin Edralin, Chung-Chieh Chiang, Wojciech Tubaja, Po-Cheng Teng, Nathan Fagan, Luke Daly","Seamus Waters, Kuanyu Chang, Jakub Fiebig, Chung-Chieh Chiang, Martin Edralin","Martin Edralin, Chung-Chieh Chiang, Wojciech Tubaja, Po-Cheng Teng, O, Nathan Fagan","Ken Harrower, Sebastian Deery, Siobhán Callaghan, Shaun Dunne, Chih-Hsuan Wu, Kuan-Ting Liu, Marcin Tyrol, Bartlomiej Firlet, Wen-Ting Wang, Yu-Cheng Pai",Fleeting connections and hidden desires abound in this poignant collection of stories about the drama and passion that erupts behind closed doors.,"A popular TV star finds himself the subject of a local media scandal, a teenage boy has a moment of self-discovery on the rooftop of his high school, and a series of strangers disclose their most intimate secrets under the comfort of anonymity. Fleeting connections and hidden desires abound in this poignant collection of stories about the drama and passion that erupts behind closed doors.","English HOH, German",NC-17,"Strong Language, Nudity, Sexual Content, Violence","LGBTQ+, Gay, Irish films, Taiwanese films, Polish films, Canadian films, Short Film Compilation, School, Hotel, Disability, Relationships, Sexuality",Active,Gonella,sales@gonellaproductions.com ,Yes,,28/07/2023,4,28/07/2027,Worldwide,,Worldwide,https://www.dropbox.com/scl/fo/v0653rhop23g7n666ilsw/AKoNR-0niSY2e83Tcc4jXTo?rlkey=ddrbr4guudngfylnn9la9he3y&st=79h9m7ke&dl=0,https://www.dropbox.com/scl/fi/ltps3cd5zajomo6apzbjd/SKIN-TO-SKIN_NO_SUB-2.mp4?rlkey=q08zl0ptzkkwr2xf9xeko6sx2&st=9aic0dz6&dl=0,https://www.dropbox.com/scl/fo/rv01soc3zf5k20mpp6quz/AA7eDIHbok0rrWZCfxMwcMI?rlkey=od3afgzo29lmw0j53i3igst6b&st=u40fswgn&dl=0,https://www.dropbox.com/scl/fi/q5urslsz48rq6h69pty2c/SKIN-TO-SKIN-Trailer.mp4?rlkey=8dtn8flrm8aerjb3s7tbnt0s0&st=cmyyvzof&dl=0,https://www.dropbox.com/scl/fi/emdr4l4j36b34x5cwe82k/Skin-to-Skin-Poster.jpeg?rlkey=z3dky7yd3y8c1mgolaja69ni6&st=3i0jsdnu&dl=0,https://www.dropbox.com/scl/fo/2a15vtpnmwpazae6rp6ik/AI3D5PhMFbNaDRTCBAAlD88?rlkey=lgxbp38hs1z701tn8jegjyu6n&st=oigx2rns&dl=0,https://www.youtube.com/watch?v=-gSErgMJYjk,https://www.dropbox.com/scl/fi/o4yhzbpox3slqomn2wbw1/NO_STRINGS_ATTACHED_-FILMDOO-ASSEMBLY-_Compilation_5GB-Nathasha-Orlando-Kappler.mp4?rlkey=npbkyyd5wp85mn12q6legofid&st=7ls95mma&dl=0,https://www.dropbox.com/scl/fi/gqq98dy3ch7d3jfodq1ca/NSA_compilation_standard1_subs_all-Nathasha-Orlando-Kappler.srt?rlkey=acmwr5eo9lj3hqn9p20da0luy&st=rgi6udbk&dl=0,https://www.dropbox.com/scl/fi/546t3xyim2opz0olf25x7/NSA_poster2_1200x1600-Nathasha-Orlando-Kappler-Logo-Moved.png?rlkey=hnier2e9qa4nav3jor0wwfqax&st=s6tx5x7w&dl=0,German,https://www.filmdoo.com/films/twin-flame-2023,28/07/2023,28/07/2023,30/08/2023,,https://www.amazon.com/gp/video/detail/B0CGMHHKZ5,https://www.amazon.co.uk/gp/video/detail/B0CGMG7YD5,https://tubitv.com/movies/100018245/no-strings-attached,https://fawesome.tv/movies/10556375/no-strings-attached,2025 LB Global Media,Box Brazil / FilmDoo / Reveel /  IMDB / Release Tracker,
The Rooftop,No Strings Attached,9,2013,Taiwan,Mandarin Chinese,,100,2023,"Ireland, Taiwan, Poland, Canada","English, Chinese, Polish",https://www.imdb.com/title/tt28608722/?ref_=nv_sr_srsg_4_tt_8_nm_0_in_0_q_No%20Strings%20Attached,Drama,"LGBTQ, Youth Drama",Po-Cheng Teng,Kuanyu Chang,Po-Cheng Teng,Yu-Cheng Pai; Vivi Yeh; Wen-Ting Wang; Chih-Ciang Hu; Ching-Hao Hsu,"“Does your body belong to you?” A teenage boy tries to find out the reason why he has difficulty breathing when he makes love with his girlfriend.
","EN, ZH",R,"Sexual content, teenage smoking, and mature emotional themes.","Taiwan, Rooftop, Summer, LGBTQ+, Youth, Coming-of-Age, Sexual Experimentation",LGBTQ,"Romance, Drama","Martin Edralin, Chung-Chieh Chiang, Wojciech Tubaja, Po-Cheng Teng, Nathan Fagan, Luke Daly","Seamus Waters, Kuanyu Chang, Jakub Fiebig, Chung-Chieh Chiang, Martin Edralin","Martin Edralin, Chung-Chieh Chiang, Wojciech Tubaja, Po-Cheng Teng, O, Nathan Fagan","Ken Harrower, Sebastian Deery, Siobhán Callaghan, Shaun Dunne, Chih-Hsuan Wu, Kuan-Ting Liu, Marcin Tyrol, Bartlomiej Firlet, Wen-Ting Wang, Yu-Cheng Pai",Fleeting connections and hidden desires abound in this poignant collection of stories about the drama and passion that erupts behind closed doors.,"A popular TV star finds himself the subject of a local media scandal, a teenage boy has a moment of self-discovery on the rooftop of his high school, and a series of strangers disclose their most intimate secrets under the comfort of anonymity. Fleeting connections and hidden desires abound in this poignant collection of stories about the drama and passion that erupts behind closed doors.","English HOH, German",NC-17,"Strong Language, Nudity, Sexual Content, Violence","LGBTQ+, Gay, Irish films, Taiwanese films, Polish films, Canadian films, Short Film Compilation, School, Hotel, Disability, Relationships, Sexuality",Active,Gonella,sales@gonellaproductions.com ,Yes,,28/07/2023,4,28/07/2027,Worldwide,,Worldwide,https://www.dropbox.com/scl/fo/0zd6lczy3lmsh0mucnf51/AEBAO_Fcr_WbBnU-Dzq5sVo?rlkey=eqci9vvvr8wt6d4k27u0ymcru&st=stbdky7z&dl=0,https://www.dropbox.com/scl/fi/h84ktu7pcxnlxekshnoaq/THE-ROOFTOP_NO_SUB.mov?rlkey=610rh4cp393htc4rfj15p9tj5&st=ddf7vtsp&dl=0,https://www.dropbox.com/scl/fi/jf5xyr6tsfvtolr2grar0/The-Rooftop_SRT_English.srt?rlkey=1cox7q9xbdlmym9k9tb6r12nm&st=jmx9z9w7&dl=0,https://www.dropbox.com/scl/fo/ul5xgrcidzmlg1umc91lr/AOb9UOdFp0l9Slbkm4jrtAw?rlkey=x4kd3yx0avolj6i609xuqx4hn&st=6oyixkql&dl=0,https://www.dropbox.com/scl/fi/3us20dyfumzy108q9t7rl/The-Rooftop_Poster.psd?rlkey=dwpab8vgb5licf2qhtir4c5tc&st=fsevx6ok&dl=0,https://www.dropbox.com/scl/fo/2a15vtpnmwpazae6rp6ik/AI3D5PhMFbNaDRTCBAAlD88?rlkey=lgxbp38hs1z701tn8jegjyu6n&st=oigx2rns&dl=0,https://www.youtube.com/watch?v=-gSErgMJYjk,https://www.dropbox.com/scl/fi/o4yhzbpox3slqomn2wbw1/NO_STRINGS_ATTACHED_-FILMDOO-ASSEMBLY-_Compilation_5GB-Nathasha-Orlando-Kappler.mp4?rlkey=npbkyyd5wp85mn12q6legofid&st=7ls95mma&dl=0,https://www.dropbox.com/scl/fi/gqq98dy3ch7d3jfodq1ca/NSA_compilation_standard1_subs_all-Nathasha-Orlando-Kappler.srt?rlkey=acmwr5eo9lj3hqn9p20da0luy&st=rgi6udbk&dl=0,https://www.dropbox.com/scl/fi/546t3xyim2opz0olf25x7/NSA_poster2_1200x1600-Nathasha-Orlando-Kappler-Logo-Moved.png?rlkey=hnier2e9qa4nav3jor0wwfqax&st=s6tx5x7w&dl=0,German,https://www.filmdoo.com/films/twin-flame-2023,28/07/2023,28/07/2023,30/08/2023,,https://www.amazon.com/gp/video/detail/B0CGMHHKZ5,https://www.amazon.co.uk/gp/video/detail/B0CGMG7YD5,https://tubitv.com/movies/100018245/no-strings-attached,https://fawesome.tv/movies/10556375/no-strings-attached,2025 LB Global Media,Box Brazil / FilmDoo / Reveel /  FilmFreeway / Release Tracker,
Portret ,No Strings Attached,27,2014,Poland,Polish,https://www.imdb.com/title/tt3579342/?ref_=ttfc_ov_bk,100,2023,"Ireland, Taiwan, Poland, Canada","English, Chinese, Polish",https://www.imdb.com/title/tt28608722/?ref_=nv_sr_srsg_4_tt_8_nm_0_in_0_q_No%20Strings%20Attached,Drama,"LGBTQ, Satire, Arthouse",Wojciech Tubaja,Jakub Fiebig,Wojciech Tubaja,Klara Bielawka (Emilia); Ewa Kasprzyk (Anna T.); Maciej Nawrocki (Szymon); Jacek Poniedzialek (Actor); Justyna Wasilewska (Monika Sz.); Bartlomiej Firlet,"Do you feel so lost that you ask around others who you really are? Do you feel so embarrassed about yourself that you want to share this with other people? Do you get the feeling that your life is so absurd and chaotic that you would like to ask somebody else to live it for you? Or perhaps you long for some exciting adventures with a stranger to satisfy your craving for the truth of the dark side of yourself? Do you want to feel wild at times – that you want to spend time in a hotel meeting weird people, who would invite you to their rooms? Possibly, to achieve inner peace, you would prefer to meet someone even more unreasonable than yourself? Or maybe you simply want to fall in love and live just like other people? Do you feel your life seems like a film? Or perhaps it is just the matter of interpretation? Maybe you are a screen character as well?",EN,R,"Candid depictions of urban hedonism, drug use, and mature sexual dialogue.","Poland, Warsaw, Arthouse, LGBTQ+, Fashion, Pretentious, Urban Life, Transactional Sex",LGBTQ,"Romance, Drama","Martin Edralin, Chung-Chieh Chiang, Wojciech Tubaja, Po-Cheng Teng, Nathan Fagan, Luke Daly","Seamus Waters, Kuanyu Chang, Jakub Fiebig, Chung-Chieh Chiang, Martin Edralin","Martin Edralin, Chung-Chieh Chiang, Wojciech Tubaja, Po-Cheng Teng, O, Nathan Fagan","Ken Harrower, Sebastian Deery, Siobhán Callaghan, Shaun Dunne, Chih-Hsuan Wu, Kuan-Ting Liu, Marcin Tyrol, Bartlomiej Firlet, Wen-Ting Wang, Yu-Cheng Pai",Fleeting connections and hidden desires abound in this poignant collection of stories about the drama and passion that erupts behind closed doors.,"A popular TV star finds himself the subject of a local media scandal, a teenage boy has a moment of self-discovery on the rooftop of his high school, and a series of strangers disclose their most intimate secrets under the comfort of anonymity. Fleeting connections and hidden desires abound in this poignant collection of stories about the drama and passion that erupts behind closed doors.","English HOH, German",NC-17,"Strong Language, Nudity, Sexual Content, Violence","LGBTQ+, Gay, Irish films, Taiwanese films, Polish films, Canadian films, Short Film Compilation, School, Hotel, Disability, Relationships, Sexuality",Active,Gonella,sales@gonellaproductions.com ,Yes,,28/07/2023,4,28/07/2027,Worldwide,,Worldwide,https://www.dropbox.com/scl/fo/6ihj2qo8cx8l42hv7jozc/AOecp_INYzuEcyQD1hMwHWE?rlkey=9m6kj1khjmsba02crenwxkje6&st=q9xbe2br&dl=0,https://www.dropbox.com/scl/fi/ymbzxoltbwbjz6pzyfrlu/PORTRET_NO_SUB-1.mov?rlkey=5i4ybmuv5t7pofiufsg41v283&st=wr26wkfp&dl=0,https://www.dropbox.com/scl/fi/nbesurwrfh8x4b68w9mwg/Portret-English-subtitles.srt?rlkey=uuq27crlkfy2cawkbg2eqxqze&st=lj3muii2&dl=0,https://www.dropbox.com/scl/fo/7rgk5ycpm9zjvyh5jdn7h/AA--dQnlqIg4BsqSFaLdT84?rlkey=jvfwakcjfqkmbvptpd1xp6ep1&st=r4oludzh&dl=0,https://www.dropbox.com/scl/fi/f4s4m05uafun1uet250ep/Portrait_poster.pdf?rlkey=qivjdhn6gau0j9i81a5x3pp3a&st=md769j83&dl=0,https://www.dropbox.com/scl/fo/2a15vtpnmwpazae6rp6ik/AI3D5PhMFbNaDRTCBAAlD88?rlkey=lgxbp38hs1z701tn8jegjyu6n&st=oigx2rns&dl=0,https://www.youtube.com/watch?v=-gSErgMJYjk,https://www.dropbox.com/scl/fi/o4yhzbpox3slqomn2wbw1/NO_STRINGS_ATTACHED_-FILMDOO-ASSEMBLY-_Compilation_5GB-Nathasha-Orlando-Kappler.mp4?rlkey=npbkyyd5wp85mn12q6legofid&st=7ls95mma&dl=0,https://www.dropbox.com/scl/fi/gqq98dy3ch7d3jfodq1ca/NSA_compilation_standard1_subs_all-Nathasha-Orlando-Kappler.srt?rlkey=acmwr5eo9lj3hqn9p20da0luy&st=rgi6udbk&dl=0,https://www.dropbox.com/scl/fi/546t3xyim2opz0olf25x7/NSA_poster2_1200x1600-Nathasha-Orlando-Kappler-Logo-Moved.png?rlkey=hnier2e9qa4nav3jor0wwfqax&st=s6tx5x7w&dl=0,German,https://www.filmdoo.com/films/twin-flame-2023,28/07/2023,28/07/2023,30/08/2023,,https://www.amazon.com/gp/video/detail/B0CGMHHKZ5,https://www.amazon.co.uk/gp/video/detail/B0CGMG7YD5,https://tubitv.com/movies/100018245/no-strings-attached,https://fawesome.tv/movies/10556375/no-strings-attached,2025 LB Global Media,Box Brazil / FilmDoo / Reveel /  IMDB / Release Tracker,
Shiba San and Meow Chan ,No Strings Attached,30,2018,Taiwan,Mandarin Chinese,https://www.imdb.com/name/nm4796811/,100,2023,"Ireland, Taiwan, Poland, Canada","English, Chinese, Polish",https://www.imdb.com/title/tt28608722/?ref_=nv_sr_srsg_4_tt_8_nm_0_in_0_q_No%20Strings%20Attached,Comedy,"LGBTQ, Satire, Family Drama, ",Chung-Chieh Chiang,Chung-Chieh Chiang,Chung-Chieh Chiang,Liu Kuan-Ting; Wu Chih-Hsuan; Lin Wei-Yi; Chiu I-Ho,"Shiba San and Meow Chan - a hit children’s show in which the two brothers act as dog and cat, respectively - has been sweeping through the nation and bringing fame to the two leads. Though radiant on stage, they both have something on their minds. Shiba san has been secretly in love with a married man, while Meow chan miss his remarried mother and it confused him when she abandoned him. A journey will lead the two strays to confront their emptiness inside.
",EN,PG-13,Thematic elements involving professional pressure and subtle mature subtext.,"Taiwan, Showbiz, Children's TV, LGBTQ+, Secret Identity, Professional vs Private, Satire",LGBTQ,"Romance, Drama","Martin Edralin, Chung-Chieh Chiang, Wojciech Tubaja, Po-Cheng Teng, Nathan Fagan, Luke Daly","Seamus Waters, Kuanyu Chang, Jakub Fiebig, Chung-Chieh Chiang, Martin Edralin","Martin Edralin, Chung-Chieh Chiang, Wojciech Tubaja, Po-Cheng Teng, O, Nathan Fagan","Ken Harrower, Sebastian Deery, Siobhán Callaghan, Shaun Dunne, Chih-Hsuan Wu, Kuan-Ting Liu, Marcin Tyrol, Bartlomiej Firlet, Wen-Ting Wang, Yu-Cheng Pai",Fleeting connections and hidden desires abound in this poignant collection of stories about the drama and passion that erupts behind closed doors.,"A popular TV star finds himself the subject of a local media scandal, a teenage boy has a moment of self-discovery on the rooftop of his high school, and a series of strangers disclose their most intimate secrets under the comfort of anonymity. Fleeting connections and hidden desires abound in this poignant collection of stories about the drama and passion that erupts behind closed doors.","English HOH, German",NC-17,"Strong Language, Nudity, Sexual Content, Violence","LGBTQ+, Gay, Irish films, Taiwanese films, Polish films, Canadian films, Short Film Compilation, School, Hotel, Disability, Relationships, Sexuality",Active,Gonella,sales@gonellaproductions.com ,Yes,,28/07/2023,4,28/07/2027,Worldwide,,Worldwide,https://www.dropbox.com/scl/fo/odrtyafuz3nmeinby9gmn/ABvvXVGWPNNXEodDaG_RMnA?rlkey=nit3cg7zgah2z03ti9bsjk6sd&st=vqy46xn3&dl=0,https://www.dropbox.com/scl/fi/6j7n28gxgt89iqp3vsurs/SHIBA-SAN-AND-MEOW-CHAN_NO_SUB.mp4?rlkey=1mv3bgmlw9gyb4wuf070ohz6r&st=49uwzavz&dl=0,https://www.dropbox.com/scl/fi/hcik6c66lx9o3kx7zjbxt/Shiba-San-and-Meow-Chan_EN.srt?rlkey=f46dib01czczlmysjlx45w6hc&st=akc4h2q8&dl=0,https://www.dropbox.com/scl/fo/qo2szezppytrifrftpekl/AHvlVN4ZwJPJ-8JSM4-5ftQ?rlkey=1rdawpkk63qt7aivvzf6r4afc&st=f47hqwae&dl=0,https://www.dropbox.com/scl/fi/zt5zzt8a3bqb397rgiwxt/1080.jpg?rlkey=egmttu8k7wqxhmjhhym8mn0ga&st=ukd4z1r9&dl=0,https://www.dropbox.com/scl/fo/2a15vtpnmwpazae6rp6ik/AI3D5PhMFbNaDRTCBAAlD88?rlkey=lgxbp38hs1z701tn8jegjyu6n&st=oigx2rns&dl=0,https://www.youtube.com/watch?v=-gSErgMJYjk,https://www.dropbox.com/scl/fi/o4yhzbpox3slqomn2wbw1/NO_STRINGS_ATTACHED_-FILMDOO-ASSEMBLY-_Compilation_5GB-Nathasha-Orlando-Kappler.mp4?rlkey=npbkyyd5wp85mn12q6legofid&st=7ls95mma&dl=0,https://www.dropbox.com/scl/fi/gqq98dy3ch7d3jfodq1ca/NSA_compilation_standard1_subs_all-Nathasha-Orlando-Kappler.srt?rlkey=acmwr5eo9lj3hqn9p20da0luy&st=rgi6udbk&dl=0,https://www.dropbox.com/scl/fi/546t3xyim2opz0olf25x7/NSA_poster2_1200x1600-Nathasha-Orlando-Kappler-Logo-Moved.png?rlkey=hnier2e9qa4nav3jor0wwfqax&st=s6tx5x7w&dl=0,German,https://www.filmdoo.com/films/twin-flame-2023,28/07/2023,28/07/2023,30/08/2023,,https://www.amazon.com/gp/video/detail/B0CGMHHKZ5,https://www.amazon.co.uk/gp/video/detail/B0CGMG7YD5,https://tubitv.com/movies/100018245/no-strings-attached,https://fawesome.tv/movies/10556375/no-strings-attached,2025 LB Global Media,Box Brazil / FilmDoo / Reveel /  IMDB / Release Tracker,
Hole ,No Strings Attached,15,2014,Canada,English,https://www.imdb.com/title/tt3630326/?ref_=ttfc_ov_bk,100,2023,"Ireland, Taiwan, Poland, Canada","English, Chinese, Polish",https://www.imdb.com/title/tt28608722/?ref_=nv_sr_srsg_4_tt_8_nm_0_in_0_q_No%20Strings%20Attached,Drama,"LGBTQ, Disability Cinema",Martin Edralin,Martin Edralin,Martin Edralin,Ken Meisner (Billy); Sebastian Deery (Craig),A daring portrait of a disabled man yearning for intimacy in a world that would rather ignore him.,"EN, FR, ES",NC-17,"Graphic depictions of sexual situations, nudity, and intense emotional themes.","Canada, Disability, LGBTQ+, Sex Work, Intimacy, Loneliness, Realistic Drama",LGBTQ,"Romance, Drama","Martin Edralin, Chung-Chieh Chiang, Wojciech Tubaja, Po-Cheng Teng, Nathan Fagan, Luke Daly","Seamus Waters, Kuanyu Chang, Jakub Fiebig, Chung-Chieh Chiang, Martin Edralin","Martin Edralin, Chung-Chieh Chiang, Wojciech Tubaja, Po-Cheng Teng, O, Nathan Fagan","Ken Harrower, Sebastian Deery, Siobhán Callaghan, Shaun Dunne, Chih-Hsuan Wu, Kuan-Ting Liu, Marcin Tyrol, Bartlomiej Firlet, Wen-Ting Wang, Yu-Cheng Pai",Fleeting connections and hidden desires abound in this poignant collection of stories about the drama and passion that erupts behind closed doors.,"A popular TV star finds himself the subject of a local media scandal, a teenage boy has a moment of self-discovery on the rooftop of his high school, and a series of strangers disclose their most intimate secrets under the comfort of anonymity. Fleeting connections and hidden desires abound in this poignant collection of stories about the drama and passion that erupts behind closed doors.","English HOH, German",NC-17,"Strong Language, Nudity, Sexual Content, Violence","LGBTQ+, Gay, Irish films, Taiwanese films, Polish films, Canadian films, Short Film Compilation, School, Hotel, Disability, Relationships, Sexuality",Active,Gonella,sales@gonellaproductions.com ,Yes,,28/07/2023,4,28/07/2027,Worldwide,,Worldwide,https://www.dropbox.com/scl/fo/yiuzr9xa3h3d1qewydoen/AMMApUpQD8mA71pT7oxtNms?rlkey=9iulisoqlasqlg2nimqoeylmh&st=wiblusnc&dl=0,https://www.dropbox.com/scl/fi/uy8z2ma0s8xkq5uyrsy17/HOLE_NO_SUB.mp4?rlkey=97d0cyvr3af38lefbugf8ule6&st=flob8clv&dl=0,https://www.dropbox.com/scl/fo/zxwxhre5q9f7is21i8chu/AOM4UMGb7pjlwM20ZA1Ju5g?rlkey=zzjjst3a42dzrzjr0jb0b6wk2&st=kzzjdlzs&dl=0,https://www.dropbox.com/scl/fo/re1n73b1lcxkl4ubhfxds/AJA_DUuzDa3ap3I3xLvW8w8?rlkey=wtowjph1qh3v1cd04f4kh9bsh&st=5mck0rw8&dl=0,https://www.dropbox.com/scl/fi/lw3etud8jdrnrxo10s76q/Poster_Hole_v11_300dpi.jpg?rlkey=zrz82j58d1b8yiuy8x4cytfx6&st=ujd3eseg&dl=0,https://www.dropbox.com/scl/fo/2a15vtpnmwpazae6rp6ik/AI3D5PhMFbNaDRTCBAAlD88?rlkey=lgxbp38hs1z701tn8jegjyu6n&st=oigx2rns&dl=0,https://www.youtube.com/watch?v=-gSErgMJYjk,https://www.dropbox.com/scl/fi/o4yhzbpox3slqomn2wbw1/NO_STRINGS_ATTACHED_-FILMDOO-ASSEMBLY-_Compilation_5GB-Nathasha-Orlando-Kappler.mp4?rlkey=npbkyyd5wp85mn12q6legofid&st=7ls95mma&dl=0,https://www.dropbox.com/scl/fi/gqq98dy3ch7d3jfodq1ca/NSA_compilation_standard1_subs_all-Nathasha-Orlando-Kappler.srt?rlkey=acmwr5eo9lj3hqn9p20da0luy&st=rgi6udbk&dl=0,https://www.dropbox.com/scl/fi/546t3xyim2opz0olf25x7/NSA_poster2_1200x1600-Nathasha-Orlando-Kappler-Logo-Moved.png?rlkey=hnier2e9qa4nav3jor0wwfqax&st=s6tx5x7w&dl=0,German,https://www.filmdoo.com/films/twin-flame-2023,28/07/2023,28/07/2023,30/08/2023,,https://www.amazon.com/gp/video/detail/B0CGMHHKZ5,https://www.amazon.co.uk/gp/video/detail/B0CGMG7YD5,https://tubitv.com/movies/100018245/no-strings-attached,https://fawesome.tv/movies/10556375/no-strings-attached,2025 LB Global Media,Box Brazil / FilmDoo / Reveel /  IMDB / Release Tracker,
Alone ,Her Dark Reflection,11,2015,Australia,English,https://www.imdb.com/title/tt4705438/?ref_=ttfc_ov_bk,83,2023,"United States, Canada, Greece, Australia","English, French, Greek",https://www.imdb.com/title/tt29310845/?ref_=nv_sr_srsg_0_tt_7_nm_0_in_0_q_Her%20Dark%20Reflection,Psychological Thriller,LGBTQ. Mystery,Erin Good,Belinda Mravicic; Kristina Ceyton; Sam Jennings; Samantha Jennings; Taylor Litton-Strain,Huna Amweero,Shari Sebbens (Nina); Charlotte Best (Nina 2); Nathaniel Dean (Partner),"Nina is caught between two realities, one defined by the oppressive care of her partner, the other, a way out offered by a mysterious young woman. A haunting story of one woman’s attempt to gain freedom and live as her true self no matter what the cost. Alone is a subtle psychological thriller that considers the struggle for identity as a battle between the way in which others see us and the terms by which we choose to define ourselves.",EN,R,"Strong psychological tension, domestic oppression, and mature themes.","Australia, Psychological Thriller, Identity, LGBTQ+, Oppression, Mystery, Female-Focused",LGBTQ,"Thriller, Drama, Horror","Tara Elliott, Hannah Bisewski, Dimitris Zouras, Caitlin Soennichsen, Farhad Pakdel, Erin Good","Belinda Mravicic, Farhad Pakdel, Izrael Little, Dimitris Zouras, Chlöe Lawrence-Hartcher, Anthony James Faure","Hannah Bisewski, Erin Good, Dimitris Zouras, Caitlin Soennichsen, Farhad Pakdel, Huna Amweero","Ali Stoner, Teresa Avia Lim, Alex Cook, Rachael Chomik, Dimitra Syrou, Ioanna Trikene, Isabelle Carney, Paige Joustra, Lorraine Coulter, Nora Guerch, Charlotte Best, Shari Sebbens",See your fears and desires reflected in this female-focused collection of strange and twisted tales.,"A grieving lover embarks on a dark journey through memory, a lonely cleaner develops an unhealthy fixation on her boss, and a young couple find themselves caught between a dangerous demonic entity and a fanatically religious mother. See your fears and desires reflected in this female-focused collection of strange and twisted tales.","English, English HOH, German",NC-17,"Strong Language, Nudity, Sexual Content, Violence","LGBTQ+, Lesbian, Female Lead, Australian films, Greek films, American films, Canadian films, Female Filmmakers, Mental Illness, Family, Grief, Religion, Abuse, Longing, Crime",Active,Gonella,sales@gonellaproductions.com ,Yes,,08/09/2023,4,08/09/2027,Worldwide,,Worldwide,https://e.pcloud.link/publink/show?code=kZeKyvZP3RISdgWcMHrBPBSGhL2c4G99C6V,https://e.pcloud.link/publink/show?code=kZ9KyvZwOAXlEMCawp60K3F9qyPvRzVdrVk,https://e.pcloud.link/publink/show?code=kZTKyvZiWVEJwmDHuFTn7g3ImAkAuXISoFk,https://e.pcloud.link/publink/show?code=kZnKyvZWzlGEVnYNJpIJm27RLy9uV32GEf7,https://e.pcloud.link/publink/show?code=XZPKyvZawDjm7Y4FhF8gL6jap3GQVzsU6Sk,https://e.pcloud.link/publink/show?code=kZBRcGZsYl0qUuUvF0lqt3ovxTDB0W5u9Ak,https://www.youtube.com/watch?v=C6-cnMxFTLs,https://e.pcloud.link/publink/show?code=XZQRcGZSfSz0Usi5RhWmvfDg7mjRFST4we7,https://e.pcloud.link/publink/show?code=kZmRcGZKo8XDBHEFq8Yeose5PY5XzvDVEXy,https://e.pcloud.link/publink/show?code=XZaRcGZdsUx40EwzdFQbTaaeKoXsHQW4g2y,German,https://www.filmdoo.com/films/her-dark-reflection,08/09/2023,08/09/2023,01/10/2023,,https://www.amazon.com/gp/video/detail/B0CH4WCKLC,https://www.amazon.co.uk/gp/video/detail/B0CH4VWMQV,https://tubitv.com/movies/100018073/her-dark-reflection,https://fawesome.tv/movies/10556676/her-dark-reflection,2025 LB Global Media,Box Brazil / FilmDoo / Reveel /  IMDB / Release Tracker,
Things That Might Have Been,Her Dark Reflection,6,2020,Canada,"French, English",https://www.imdb.com/title/tt14037516/?ref_=ttfc_ov_bk,83,2023,"United States, Canada, Greece, Australia","English, French, Greek",https://www.imdb.com/title/tt29310845/?ref_=nv_sr_srsg_0_tt_7_nm_0_in_0_q_Her%20Dark%20Reflection,Drama,"LGBTQ, Mystery",Farhad Pakdel,Farhad Pakdel,Farhad Pakdel,Nora Guerch; Lorraine Coulter; Catherine Lafleur,A movie theatre cashier is haunted by memories of her dead girlfriend returning home.,EN,PG-13,Melancholic atmosphere and mature themes of loss and identity.,"Canada, LGBTQ+, Memory, Regret, Winter, Atmospheric, Identity, Female Gaze",LGBTQ,"Thriller, Drama, Horror","Tara Elliott, Hannah Bisewski, Dimitris Zouras, Caitlin Soennichsen, Farhad Pakdel, Erin Good","Belinda Mravicic, Farhad Pakdel, Izrael Little, Dimitris Zouras, Chlöe Lawrence-Hartcher, Anthony James Faure","Hannah Bisewski, Erin Good, Dimitris Zouras, Caitlin Soennichsen, Farhad Pakdel, Huna Amweero","Ali Stoner, Teresa Avia Lim, Alex Cook, Rachael Chomik, Dimitra Syrou, Ioanna Trikene, Isabelle Carney, Paige Joustra, Lorraine Coulter, Nora Guerch, Charlotte Best, Shari Sebbens",See your fears and desires reflected in this female-focused collection of strange and twisted tales.,"A grieving lover embarks on a dark journey through memory, a lonely cleaner develops an unhealthy fixation on her boss, and a young couple find themselves caught between a dangerous demonic entity and a fanatically religious mother. See your fears and desires reflected in this female-focused collection of strange and twisted tales.","English, English HOH, German",NC-17,"Strong Language, Nudity, Sexual Content, Violence","LGBTQ+, Lesbian, Female Lead, Australian films, Greek films, American films, Canadian films, Female Filmmakers, Mental Illness, Family, Grief, Religion, Abuse, Longing, Crime",Active,Gonella,sales@gonellaproductions.com ,Yes,,08/09/2023,4,08/09/2027,Worldwide,,Worldwide,https://e.pcloud.link/publink/show?code=kZCKyvZiioLYCVMzBjqlcqPv4xUjfYUxurk,https://e.pcloud.link/publink/show?code=XZlKyvZde3BK4XosSSh4FdHi3Of5RcQgKGX,https://e.pcloud.link/publink/show?code=kZEKyvZyvUSgc0T4G7yk6Jzwa5DHhSE2Il7,https://e.pcloud.link/publink/show?code=kZxKyvZMEt9LACKrYJ81aoFINOXuyCeh5fV,https://e.pcloud.link/publink/show?code=XZUKyvZTTc74FFAdef8i9UnhHscmpRajKTy,https://e.pcloud.link/publink/show?code=kZBRcGZsYl0qUuUvF0lqt3ovxTDB0W5u9Ak,https://www.youtube.com/watch?v=C6-cnMxFTLs,https://e.pcloud.link/publink/show?code=XZQRcGZSfSz0Usi5RhWmvfDg7mjRFST4we7,https://e.pcloud.link/publink/show?code=kZmRcGZKo8XDBHEFq8Yeose5PY5XzvDVEXy,https://e.pcloud.link/publink/show?code=XZaRcGZdsUx40EwzdFQbTaaeKoXsHQW4g2y,German,https://www.filmdoo.com/films/her-dark-reflection,08/09/2023,08/09/2023,01/10/2023,,https://www.amazon.com/gp/video/detail/B0CH4WCKLC,https://www.amazon.co.uk/gp/video/detail/B0CH4VWMQV,https://tubitv.com/movies/100018073/her-dark-reflection,https://fawesome.tv/movies/10556676/her-dark-reflection,2025 LB Global Media,Box Brazil / FilmDoo / Reveel /  IMDB / Release Tracker,
The Holy Path,Her Dark Reflection,11,2022,Australia,English,https://www.imdb.com/title/tt26767028/,83,2023,"United States, Canada, Greece, Australia","English, French, Greek",https://www.imdb.com/title/tt29310845/?ref_=nv_sr_srsg_0_tt_7_nm_0_in_0_q_Her%20Dark%20Reflection,Horror,"LGBTQ, Comedy Supernatural",Caitlin Soennichsen,Izrael Little; Natalie Cunningham; Siobhan Jackson,Caitlin Soennichsen,Paige E. Joustra (Olive); Isabelle Carney (Hunter); Julie Arnold (Evelyn); Jack Harris (The Beast),"Young couple Hunter and Olive navigate their relationship with Evelyn, Olive’s disapproving and obsessively religious mother. When a mysterious hole appears in the floor of their new home, things start to heat up.",EN,R,"Supernatural violence, intense religious themes, and mature emotional content.","Australia, Horror Comedy, Religious Fanaticism, LGBTQ+, The Beast, Domestic Horror, Satire",LGBTQ,"Thriller, Drama, Horror","Tara Elliott, Hannah Bisewski, Dimitris Zouras, Caitlin Soennichsen, Farhad Pakdel, Erin Good","Belinda Mravicic, Farhad Pakdel, Izrael Little, Dimitris Zouras, Chlöe Lawrence-Hartcher, Anthony James Faure","Hannah Bisewski, Erin Good, Dimitris Zouras, Caitlin Soennichsen, Farhad Pakdel, Huna Amweero","Ali Stoner, Teresa Avia Lim, Alex Cook, Rachael Chomik, Dimitra Syrou, Ioanna Trikene, Isabelle Carney, Paige Joustra, Lorraine Coulter, Nora Guerch, Charlotte Best, Shari Sebbens",See your fears and desires reflected in this female-focused collection of strange and twisted tales.,"A grieving lover embarks on a dark journey through memory, a lonely cleaner develops an unhealthy fixation on her boss, and a young couple find themselves caught between a dangerous demonic entity and a fanatically religious mother. See your fears and desires reflected in this female-focused collection of strange and twisted tales.","English, English HOH, German",NC-17,"Strong Language, Nudity, Sexual Content, Violence","LGBTQ+, Lesbian, Female Lead, Australian films, Greek films, American films, Canadian films, Female Filmmakers, Mental Illness, Family, Grief, Religion, Abuse, Longing, Crime",Active,Gonella,sales@gonellaproductions.com ,Yes,,08/09/2023,4,08/09/2027,Worldwide,,Worldwide,https://e.pcloud.link/publink/show?code=kZAKyvZ1Y8keY9FvyBzvsDO8tiQVHfcOVly,https://e.pcloud.link/publink/show?code=kZiKyvZQECTszApm1HWzus6TsMyz47VXpzX,https://e.pcloud.link/publink/show?code=kZGKyvZD2VrPhVKB6h9jgcAN5PYLYSMVus7,https://e.pcloud.link/publink/show?code=kZaKyvZxdJ9tQz0rxphHIXRz0h6wyTwHTXV,https://e.pcloud.link/publink/show?code=XZ3KyvZ4CoXcqdgyYzzKOWkWevIDBg7Cr67,https://e.pcloud.link/publink/show?code=kZBRcGZsYl0qUuUvF0lqt3ovxTDB0W5u9Ak,https://www.youtube.com/watch?v=C6-cnMxFTLs,https://e.pcloud.link/publink/show?code=XZQRcGZSfSz0Usi5RhWmvfDg7mjRFST4we7,https://e.pcloud.link/publink/show?code=kZmRcGZKo8XDBHEFq8Yeose5PY5XzvDVEXy,https://e.pcloud.link/publink/show?code=XZaRcGZdsUx40EwzdFQbTaaeKoXsHQW4g2y,German,https://www.filmdoo.com/films/her-dark-reflection,08/09/2023,08/09/2023,01/10/2023,,https://www.amazon.com/gp/video/detail/B0CH4WCKLC,https://www.amazon.co.uk/gp/video/detail/B0CH4VWMQV,https://tubitv.com/movies/100018073/her-dark-reflection,https://fawesome.tv/movies/10556676/her-dark-reflection,2025 LB Global Media,Box Brazil / FilmDoo / Reveel /  IMDB / Release Tracker,
Magda ,Her Dark Reflection,20,2016,Greece,Greek,https://www.imdb.com/title/tt9683916/,83,2023,"United States, Canada, Greece, Australia","English, French, Greek",https://www.imdb.com/title/tt29310845/?ref_=nv_sr_srsg_0_tt_7_nm_0_in_0_q_Her%20Dark%20Reflection,Drama,"LGBTQ, Social Realism",Dimitris Zouras,Dimitris Zouras,Dimitris Zouras,Ioanna Trikene (Magda); Dimitra Syrou (Teacher); Elena Mirtchofska (Mother),"Magda has a lot of friends. She likes dancing with pigeons, playing with her favorite doll and being with her mum whom she loves a lot. Yesterday Magda turned 30 years old.",EN,R,Mature emotional themes and depictions of social and domestic oppression.,"Greece, Domestic Oppression, LGBTQ+, Suppressed Desire, Social Realism, Female Gaze, Athens",LGBTQ,"Thriller, Drama, Horror","Tara Elliott, Hannah Bisewski, Dimitris Zouras, Caitlin Soennichsen, Farhad Pakdel, Erin Good","Belinda Mravicic, Farhad Pakdel, Izrael Little, Dimitris Zouras, Chlöe Lawrence-Hartcher, Anthony James Faure","Hannah Bisewski, Erin Good, Dimitris Zouras, Caitlin Soennichsen, Farhad Pakdel, Huna Amweero","Ali Stoner, Teresa Avia Lim, Alex Cook, Rachael Chomik, Dimitra Syrou, Ioanna Trikene, Isabelle Carney, Paige Joustra, Lorraine Coulter, Nora Guerch, Charlotte Best, Shari Sebbens",See your fears and desires reflected in this female-focused collection of strange and twisted tales.,"A grieving lover embarks on a dark journey through memory, a lonely cleaner develops an unhealthy fixation on her boss, and a young couple find themselves caught between a dangerous demonic entity and a fanatically religious mother. See your fears and desires reflected in this female-focused collection of strange and twisted tales.","English, English HOH, German",NC-17,"Strong Language, Nudity, Sexual Content, Violence","LGBTQ+, Lesbian, Female Lead, Australian films, Greek films, American films, Canadian films, Female Filmmakers, Mental Illness, Family, Grief, Religion, Abuse, Longing, Crime",Active,Gonella,sales@gonellaproductions.com ,Yes,,08/09/2023,4,08/09/2027,Worldwide,,Worldwide,https://e.pcloud.link/publink/show?code=kZrKyvZl1ycSYNnOQSVlC7H7hAs4yf2iLpV,https://e.pcloud.link/publink/show?code=XZ7lyvZoRgTcDzi29b4Cz7IPF6uAB1Hv1Y7,https://e.pcloud.link/publink/show?code=kZklyvZ6lLfzHwN8khfIWSRmx6IM5snxXuy,https://e.pcloud.link/publink/show?code=kZcKyvZjefQ6TCPSy0SblLnhm8icmIuWzwX,https://e.pcloud.link/publink/show?code=XZXlyvZB41uxUVL6VflVG5Wm4h3tpSMiXFV,https://e.pcloud.link/publink/show?code=kZBRcGZsYl0qUuUvF0lqt3ovxTDB0W5u9Ak,https://www.youtube.com/watch?v=C6-cnMxFTLs,https://e.pcloud.link/publink/show?code=XZQRcGZSfSz0Usi5RhWmvfDg7mjRFST4we7,https://e.pcloud.link/publink/show?code=kZmRcGZKo8XDBHEFq8Yeose5PY5XzvDVEXy,https://e.pcloud.link/publink/show?code=XZaRcGZdsUx40EwzdFQbTaaeKoXsHQW4g2y,German,https://www.filmdoo.com/films/her-dark-reflection,08/09/2023,08/09/2023,01/10/2023,,https://www.amazon.com/gp/video/detail/B0CH4WCKLC,https://www.amazon.co.uk/gp/video/detail/B0CH4VWMQV,https://tubitv.com/movies/100018073/her-dark-reflection,https://fawesome.tv/movies/10556676/her-dark-reflection,2025 LB Global Media,Box Brazil / FilmDoo / Reveel /  IMDB / Release Tracker,
Red ,Her Dark Reflection,12,2015,Australia,English,https://www.imdb.com/title/tt3607274/,83,2023,"United States, Canada, Greece, Australia","English, French, Greek",https://www.imdb.com/title/tt29310845/?ref_=nv_sr_srsg_0_tt_7_nm_0_in_0_q_Her%20Dark%20Reflection,Psychological Thriller,"LGBTQ, Mystery",Erin Good,Chlöe Lawrence-Hartcher,Erin Good,Rachael Chomik (Izi); Alex Cook (Rose); Pearl Herbert (Kate); Eliza Saville (Bridie); Elizabeth Foxley (Izi's Friend),A short mystery about four teenage girls and the secret issues that plague them. This is an intense film about the volatility and isolation of youth.,EN,R,"Strong psychological tension, thematic depictions of trauma, and mature language.","Australia, Psychological Thriller, LGBTQ+, Secrets, Memory, Visual Symbolism, Trauma",LGBTQ,"Thriller, Drama, Horror","Tara Elliott, Hannah Bisewski, Dimitris Zouras, Caitlin Soennichsen, Farhad Pakdel, Erin Good","Belinda Mravicic, Farhad Pakdel, Izrael Little, Dimitris Zouras, Chlöe Lawrence-Hartcher, Anthony James Faure","Hannah Bisewski, Erin Good, Dimitris Zouras, Caitlin Soennichsen, Farhad Pakdel, Huna Amweero","Ali Stoner, Teresa Avia Lim, Alex Cook, Rachael Chomik, Dimitra Syrou, Ioanna Trikene, Isabelle Carney, Paige Joustra, Lorraine Coulter, Nora Guerch, Charlotte Best, Shari Sebbens",See your fears and desires reflected in this female-focused collection of strange and twisted tales.,"A grieving lover embarks on a dark journey through memory, a lonely cleaner develops an unhealthy fixation on her boss, and a young couple find themselves caught between a dangerous demonic entity and a fanatically religious mother. See your fears and desires reflected in this female-focused collection of strange and twisted tales.","English, English HOH, German",NC-17,"Strong Language, Nudity, Sexual Content, Violence","LGBTQ+, Lesbian, Female Lead, Australian films, Greek films, American films, Canadian films, Female Filmmakers, Mental Illness, Family, Grief, Religion, Abuse, Longing, Crime",Active,Gonella,sales@gonellaproductions.com ,Yes,,08/09/2023,4,08/09/2027,Worldwide,,Worldwide,https://e.pcloud.link/publink/show?code=kZVlyvZTWB60JcpohFA8VDCHx8qG7EJ3lTy,https://e.pcloud.link/publink/show?code=XZFlyvZKPyliCKY0SQzhAx0pPVph7DHQCx7,https://e.pcloud.link/publink/show?code=kZzlyvZXm22Jc4UTh5MLopsRFoOopLISzDy,https://e.pcloud.link/publink/show?code=kZ0lyvZoyPG7ep3Gj4LvCEzyKD76p5YtWOX,https://e.pcloud.link/publink/show?code=XZJlyvZezl8mEYTG45SSbE6LyIv6J1aPABV,https://e.pcloud.link/publink/show?code=kZBRcGZsYl0qUuUvF0lqt3ovxTDB0W5u9Ak,https://www.youtube.com/watch?v=C6-cnMxFTLs,https://e.pcloud.link/publink/show?code=XZQRcGZSfSz0Usi5RhWmvfDg7mjRFST4we7,https://e.pcloud.link/publink/show?code=kZmRcGZKo8XDBHEFq8Yeose5PY5XzvDVEXy,https://e.pcloud.link/publink/show?code=XZaRcGZdsUx40EwzdFQbTaaeKoXsHQW4g2y,German,https://www.filmdoo.com/films/her-dark-reflection,08/09/2023,08/09/2023,01/10/2023,,https://www.amazon.com/gp/video/detail/B0CH4WCKLC,https://www.amazon.co.uk/gp/video/detail/B0CH4VWMQV,https://tubitv.com/movies/100018073/her-dark-reflection,https://fawesome.tv/movies/10556676/her-dark-reflection,2025 LB Global Media,Box Brazil / FilmDoo / Reveel /  IMDB / Release Tracker,
Moonskin Fever,Her Dark Reflection,18,2023,USA,English,https://www.imdb.com/title/tt21621378/,83,2023,"United States, Canada, Greece, Australia","English, French, Greek",https://www.imdb.com/title/tt29310845/?ref_=nv_sr_srsg_0_tt_7_nm_0_in_0_q_Her%20Dark%20Reflection,Sci-Fi,"Drama, LGBTQ, Dystopian",Hannah Bisewski; Tara Elliott,Anthony James Faure (Line Producer / Producer); Hannah Bisewski,Hannah Bisewski,Teresa Avia Lim (Josette); Ali Stoner (Anna); Katherine King (Agent),"Trapped in poverty on a remote island, Josette and Anna discover an intoxicating substance which could mean their salvation and soon hatch a plan of escape.","EN, ES",R,"Depictions of drug-like substances, dystopian survival themes, and mature emotional content.","USA, Sci-Fi, Dystopia, LGBTQ+, Survival, Moonskin, Island Life, Near-Future",LGBTQ,"Thriller, Drama, Horror","Tara Elliott, Hannah Bisewski, Dimitris Zouras, Caitlin Soennichsen, Farhad Pakdel, Erin Good","Belinda Mravicic, Farhad Pakdel, Izrael Little, Dimitris Zouras, Chlöe Lawrence-Hartcher, Anthony James Faure","Hannah Bisewski, Erin Good, Dimitris Zouras, Caitlin Soennichsen, Farhad Pakdel, Huna Amweero","Ali Stoner, Teresa Avia Lim, Alex Cook, Rachael Chomik, Dimitra Syrou, Ioanna Trikene, Isabelle Carney, Paige Joustra, Lorraine Coulter, Nora Guerch, Charlotte Best, Shari Sebbens",See your fears and desires reflected in this female-focused collection of strange and twisted tales.,"A grieving lover embarks on a dark journey through memory, a lonely cleaner develops an unhealthy fixation on her boss, and a young couple find themselves caught between a dangerous demonic entity and a fanatically religious mother. See your fears and desires reflected in this female-focused collection of strange and twisted tales.","English, English HOH, German",NC-17,"Strong Language, Nudity, Sexual Content, Violence","LGBTQ+, Lesbian, Female Lead, Australian films, Greek films, American films, Canadian films, Female Filmmakers, Mental Illness, Family, Grief, Religion, Abuse, Longing, Crime",Active,Gonella,sales@gonellaproductions.com ,Yes,,08/09/2023,4,08/09/2027,Worldwide,,Worldwide,https://e.pcloud.link/publink/show?code=kZ4lyvZAl1pYyN6kvfu5FeOhrJzkjB2cOBX,https://e.pcloud.link/publink/show?code=kZmlyvZIfneTrBgOm5d5jSNGtWgkRx4Xm97,https://e.pcloud.link/publink/show?code=kZhlyvZGcFr5gHA3hj2Jx8cDNVSA78rtfzk,https://e.pcloud.link/publink/show?code=kZ8lyvZx1xMnDqTTWjntxqsG2EmcQCXNi67,https://e.pcloud.link/publink/show?code=XZjlyvZe3UrmUO0eJpgCMgyU0bcnBjexXj7,https://e.pcloud.link/publink/show?code=kZBRcGZsYl0qUuUvF0lqt3ovxTDB0W5u9Ak,https://www.youtube.com/watch?v=C6-cnMxFTLs,https://e.pcloud.link/publink/show?code=XZIRcGZmUSDEVBbsnpq6fobdhKnkz1MTLVk,https://e.pcloud.link/publink/show?code=XZNRcGZq5ogcBSD5U0pyfd6P18vBQgVBWJy,https://e.pcloud.link/publink/show?code=XZaRcGZdsUx40EwzdFQbTaaeKoXsHQW4g2y,German,https://www.filmdoo.com/films/her-dark-reflection,08/09/2023,08/09/2023,01/10/2023,,https://www.amazon.com/gp/video/detail/B0CH4WCKLC,https://www.amazon.co.uk/gp/video/detail/B0CH4VWMQV,https://tubitv.com/movies/100018073/her-dark-reflection,https://fawesome.tv/movies/10556676/her-dark-reflection,2025 LB Global Media,Box Brazil / FilmDoo / Reveel /  IMDB / Release Tracker,
Plastic Touch,Twin Flame,12,2022,Spain,Spanish,https://www.imdb.com/title/tt22492672/?ref_=ttfc_ov_bk,78,2023,"Spain, France","Spanish, French",https://www.imdb.com/title/tt31132495/,Sci-Fi,"LGBTQ, Romance, Drama",Aitana Ahrens,Adela Mayo (Executive Producer),Gema del Castillo; Marcos Solanilla,Alexandra Pino; Cinta Ramírez,"A sex doll called Lucy wakes up in the bedroom of a doll brothel. She lives with Mina, another doll. Together they watch TV: their window to the real world. They imagine themselves living far away. After a while, Lucy wants to escape. But Mina doesn’t want to leave. Lucy has to choose between freedom and the doll she is in love with.","EN, ES",R,Sensual themes and mature depictions of intimacy.,"Spain, LGBTQ+, Touch Deprivation, Urban Isolation, Intimacy, Tactile, Modern Romance",LGBTQ,Drama,"Pepe Sapena, Miguel Guindos, Aitana Ahrens, Alice Fargier, Thibault Bru","Adela Mayo, Pepe Sapena; Sergio Milán, Thibault Bru, Flore Cavigneaux, Anxo Soilán","Belén Sevillano, Pepe Sapena, Ángel Gasco-Coloma, Jose Alcala, Alba Menor, Gema del Castillo, Marcos Solanilla, Alice Fargier, Thibault Bru","Loreto Santamaría - Lucía, Carolina Sobisch - Ana, Estrella Roez, Inés Córdoba, Cinta Ramírez - Mina, Alexandra Pino - Lucy, Salomé Richard - Nora, Natalie Beder - Camille, Léonie Simaga - Soraya, Andréa Bescond - Eva","A stylish collection of female-focused stories of love and friendship, showing how two dazzling souls can burn brighter as one.","A divisive painting brings out a couple’s conflicting opinions on romance, a pair of living dolls begin to think outside the box, and an unexpected reunion leads to a night of casual flirtation and quiet revelations. A stylish collection of female-focused stories of love and friendship, showing how two dazzling souls can burn brighter as one.","English, German",R,"Strong Language, Nudity, Sexual Content","LGBTQ+, Lesbian, Female Lead, Spanish films, French films, Female Filmmakers, Dolls, Art Gallery, Sexuality, Romantic, Provocative, Friendship, Relationships, Dance, Short Film Compilation",Active,ECAM,distribucion@ecam.es,Yes,https://www.dropbox.com/scl/fo/1bgbho0v3k6hwqlb5mh5k/h/OTHER%20DOCUMENTS/COMPILATIONS/ECAM%20film%20school?dl=0&preview=FilmDoo+Compilation+Agreement+-+ECAM+October+2023+-+Countersigned.pdf&subfolder_nav_tracking=1,08/12/2023,3,08/12/2026,Worldwide,,"Worldwide excluding France (Corsica included), DROM, POM (New Caledonia and French Polynesia), COM, Monaco, Andorra, Mauritius and Swizerland",https://e.pcloud.link/publink/show?code=kZxlyvZVFYlVn8fDb7CE7Dqp24tzFgIFiSX,https://e.pcloud.link/publink/show?code=kZNxkvZ7iuJoibmfnH9Yvrz6W3n0fqjl5RV,https://e.pcloud.link/publink/show?code=kZ3xkvZ4bhmsl6PDsJnk4htyDSXq7L6nX57,,https://e.pcloud.link/publink/show?code=XZIxkvZ1Y9kU8x9xrHPhNovFVlfWLF8M94X,https://e.pcloud.link/publink/show?code=kZcRcGZKYol3UFoBz4bjX8TRHzkwyzpCcS7,https://www.youtube.com/watch?v=ivUotSnUp1M,https://e.pcloud.link/publink/show?code=XZVLcGZ8PyiejFggURt1g1EfX0cSHMHyrGV,https://e.pcloud.link/publink/show?code=XZ0LcGZqPwwc8baOXyeD3LOdrACEhlgutqy,https://e.pcloud.link/publink/show?code=XZpLcGZh6eY2Fk0xeS0BsoDq8BAv4qVa5C7,German,https://www.filmdoo.com/films/twin-flame-2023,,8/12/2023,22/12/2023,,https://www.amazon.com/gp/video/detail/B0CV5Y8LFC,https://www.amazon.co.uk/gp/video/detail/B0CV5ZG4SN,https://tubitv.com/movies/100019711/twin-flame,,2025 LB Global Media,Box Brazil / FilmDoo / Reveel /  IMDB / Release Tracker,
The Flames of the Sun,Twin Flame,12,2020,Spain,Spain,,78,2023,"Spain, France","Spanish, French",https://www.imdb.com/title/tt31132495/,Drama,"Romance, LGBTQ, Arthouse",Pepe Sapena,Pepe Sapena; Sergio Milán,Pepe Sapena,Nerea Barros; Tamar Novas,Ana believes in absolute love. Lucia doesn’t. Ana and Lucia go to an art exhibition. There they find a painting in which a man floats in the air while kissing a woman. Lucia doesn’t like the painting. Ana does.,EN,R,"Sensual imagery, mature romantic themes, and brief nudity.","Spain, Summer, Twin Flame, LGBTQ+, Soulmates, Arthouse, Desire, Mediterranean",LGBTQ,Drama,"Pepe Sapena, Miguel Guindos, Aitana Ahrens, Alice Fargier, Thibault Bru","Adela Mayo, Pepe Sapena; Sergio Milán, Thibault Bru, Flore Cavigneaux, Anxo Soilán","Belén Sevillano, Pepe Sapena, Ángel Gasco-Coloma, Jose Alcala, Alba Menor, Gema del Castillo, Marcos Solanilla, Alice Fargier, Thibault Bru","Loreto Santamaría - Lucía, Carolina Sobisch - Ana, Estrella Roez, Inés Córdoba, Cinta Ramírez - Mina, Alexandra Pino - Lucy, Salomé Richard - Nora, Natalie Beder - Camille, Léonie Simaga - Soraya, Andréa Bescond - Eva","A stylish collection of female-focused stories of love and friendship, showing how two dazzling souls can burn brighter as one.","A divisive painting brings out a couple’s conflicting opinions on romance, a pair of living dolls begin to think outside the box, and an unexpected reunion leads to a night of casual flirtation and quiet revelations. A stylish collection of female-focused stories of love and friendship, showing how two dazzling souls can burn brighter as one.","English, German",R,"Strong Language, Nudity, Sexual Content","LGBTQ+, Lesbian, Female Lead, Spanish films, French films, Female Filmmakers, Dolls, Art Gallery, Sexuality, Romantic, Provocative, Friendship, Relationships, Dance, Short Film Compilation",Active,ECAM,distribucion@ecam.es,Yes,https://www.dropbox.com/scl/fo/1bgbho0v3k6hwqlb5mh5k/h/OTHER%20DOCUMENTS/COMPILATIONS/ECAM%20film%20school?dl=0&preview=FilmDoo+Compilation+Agreement+-+ECAM+October+2023+-+Countersigned.pdf&subfolder_nav_tracking=1,08/12/2023,3,08/12/2026,Worldwide,,"Worldwide excluding France (Corsica included), DROM, POM (New Caledonia and French Polynesia), COM, Monaco, Andorra, Mauritius and Swizerland",https://e.pcloud.link/publink/show?code=kZBlyvZ8Mn2elAXvcmXoNoNldx2EmfRAkyk,https://e.pcloud.link/publink/show?code=XZelyvZOQ7S80Dn8F7xliHoDrqbe5VPVg9y,https://e.pcloud.link/publink/show?code=kZglyvZquCDa9qHvrVYCSMRx612zH6znRxk,,https://e.pcloud.link/publink/show?code=XZDlyvZVcQWvSmJvAJnVpundOKklk9Onfhy,https://e.pcloud.link/publink/show?code=kZcRcGZKYol3UFoBz4bjX8TRHzkwyzpCcS7,https://www.youtube.com/watch?v=ivUotSnUp1M,https://e.pcloud.link/publink/show?code=XZVLcGZ8PyiejFggURt1g1EfX0cSHMHyrGV,https://e.pcloud.link/publink/show?code=XZ0LcGZqPwwc8baOXyeD3LOdrACEhlgutqy,https://e.pcloud.link/publink/show?code=XZpLcGZh6eY2Fk0xeS0BsoDq8BAv4qVa5C7,German,https://www.filmdoo.com/films/twin-flame-2023,,8/12/2023,22/12/2023,,https://www.amazon.com/gp/video/detail/B0CV5Y8LFC,https://www.amazon.co.uk/gp/video/detail/B0CV5ZG4SN,https://tubitv.com/movies/100019711/twin-flame,,2025 LB Global Media,Box Brazil / FilmDoo / Reveel /  Release Tracker,
Périphérie ,Twin Flame,16,2022,France,French,https://www.imdb.com/de/title/tt26761027/,78,2023,"Spain, France","Spanish, French",https://www.imdb.com/title/tt31132495/,Drama,"LGBTQ, Social Realism",Thibault Bru,Thibault Bru,Thibault Bru,Andréa Bescond; Léonie Simaga,"Éva and Soraya are expecting a happy event. While she has just passed her term, Éva refuses to be triggered. Driving her car, the couple wanders on the Parisian ring road until Éva opens up about the situation she is going through.",EN,PG-13,Mature social themes and romantic subtext.,"France, Paris, Class Divide, LGBTQ+, Soulmates, Social Realism, Chance Encounter",LGBTQ,Drama,"Pepe Sapena, Miguel Guindos, Aitana Ahrens, Alice Fargier, Thibault Bru","Adela Mayo, Pepe Sapena; Sergio Milán, Thibault Bru, Flore Cavigneaux, Anxo Soilán","Belén Sevillano, Pepe Sapena, Ángel Gasco-Coloma, Jose Alcala, Alba Menor, Gema del Castillo, Marcos Solanilla, Alice Fargier, Thibault Bru","Loreto Santamaría - Lucía, Carolina Sobisch - Ana, Estrella Roez, Inés Córdoba, Cinta Ramírez - Mina, Alexandra Pino - Lucy, Salomé Richard - Nora, Natalie Beder - Camille, Léonie Simaga - Soraya, Andréa Bescond - Eva","A stylish collection of female-focused stories of love and friendship, showing how two dazzling souls can burn brighter as one.","A divisive painting brings out a couple’s conflicting opinions on romance, a pair of living dolls begin to think outside the box, and an unexpected reunion leads to a night of casual flirtation and quiet revelations. A stylish collection of female-focused stories of love and friendship, showing how two dazzling souls can burn brighter as one.","English, German",R,"Strong Language, Nudity, Sexual Content","LGBTQ+, Lesbian, Female Lead, Spanish films, French films, Female Filmmakers, Dolls, Art Gallery, Sexuality, Romantic, Provocative, Friendship, Relationships, Dance, Short Film Compilation",Active,Manifest Pictures,manifest@manifest.pictures,Yes,https://www.dropbox.com/scl/fo/1bgbho0v3k6hwqlb5mh5k/h/OTHER%20DOCUMENTS/COMPILATIONS/MANIFEST%20PICTURES?dl=0&preview=FilmDoo+Compilation+Agreement+-+Manifest+Pictures+October+2023+-+countersigned.pdf&subfolder_nav_tracking=1,08/12/2023,3,08/12/2026,All countries except those mentioned in Geo-Restrictions,"Excluding France, DROM, POM (Nouvelle-Calédonie et Polynésie française), COM,
Monaco, Andorre.","Worldwide excluding France (Corsica included), DROM, POM (New Caledonia and French Polynesia), COM, Monaco, Andorra, Mauritius and Swizerland",https://e.pcloud.link/publink/show?code=kZUlyvZMHeYjtwKWTbRVH1lKRrpYfvGEWOV,https://e.pcloud.link/publink/show?code=kZAlyvZ9iafjojXuvYuUfg2LCdkaRdcgW3X,https://e.pcloud.link/publink/show?code=XZkdyvZaNuHokBwwlJ8d5yizL9IAHhXLwWk,,,https://e.pcloud.link/publink/show?code=kZcRcGZKYol3UFoBz4bjX8TRHzkwyzpCcS7,https://www.youtube.com/watch?v=ivUotSnUp1M,https://e.pcloud.link/publink/show?code=XZVLcGZ8PyiejFggURt1g1EfX0cSHMHyrGV,https://e.pcloud.link/publink/show?code=XZ0LcGZqPwwc8baOXyeD3LOdrACEhlgutqy,https://e.pcloud.link/publink/show?code=XZpLcGZh6eY2Fk0xeS0BsoDq8BAv4qVa5C7,German,https://www.filmdoo.com/films/twin-flame-2023,,8/12/2023,22/12/2023,,https://www.amazon.com/gp/video/detail/B0CV5Y8LFC,https://www.amazon.co.uk/gp/video/detail/B0CV5ZG4SN,https://tubitv.com/movies/100019711/twin-flame,,2025 LB Global Media,Box Brazil / FilmDoo / Reveel /  IMDB / Release Tracker,
The Time of a Night,Twin Flame,23,2021,"France, Switzerland",French,https://www.imdb.com/title/tt13144790/,78,2023,"Spain, France","Spanish, French",https://www.imdb.com/title/tt31132495/,Drama,LGBTQ. Romance,Alice Fargier,Flore Cavigneaux; Francine Lusser; Gérard Monier,Alice Fargier,Salomé Richard (Nora); Natalie Beder (Camille); Tomas Gonzalez (Samuel),"Nora disappeared for several months. One summer evening, she reappears at a party in the home of a certain Samuel. Camille, her best friend, comes to find her, unsure of how to behave. The night goes on, a trio forms and time stands still.
",EN,PG-13,"Mature emotional themes, depictions of alcohol use at a social gathering.","France, Switzerland, Reconnection, LGBTQ+, Night, Secrets, Friendship, Atmospheric",LGBTQ,Drama,"Pepe Sapena, Miguel Guindos, Aitana Ahrens, Alice Fargier, Thibault Bru","Adela Mayo, Pepe Sapena; Sergio Milán, Thibault Bru, Flore Cavigneaux, Anxo Soilán","Belén Sevillano, Pepe Sapena, Ángel Gasco-Coloma, Jose Alcala, Alba Menor, Gema del Castillo, Marcos Solanilla, Alice Fargier, Thibault Bru","Loreto Santamaría - Lucía, Carolina Sobisch - Ana, Estrella Roez, Inés Córdoba, Cinta Ramírez - Mina, Alexandra Pino - Lucy, Salomé Richard - Nora, Natalie Beder - Camille, Léonie Simaga - Soraya, Andréa Bescond - Eva","A stylish collection of female-focused stories of love and friendship, showing how two dazzling souls can burn brighter as one.","A divisive painting brings out a couple’s conflicting opinions on romance, a pair of living dolls begin to think outside the box, and an unexpected reunion leads to a night of casual flirtation and quiet revelations. A stylish collection of female-focused stories of love and friendship, showing how two dazzling souls can burn brighter as one.","English, German",R,"Strong Language, Nudity, Sexual Content","LGBTQ+, Lesbian, Female Lead, Spanish films, French films, Female Filmmakers, Dolls, Art Gallery, Sexuality, Romantic, Provocative, Friendship, Relationships, Dance, Short Film Compilation",Active,Manifest Pictures,manifest@manifest.pictures,Yes,https://www.dropbox.com/scl/fo/1bgbho0v3k6hwqlb5mh5k/h/OTHER%20DOCUMENTS/COMPILATIONS/MANIFEST%20PICTURES?dl=0&preview=FilmDoo+Compilation+Agreement+-+Manifest+Pictures+October+2023+-+countersigned.pdf&subfolder_nav_tracking=1,08/12/2023,3,08/12/2026,All countries except those mentioned in Geo-Restrictions,"Excluding France (Corsica included), DROM, POM (New Caledonia and French Polynesia), COM, Monaco, Andorra, Mauritius and Swizerland","Worldwide excluding France (Corsica included), DROM, POM (New Caledonia and French Polynesia), COM, Monaco, Andorra, Mauritius and Swizerland",https://e.pcloud.link/publink/show?code=kZLdyvZqd5wxUPz6wyCRMJSdyvPwHu2cupk,https://e.pcloud.link/publink/show?code=kZ4dyvZygOFrTeCJLSM4JdvQ0kYdR0kaw8y,https://e.pcloud.link/publink/show?code=kZQdyvZsfYVft1EsLhIzGOwtNAhRBMMS1t7,,,https://e.pcloud.link/publink/show?code=kZcRcGZKYol3UFoBz4bjX8TRHzkwyzpCcS7,https://www.youtube.com/watch?v=ivUotSnUp1M,https://e.pcloud.link/publink/show?code=XZVLcGZ8PyiejFggURt1g1EfX0cSHMHyrGV,https://e.pcloud.link/publink/show?code=XZ0LcGZqPwwc8baOXyeD3LOdrACEhlgutqy,https://e.pcloud.link/publink/show?code=XZpLcGZh6eY2Fk0xeS0BsoDq8BAv4qVa5C7,German,https://www.filmdoo.com/films/twin-flame-2023,,8/12/2023,22/12/2023,,https://www.amazon.com/gp/video/detail/B0CV5Y8LFC,https://www.amazon.co.uk/gp/video/detail/B0CV5ZG4SN,https://tubitv.com/movies/100019711/twin-flame,,2025 LB Global Media,Box Brazil / FilmDoo / Reveel /  IMDB / Release Tracker,
"Lupita From Now On / Lupita de aquí en
Adelante",Twin Flame,15,2022,Spain,"Spanish, Chinese",,78,2023,"Spain, France","Spanish, French",https://www.imdb.com/title/tt31132495/,Drama,"Romance, LGBTQ, Cultural Fusion",Miguel Guindos,Anxo Soilán; Ana Prieto,Alba Menor; Jose Alcala,Inés Córdoba; Estrella Roez; Enrique Fang; Gabriel Dan; Lei Lei,"What happened to Lupita after her frustrated attempt to get into the dance battle? And what's up with Huo now, the dancer that Lupita idolized? What remains of that life-changing afternoon in Lupita's best friend's memory?",EN,PG-13,"Themes of identity, cultural barriers, and romantic subtext.","Spain, LGBTQ+, Multi-language, Identity, Soulmates, Urban Life, Self-Discovery",LGBTQ,Drama,"Pepe Sapena, Miguel Guindos, Aitana Ahrens, Alice Fargier, Thibault Bru","Adela Mayo, Pepe Sapena; Sergio Milán, Thibault Bru, Flore Cavigneaux, Anxo Soilán","Belén Sevillano, Pepe Sapena, Ángel Gasco-Coloma, Jose Alcala, Alba Menor, Gema del Castillo, Marcos Solanilla, Alice Fargier, Thibault Bru","Loreto Santamaría - Lucía, Carolina Sobisch - Ana, Estrella Roez, Inés Córdoba, Cinta Ramírez - Mina, Alexandra Pino - Lucy, Salomé Richard - Nora, Natalie Beder - Camille, Léonie Simaga - Soraya, Andréa Bescond - Eva","A stylish collection of female-focused stories of love and friendship, showing how two dazzling souls can burn brighter as one.","A divisive painting brings out a couple’s conflicting opinions on romance, a pair of living dolls begin to think outside the box, and an unexpected reunion leads to a night of casual flirtation and quiet revelations. A stylish collection of female-focused stories of love and friendship, showing how two dazzling souls can burn brighter as one.","English, German",R,"Strong Language, Nudity, Sexual Content","LGBTQ+, Lesbian, Female Lead, Spanish films, French films, Female Filmmakers, Dolls, Art Gallery, Sexuality, Romantic, Provocative, Friendship, Relationships, Dance, Short Film Compilation",Active,ECAM,distribucion@ecam.es,Yes,https://www.dropbox.com/scl/fo/1bgbho0v3k6hwqlb5mh5k/h/OTHER%20DOCUMENTS/COMPILATIONS/ECAM%20film%20school?dl=0&preview=FilmDoo+Compilation+Agreement+-+ECAM+October+2023+-+Countersigned.pdf&subfolder_nav_tracking=1,08/12/2023,3,08/12/2026,Worldwide,,"Worldwide excluding France (Corsica included), DROM, POM (New Caledonia and French Polynesia), COM, Monaco, Andorra, Mauritius and Swizerland",https://e.pcloud.link/publink/show?code=kZSdyvZ35t9BbjbiOfbsYylgPBEH8j0kKuk,https://e.pcloud.link/publink/show?code=kZudyvZjI2BqEDN8BSblAMjt7yIpzR2CrOV,https://e.pcloud.link/publink/show?code=kZBdyvZlFwpoAU2dayirM0B6I3aMpAnCQvy,,https://e.pcloud.link/publink/show?code=XZWdyvZ35MrxYxAESRl18VSQHgQl7gCfPlV,https://e.pcloud.link/publink/show?code=kZcRcGZKYol3UFoBz4bjX8TRHzkwyzpCcS7,https://www.youtube.com/watch?v=ivUotSnUp1M,https://e.pcloud.link/publink/show?code=XZVLcGZ8PyiejFggURt1g1EfX0cSHMHyrGV,https://e.pcloud.link/publink/show?code=XZ0LcGZqPwwc8baOXyeD3LOdrACEhlgutqy,https://e.pcloud.link/publink/show?code=XZpLcGZh6eY2Fk0xeS0BsoDq8BAv4qVa5C7,German,https://www.filmdoo.com/films/twin-flame-2023,,8/12/2023,22/12/2023,,https://www.amazon.com/gp/video/detail/B0CV5Y8LFC,https://www.amazon.co.uk/gp/video/detail/B0CV5ZG4SN,https://tubitv.com/movies/100019711/twin-flame,,2025 LB Global Media,Box Brazil / FilmDoo / Reveel /  Letterbox / Release Tracker,
Two Cats Farewell,Her Side of the Bed,14,2021,South Korea,Korean,,74,2025,"South Korea, Sri Lanka, Brazil, United Kingdom","Korean, Portuguese, English, Sinhala",https://www.imdb.com/title/tt41944317/,Drama,"LGBTQ, Fantasy",Sun-you An,Sun-you An,Sun-you An,Seo Cho-hui (Nabi); Kim Kkot-bi (Kkami); Kim Ri-na,"Shoo and Dinger are good bro-cats. They are not blood brothers but they have been like family with Soo-young and Ji-woo. By the way, the mood here is not good lately. Ji-woo hasn't been back for quite a while. Suddenly Soo-young has been packing for moving. Before the moving day, Ji-woo has come back and said that she is going to take them!",EN,PG-13,"Mature themes of grief, loss, and existential longing.","South Korea, LGBTQ+, Allegory, Cats, Grief, Loss, Surrealism, Female Bond",LGBTQ,Drama,"Suranga Handapangoda, Patrícia Sá, An Sun-you, Adolfo Vico, Heo Ha-yeon","Sun-you An, Heo Ha-yeon, Guilherme Severo, Mo Abdelkhalek, Yuganthi Yasodara","Suranga Handapangoda, Patrícia Sá, An Sun-you, Allie Moss, Heo Ha-yeon","Uma Aseni - Sumi, Dulanja Dilshan - Akash, Taty Godoi - Claudia, Adriana Lessa - Dani, Oh Ji-hoo - Soo-young, Lee Young-ah - Ji-woo, Katie Griffiths - Zara, MJ Lee - Kat","An intimate collection of poignant, female-focused stories about the drama that unfolds when a relationship reaches its turning point.",An intimate collection of female-focused stories about the drama that unfolds when a relationship reaches its turning point. Sometimes love fades and sometimes it stays in these five poignant tales.,English,PG-13,Sexual Content,"LGBTQ+, Lesbian, Female Lead, French films, Canadian films, Danish films, Spanish films, Female Filmmakers, Heartwarming, Bittersweet, Animation, Marriage, Breakup, Apartment, Short Film Compilation",Active,Indiestory,sales@indiestory.com,Yes,https://www.dropbox.com/scl/fo/1bgbho0v3k6hwqlb5mh5k/h/LB%20GLOBAL%20MEDIA%20-%20NEW%20COMPILATIONS/Indiestory?dl=0&preview=LB+Global+Media+Film+Distribution+Licence+Agreement+-+Indiestory+March+2025.docx&subfolder_nav_tracking=1,05/09/2025,3,05/09/2028,All countries except those mentioned in Geo-Restrictions,Excluding South Korea,Worldwide excluding South Korea,https://www.dropbox.com/scl/fo/8jmg0pa2gmovxm2ca5uph/AHWRzv9yQ7u4Ri5JyXFemh4?rlkey=vo7hact99puhsqt0ifupwuxvk&st=4rdph1l0&dl=0,https://www.dropbox.com/scl/fi/4wplbnqa8o6o1okp98kev/_-003.mov?rlkey=kg3cxrr83iv98y90hn7kh6nzm&st=lwanwol4&dl=0,https://www.dropbox.com/scl/fi/qgiv5ef7hrg53cuynz11n/Two-Cats-Farewell-English-subtitles.srt?rlkey=a6ehmuodos03iw9l6jxss6z1c&st=588tga3b&dl=0,,https://www.dropbox.com/scl/fi/xkwdwpy7cgi7nzvp5aevt/Twocats_poster.jpg?rlkey=4f9rd9m62lcd3jpoorc0jpb1c&st=ra0d18v3&dl=0,https://www.dropbox.com/scl/fo/clvmrmp26d93z4jsly6ri/AHomcraaHk0Ll4RLigWeODw?rlkey=s44ppnqq76dkl7cj1v3w1vujd&st=j8g0o5o4&dl=0,https://www.youtube.com/watch?v=lrfZzl7y7u4,https://www.dropbox.com/scl/fi/iv7f2gak31d5usgorirmo/HER_SIDE_OF_THE_BED_-CLEAN_FILMDOO_CUT-_1920X1080_24FPS_5GB.mp4?rlkey=p50pf0xcauw0m2q91h76iu88z&st=d0fjv9tk&dl=0,https://www.dropbox.com/scl/fi/1pr6w7infze28jzkk11mn/eng_subs_FilmDoo_Cut.srt?rlkey=aw8822r0vkqo506n47frawr2y&st=0wig0u1r&dl=0,https://www.dropbox.com/scl/fi/50s3ufbr9x2r4lr7qnyss/Her_Side_of_the_Bed_poster_1200X1800.psd?rlkey=8u844s6d8adr9ja52uq5e2jnp&st=915eh2ca&dl=0,None,,,05/09/2025,,05/09/2025 (Fawesome),,,,https://fawesome.tv/movies/10721416/her-side-of-the-bed,2025 LB Global Media,Box Brazil / FilmDoo / Reveel /  Release Tracker,
Nobody Knows,Her Side of the Bed,7,2023,South Korea,No spoken language (Silent),https://www.imdb.com/title/tt31584638/,74,2025,"South Korea, Sri Lanka, Brazil, United Kingdom","Korean, Portuguese, English, Sinhala",https://www.imdb.com/title/tt41944317/,Drama,"Animation, LGBTQ, Senior Cinema",Heo Ha-yeon,Heo Ha-yeon,Heo Ha-yeon,Park Myeong-shin; Gil Hae-yeon,An ill elderly woman leans on her caring partner during trying times that test their commitment.,EN,PG,Thematic elements involving illness and aging,"South Korea, Silent Film, Senior LGBTQ+, Aging, Caregiving, Lesbians, Visual Storytelling",LGBTQ,Drama,"Suranga Handapangoda, Patrícia Sá, An Sun-you, Adolfo Vico, Heo Ha-yeon","Sun-you An, Heo Ha-yeon, Guilherme Severo, Mo Abdelkhalek, Yuganthi Yasodara","Suranga Handapangoda, Patrícia Sá, An Sun-you, Allie Moss, Heo Ha-yeon","Uma Aseni - Sumi, Dulanja Dilshan - Akash, Taty Godoi - Claudia, Adriana Lessa - Dani, Oh Ji-hoo - Soo-young, Lee Young-ah - Ji-woo, Katie Griffiths - Zara, MJ Lee - Kat","An intimate collection of poignant, female-focused stories about the drama that unfolds when a relationship reaches its turning point.",An intimate collection of female-focused stories about the drama that unfolds when a relationship reaches its turning point. Sometimes love fades and sometimes it stays in these five poignant tales.,English,PG-13,Sexual Content,"LGBTQ+, Lesbian, Female Lead, French films, Canadian films, Danish films, Spanish films, Female Filmmakers, Heartwarming, Bittersweet, Animation, Marriage, Breakup, Apartment, Short Film Compilation",Active,Indiestory,sales@indiestory.com,Yes,https://www.dropbox.com/scl/fo/1bgbho0v3k6hwqlb5mh5k/h/LB%20GLOBAL%20MEDIA%20-%20NEW%20COMPILATIONS/Indiestory?dl=0&preview=LB+Global+Media+Film+Distribution+Licence+Agreement+-+Indiestory+March+2025.docx&subfolder_nav_tracking=1,05/09/2025,3,05/09/2028,All countries except those mentioned in Geo-Restrictions,Excluding South Korea,Worldwide excluding South Korea,https://www.dropbox.com/scl/fo/hqw7qc2hmqwdnt5m47lie/AE5pb3qYznFTj0M3_xSFVMU?rlkey=e30e0uqj0rei99xden8yg2dy9&st=0q51o5b6&dl=0,https://www.dropbox.com/scl/fi/1td12819edmrbn6lj12hj/NOBODY-KNOWS-1920-x-1080.mp4?rlkey=myxlu8dxlvv6tcg47im5suvqg&st=fwg5htv8&dl=0,https://www.dropbox.com/scl/fi/cifb3lc4kanmgbwqfaceb/Nobody-Knows-English-subtitles.srt?rlkey=vc8la05nzw34uny01sa7effsz&st=6unc4auy&dl=0,https://www.dropbox.com/scl/fi/esb8bcpg1d3rlclw4s5jm/Nobody-Knows-English-subtitles.ass?rlkey=pyqnnhxqdfokp7yc5wte7woej&st=z9x1i9ya&dl=0,https://www.dropbox.com/scl/fi/cwpy4yn2cl18hhtz0ne5m/Nobodyknows_poster_kor.jpg?rlkey=9up983rkkhueucafqy2lloa7q&st=702g8bfn&dl=0,https://www.dropbox.com/scl/fo/clvmrmp26d93z4jsly6ri/AHomcraaHk0Ll4RLigWeODw?rlkey=s44ppnqq76dkl7cj1v3w1vujd&st=j8g0o5o4&dl=0,https://www.youtube.com/watch?v=lrfZzl7y7u4,https://www.dropbox.com/scl/fi/iv7f2gak31d5usgorirmo/HER_SIDE_OF_THE_BED_-CLEAN_FILMDOO_CUT-_1920X1080_24FPS_5GB.mp4?rlkey=p50pf0xcauw0m2q91h76iu88z&st=d0fjv9tk&dl=0,https://www.dropbox.com/scl/fi/1pr6w7infze28jzkk11mn/eng_subs_FilmDoo_Cut.srt?rlkey=aw8822r0vkqo506n47frawr2y&st=0wig0u1r&dl=0,https://www.dropbox.com/scl/fi/50s3ufbr9x2r4lr7qnyss/Her_Side_of_the_Bed_poster_1200X1800.psd?rlkey=8u844s6d8adr9ja52uq5e2jnp&st=915eh2ca&dl=0,None,,,05/09/2025,,05/09/2025 (Fawesome),,,,https://fawesome.tv/movies/10721416/her-side-of-the-bed,2025 LB Global Media,Box Brazil / FilmDoo / Reveel /  Release Tracker,
Não somos mais o que éramos,Her Side of the Bed,20,2022,Brazil,Portuguese,https://www.imdb.com/pt/title/tt29313273/,74,2025,"South Korea, Sri Lanka, Brazil, United Kingdom","Korean, Portuguese, English, Sinhala",https://www.imdb.com/title/tt41944317/,Drama,"LGBTQ, Romance",Patricia Sa,Guilherme Severo (Executive Producer),Patricia Sa,Adriana Lessa (Dani); Taty Godoi (Claudia),"As Claudia and Dani empty out the apartment they once lived in together, they bring out the pain, feelings, and certainties that brought them to an end.",EN,PG-13,Mature emotional themes and dialogue regarding past relationships.,"Brazil, LGBTQ+, Reconciliation, Memory, Portuguese, Female Gaze, Maturity, Past Lovers",LGBTQ,Drama,"Suranga Handapangoda, Patrícia Sá, An Sun-you, Adolfo Vico, Heo Ha-yeon","Sun-you An, Heo Ha-yeon, Guilherme Severo, Mo Abdelkhalek, Yuganthi Yasodara","Suranga Handapangoda, Patrícia Sá, An Sun-you, Allie Moss, Heo Ha-yeon","Uma Aseni - Sumi, Dulanja Dilshan - Akash, Taty Godoi - Claudia, Adriana Lessa - Dani, Oh Ji-hoo - Soo-young, Lee Young-ah - Ji-woo, Katie Griffiths - Zara, MJ Lee - Kat","An intimate collection of poignant, female-focused stories about the drama that unfolds when a relationship reaches its turning point.",An intimate collection of female-focused stories about the drama that unfolds when a relationship reaches its turning point. Sometimes love fades and sometimes it stays in these five poignant tales.,English,PG-13,Sexual Content,"LGBTQ+, Lesbian, Female Lead, French films, Canadian films, Danish films, Spanish films, Female Filmmakers, Heartwarming, Bittersweet, Animation, Marriage, Breakup, Apartment, Short Film Compilation",Active,Gonella,sales@gonellaproductions.com ,Yes,https://www.dropbox.com/scl/fo/1bgbho0v3k6hwqlb5mh5k/h/LB%20GLOBAL%20MEDIA%20-%20NEW%20COMPILATIONS/Gonella?dl=0&preview=LB+Global+Media+Film+Distribution+Licence+Agreement+-+Gonella+23d+April+2025+(signed).pdf&subfolder_nav_tracking=1,05/09/2025,3,05/09/2028,Worldwide,,Worldwide excluding South Korea,https://www.dropbox.com/scl/fo/w6mpac9knldyvrhoup3xd/AJSJI5cnmmVnAidGwQAel4E?rlkey=wfryw3qilz32c73pj6bcuwfqv&st=dszlk8t5&dl=0,https://www.dropbox.com/scl/fi/hlcvxgsilud8nthcceknh/N-O-SOMOS-MAIS-O-QUE-RAMOS_NO_SUB.mp4?rlkey=g2epcbnxvfwa71f5i10spgp2c&st=yewd4f0d&dl=0,https://www.dropbox.com/scl/fi/xw1o89gwkzxwssnj832db/N-O-SOMOS-MAIS-O-QUE-RAMOS_eng-subs-fixed.srt?rlkey=3gr4uiudpqrwpjm118mwcefxe&st=ojjlpz8e&dl=0,https://www.dropbox.com/scl/fo/pjg7ixef6va94vr9w2jai/AGJPfZQ4Xdji9hPmCQwY9Tk?rlkey=oqwezr87d7avl1y7uylnht8h6&st=kh1gbxkh&dl=0,https://www.dropbox.com/scl/fi/oh5uos8t9wgr7rh70eeew/NSMOQE_POSTER_EN.jpg?rlkey=irmawlwtbzzdmv44xjs275uj6&st=m3m1woay&dl=0,https://www.dropbox.com/scl/fo/clvmrmp26d93z4jsly6ri/AHomcraaHk0Ll4RLigWeODw?rlkey=s44ppnqq76dkl7cj1v3w1vujd&st=j8g0o5o4&dl=0,https://www.youtube.com/watch?v=lrfZzl7y7u4,https://www.dropbox.com/scl/fi/iv7f2gak31d5usgorirmo/HER_SIDE_OF_THE_BED_-CLEAN_FILMDOO_CUT-_1920X1080_24FPS_5GB.mp4?rlkey=p50pf0xcauw0m2q91h76iu88z&st=d0fjv9tk&dl=0,https://www.dropbox.com/scl/fi/1pr6w7infze28jzkk11mn/eng_subs_FilmDoo_Cut.srt?rlkey=aw8822r0vkqo506n47frawr2y&st=0wig0u1r&dl=0,https://www.dropbox.com/scl/fi/50s3ufbr9x2r4lr7qnyss/Her_Side_of_the_Bed_poster_1200X1800.psd?rlkey=8u844s6d8adr9ja52uq5e2jnp&st=915eh2ca&dl=0,None,,,05/09/2025,,05/09/2025 (Fawesome),,,,https://fawesome.tv/movies/10721416/her-side-of-the-bed,2025 LB Global Media,Box Brazil / FilmDoo / Reveel /  Release Tracker,
Mr Strappy,Her Side of the Bed,12,2023,United Kingdom,English,https://www.imdb.com/title/tt22180474/,74,2025,"South Korea, Sri Lanka, Brazil, United Kingdom","Korean, Portuguese, English, Sinhala",https://www.imdb.com/title/tt41944317/,Comedy,"Romance, LGBTQ",Adolfo Vico,Mo Abdelkhalek (Producer); Allie Moss (Executive Producer); Adolfo Vico (Executive Producer),Allie Moss,Katie Griffiths (Zara); MJ Lee (Kat); Maxine Howard (Aunt),"Over the course of a night, a long-term couple hunts for a cherished item, searching through the depths of their home and even their laundry basket, only to realize they were looking in all the wrong places.",EN,R,"Strong sexual humor, frank discussion of adult intimacy, and mature language.","UK, RomCom, LGBTQ+, Sapphic, Relationship Spark, Intimacy, Adult Humor, Communication",LGBTQ,Drama,"Suranga Handapangoda, Patrícia Sá, An Sun-you, Adolfo Vico, Heo Ha-yeon","Sun-you An, Heo Ha-yeon, Guilherme Severo, Mo Abdelkhalek, Yuganthi Yasodara","Suranga Handapangoda, Patrícia Sá, An Sun-you, Allie Moss, Heo Ha-yeon","Uma Aseni - Sumi, Dulanja Dilshan - Akash, Taty Godoi - Claudia, Adriana Lessa - Dani, Oh Ji-hoo - Soo-young, Lee Young-ah - Ji-woo, Katie Griffiths - Zara, MJ Lee - Kat","An intimate collection of poignant, female-focused stories about the drama that unfolds when a relationship reaches its turning point.",An intimate collection of female-focused stories about the drama that unfolds when a relationship reaches its turning point. Sometimes love fades and sometimes it stays in these five poignant tales.,English,PG-13,Sexual Content,"LGBTQ+, Lesbian, Female Lead, French films, Canadian films, Danish films, Spanish films, Female Filmmakers, Heartwarming, Bittersweet, Animation, Marriage, Breakup, Apartment, Short Film Compilation",Active,Gonella,sales@gonellaproductions.com ,Yes,https://www.dropbox.com/scl/fo/1bgbho0v3k6hwqlb5mh5k/h/LB%20GLOBAL%20MEDIA%20-%20NEW%20COMPILATIONS/Gonella?dl=0&preview=LB+Global+Media+Film+Distribution+Licence+Agreement+-+Gonella+23d+April+2025+(signed).pdf&subfolder_nav_tracking=1,05/09/2025,3,05/09/2028,Worldwide,,Worldwide excluding South Korea,https://www.dropbox.com/scl/fo/2mzufeaazfq4bb0f7sml4/AAuwYwH8wsnYwfOYACdOqK8?rlkey=wn3aqk1w2myroq0aes0ztcsp8&st=7rj0vjp2&dl=0,https://www.dropbox.com/scl/fi/nweolkxiryunbtgpj946a/MR-STRAPPY_NO_SUB.mp4?rlkey=jm4xxwwcie16oq8z8y15pk0m3&st=n8rsu2rq&dl=0,https://www.dropbox.com/scl/fi/1k6d1igtu4mrt7pubsxoe/MR_STRAPPY_Subtitles.srt?rlkey=uik56xjb1iqrrf3fhoqhyx5xq&st=wcnu54kv&dl=0,https://www.dropbox.com/scl/fi/kwb0a1gi5pkk32uxrwtez/TRAILER.mp4?rlkey=r2kaggox7ft605ob95pad3rkx&st=am2e49fo&dl=0,https://www.dropbox.com/scl/fi/1k6d1igtu4mrt7pubsxoe/MR_STRAPPY_Subtitles.srt?rlkey=uik56xjb1iqrrf3fhoqhyx5xq&st=wcnu54kv&dl=0,https://www.dropbox.com/scl/fo/clvmrmp26d93z4jsly6ri/AHomcraaHk0Ll4RLigWeODw?rlkey=s44ppnqq76dkl7cj1v3w1vujd&st=j8g0o5o4&dl=0,https://www.youtube.com/watch?v=lrfZzl7y7u4,https://www.dropbox.com/scl/fi/iv7f2gak31d5usgorirmo/HER_SIDE_OF_THE_BED_-CLEAN_FILMDOO_CUT-_1920X1080_24FPS_5GB.mp4?rlkey=p50pf0xcauw0m2q91h76iu88z&st=d0fjv9tk&dl=0,https://www.dropbox.com/scl/fi/1pr6w7infze28jzkk11mn/eng_subs_FilmDoo_Cut.srt?rlkey=aw8822r0vkqo506n47frawr2y&st=0wig0u1r&dl=0,https://www.dropbox.com/scl/fi/50s3ufbr9x2r4lr7qnyss/Her_Side_of_the_Bed_poster_1200X1800.psd?rlkey=8u844s6d8adr9ja52uq5e2jnp&st=915eh2ca&dl=0,None,,,05/09/2025,,05/09/2025 (Fawesome),,,,https://fawesome.tv/movies/10721416/her-side-of-the-bed,2025 LB Global Media,Box Brazil / FilmDoo / Reveel /  Release Tracker,
In the Cloud,Her Side of the Bed,21,2022,Sri Lanka,Sinhala,,74,2025,"South Korea, Sri Lanka, Brazil, United Kingdom","Korean, Portuguese, English, Sinhala",https://www.imdb.com/title/tt41944317/,Drama,"LGBTQ, South Asian Cinema",Suranga Handapangoda,Yuganthi Yasodara,Suranga Handapangoda,Uma Aseni; Dulanja Dilshan; Geetha Alahakoon; Pushpa Gunawardhana; Kalpa Munasingha; Ajantha Alahakoon,"Sumi is a girl who is in a lesbian relationship. Akash works as a rising politician with the help of sumi's family. Their parents have decided their marriage. Akash is strongly against this. But seeing that Sumi is having sex with her partner, Akash agrees to this marriage. Although Sumi is surprised by this, after the marriage it is revealed that Akash is also a homosexual.",EN,R,Depictions of secret sexual encounters and mature themes regarding forced marriage and identity.,"Sri Lanka, Sinhala, LGBTQ+, Forced Marriage, Lavender Marriage, Politics, Secret Identity, South Asia",LGBTQ,Drama,"Suranga Handapangoda, Patrícia Sá, An Sun-you, Adolfo Vico, Heo Ha-yeon","Sun-you An, Heo Ha-yeon, Guilherme Severo, Mo Abdelkhalek, Yuganthi Yasodara","Suranga Handapangoda, Patrícia Sá, An Sun-you, Allie Moss, Heo Ha-yeon","Uma Aseni - Sumi, Dulanja Dilshan - Akash, Taty Godoi - Claudia, Adriana Lessa - Dani, Oh Ji-hoo - Soo-young, Lee Young-ah - Ji-woo, Katie Griffiths - Zara, MJ Lee - Kat","An intimate collection of poignant, female-focused stories about the drama that unfolds when a relationship reaches its turning point.",An intimate collection of female-focused stories about the drama that unfolds when a relationship reaches its turning point. Sometimes love fades and sometimes it stays in these five poignant tales.,English,PG-13,Sexual Content,"LGBTQ+, Lesbian, Female Lead, French films, Canadian films, Danish films, Spanish films, Female Filmmakers, Heartwarming, Bittersweet, Animation, Marriage, Breakup, Apartment, Short Film Compilation",Active,Gonella,sales@gonellaproductions.com ,Yes,https://www.dropbox.com/scl/fo/1bgbho0v3k6hwqlb5mh5k/h/LB%20GLOBAL%20MEDIA%20-%20NEW%20COMPILATIONS/Gonella?dl=0&preview=LB+Global+Media+Film+Distribution+Licence+Agreement+-+Gonella+23d+April+2025+(signed).pdf&subfolder_nav_tracking=1,05/09/2025,3,05/09/2028,Worldwide,,Worldwide excluding South Korea,https://www.dropbox.com/scl/fo/y84u3340vxkx9wvg4hmkf/AFl_22HTRmMRH0QG1WQdpQA?rlkey=rasxlry4i4clatp53mh85ec8b&st=j1b27yuf&dl=0,https://www.dropbox.com/scl/fi/8c3ssyvj455n9enngcc8z/IN-THE-CLOUD_NO_SUB-1920-x-1080.mp4?rlkey=lcfhqguihq94aitv1zz1eji9m&st=6nnsr4va&dl=0,https://www.dropbox.com/scl/fi/94a2zaue183l8qqlrofbu/._IN-THE-CLOUD_NO_SUB-eng-fixed.srt?rlkey=6wjs1twdm3tf01qrd05b8zpe0&st=r1h4o62b&dl=0,https://www.dropbox.com/scl/fi/90lc1e2xvuvwgarb9ub01/TRAILER-1.mp4?rlkey=a4az8wl26wxz03f23jits2szb&st=vukgax07&dl=0,https://www.dropbox.com/scl/fi/z5ofz0o6s95c0njbuhm3f/Poster-01.jpg?rlkey=0j7flqhfp20p6ki6zv3r7xffy&st=y5yiinj1&dl=0,https://www.dropbox.com/scl/fo/clvmrmp26d93z4jsly6ri/AHomcraaHk0Ll4RLigWeODw?rlkey=s44ppnqq76dkl7cj1v3w1vujd&st=j8g0o5o4&dl=0,https://www.youtube.com/watch?v=lrfZzl7y7u4,https://www.dropbox.com/scl/fi/iv7f2gak31d5usgorirmo/HER_SIDE_OF_THE_BED_-CLEAN_FILMDOO_CUT-_1920X1080_24FPS_5GB.mp4?rlkey=p50pf0xcauw0m2q91h76iu88z&st=d0fjv9tk&dl=0,https://www.dropbox.com/scl/fi/1pr6w7infze28jzkk11mn/eng_subs_FilmDoo_Cut.srt?rlkey=aw8822r0vkqo506n47frawr2y&st=0wig0u1r&dl=0,https://www.dropbox.com/scl/fi/50s3ufbr9x2r4lr7qnyss/Her_Side_of_the_Bed_poster_1200X1800.psd?rlkey=8u844s6d8adr9ja52uq5e2jnp&st=915eh2ca&dl=0,None,,,05/09/2025,,05/09/2025 (Fawesome),,,,https://fawesome.tv/movies/10721416/her-side-of-the-bed,2025 LB Global Media,Box Brazil / FilmDoo / Reveel /  Release Tracker,
Inabitáveis,Tender Resistance,25,2020,Brazil,Portuguese,https://www.imdb.com/title/tt11475812/,77,2025,"Brazil, USA, UK, South Korea, Spain","Spanish, Portuguese, Korean, Russian, English",https://www.imdb.com/title/tt37764459/,Experimental,"Drama, LGBTQ, Black Queer Cinema",Anderson Bardot,Anderson Bardot (EP); Paulo Gois; Vitor Graize; Karolina Lopes,Anderson Bardot,Castiel Vitorino Brasileiro (Pedro); Lucciano Coelho; Mauro Marques; Markus Konká,"A brazilian contemporary dance company is about to debut The Uninhabitable Ones, its newest performance that addresses black homosexuality as its theme. Running parallel to the rehearsals, the choreographer builds a friendship with Pedro.",EN,R,"Artistic nudity, intense emotional themes, and depictions of systemic prejudice.","Brazil, Contemporary Dance, Black Queer, Trans Identity, LGBTQ+, Experimental, Emancipation",LGBTQ,Drama,"Jose Provencio, Taisia Deeva, Seung-jae Lee, Aleksei Borovikov, Anderson Bardot","Anderson Bardot,  Seung-jae Lee, Chris Sonnenschein, Jose Provencio, Anna Gasparyan","Aritz Kortabarria, Jose Provencio, Taisia Deeva, Seung-jae Lee, Jacob Mueller, Aleksei Borovikov, Anderson Bardot","Seo-han Lee, Aritz Kortabarria, Nikita Kochnev, Anton Paraskiva, Markus Konká","In this collection of stories about men learning to stand up to prejudice and doubt, an anxious brother delays telling his sister the truth about his upcoming wedding, while a stern uncle takes drastic measures to ""make a man"" out of his closeted nephew.","An anxious brother delays telling his sister the truth about his upcoming wedding, an uncle takes drastic measures to ""make a man"" out of his closeted nephew, and a young man reflects on his turbulent teen years and the experiences that pushed him to leave his hometown behind. A powerful collection of shorts about the quiet ways in which we learn to stand up to prejudice and doubt.","English, French, German, Spanish",R,"Sexual Content. Contains sexually suggestive dancing and provocative physical performances. Also features mature themes of social erasure, transphobia, and the systemic struggle of marginalized bodies.","LGBTQ+, Transgender Cinema, Social Resistance, Performance Art, Identity, Urban Survival, Radical Love, Afrofuturism, Provocative, Body Politics, Global Shorts",Active,Gonella,sales@gonellaproductions.com ,Yes,https://www.dropbox.com/scl/fo/1bgbho0v3k6hwqlb5mh5k/h/LB%20GLOBAL%20MEDIA%20-%20NEW%20COMPILATIONS/Gonella?dl=0&preview=LB+Global+Media+Film+Distribution+Licence+Agreement+-+Gonella+23d+April+2025+(signed).pdf&subfolder_nav_tracking=1,14/07/2025,4,14/07/2029,Worldwide,,Worldwide,https://e.pcloud.link/publink/show?code=kZndyvZbGLjiMgHm9JaxmcoTbyrYjijUuNV,https://e.pcloud.link/publink/show?code=kZgdyvZgCObnyOjvo4QSQXNKxfsQfvGYMiX,https://e.pcloud.link/publink/show?code=kZCdyvZSJi57AYQomJx6uUwMpyL00tcfe67,https://e.pcloud.link/publink/show?code=kZMdyvZPK3t0GqOxT83ueKnjT5REbLgX6N7,https://e.pcloud.link/publink/show?code=XZxdyvZ9tmPf2vCnmfkF6nn6lDPIkuU2juk,https://e.pcloud.link/publink/show?code=kZCLcGZguWJ99yimf8djaAJR94hjJ9T4wny,https://www.youtube.com/watch?v=rQPB4ClxQMQ,https://e.pcloud.link/publink/show?code=XZlLcGZJ049okMxY00EYgxLTTGssFLzWrSy,https://e.pcloud.link/publink/show?code=XZdLcGZTra0XRov78FuUuha9l45JL3sE0X7,https://e.pcloud.link/publink/show?code=XZ6LcGZQEuiXwHdO3kXB8qDpvDyeyhpow8V,"German, French, Spanish",,,14/07/2025,10/07/2025,,https://www.amazon.com/gp/video/detail/B0FGJJ38MF,https://www.amazon.co.uk/gp/video/detail/B0FGJFVPSH,,,2025 LB Global Media,Box Brazil / FilmDoo / Reveel / IMDB /  Release Tracker,
The Vagrant,Tender Resistance,15,2021,South Korea,Korean,https://www.imdb.com/title/tt18314250/,77,2025,"Brazil, USA, UK, South Korea, Spain","Spanish, Portuguese, Korean, Russian, English",https://www.imdb.com/title/tt37764459/,Drama,"LGBTQ, Religious Drama",Seung-jae Lee,Seung-jae Lee; Eun Seok Park,Seung-jae Lee,Han-jung Lee (Han-jung); Seo-han Lee (Seo-han),"In the church, Han jung learns that the Seo Han is gay through outings. Han jung say I understand seo Han, but he is afraid of the unintended inconvenience caused by Seo han.",EN,PG-13,"Themes of social outing, religious conflict, and emotional distress.","South Korea, Church, LGBTQ+, Outing, Allyship, Social Stigma, Student Film, Korean Cinema",LGBTQ,Drama,"Jose Provencio, Taisia Deeva, Seung-jae Lee, Aleksei Borovikov, Anderson Bardot","Anderson Bardot,  Seung-jae Lee, Chris Sonnenschein, Jose Provencio, Anna Gasparyan","Aritz Kortabarria, Jose Provencio, Taisia Deeva, Seung-jae Lee, Jacob Mueller, Aleksei Borovikov, Anderson Bardot","Seo-han Lee, Aritz Kortabarria, Nikita Kochnev, Anton Paraskiva, Markus Konká","In this collection of stories about men learning to stand up to prejudice and doubt, an anxious brother delays telling his sister the truth about his upcoming wedding, while a stern uncle takes drastic measures to ""make a man"" out of his closeted nephew.","An anxious brother delays telling his sister the truth about his upcoming wedding, an uncle takes drastic measures to ""make a man"" out of his closeted nephew, and a young man reflects on his turbulent teen years and the experiences that pushed him to leave his hometown behind. A powerful collection of shorts about the quiet ways in which we learn to stand up to prejudice and doubt.","English, French, German, Spanish",R,"Sexual Content. Contains sexually suggestive dancing and provocative physical performances. Also features mature themes of social erasure, transphobia, and the systemic struggle of marginalized bodies.","LGBTQ+, Transgender Cinema, Social Resistance, Performance Art, Identity, Urban Survival, Radical Love, Afrofuturism, Provocative, Body Politics, Global Shorts",Active,Gonella,sales@gonellaproductions.com ,Yes,https://www.dropbox.com/scl/fo/1bgbho0v3k6hwqlb5mh5k/h/LB%20GLOBAL%20MEDIA%20-%20NEW%20COMPILATIONS/Gonella?dl=0&preview=LB+Global+Media+Film+Distribution+Licence+Agreement+-+Gonella+23d+April+2025+(signed).pdf&subfolder_nav_tracking=1,14/07/2025,4,14/07/2029,Worldwide,,Worldwide,https://e.pcloud.link/publink/show?code=kZKdyvZuUjpHC9co2R0scJpLtCuGVg5aud7,https://e.pcloud.link/publink/show?code=kZqdyvZnTtoP6cmlJH6HHiz1ye2NuYPjpnV,https://e.pcloud.link/publink/show?code=kZtdyvZPAse1VIS51ReweW1NhgzgfJjBwYX,https://e.pcloud.link/publink/show?code=kZddyvZay0tq4eYvCQVzqsB0Uk7JVh7NRGy,https://e.pcloud.link/publink/show?code=XZEdyvZ2yfJoHQpkGQuo3FpmY14ORuPJML7,https://e.pcloud.link/publink/show?code=kZCLcGZguWJ99yimf8djaAJR94hjJ9T4wny,https://www.youtube.com/watch?v=rQPB4ClxQMQ,https://e.pcloud.link/publink/show?code=XZlLcGZJ049okMxY00EYgxLTTGssFLzWrSy,https://e.pcloud.link/publink/show?code=XZdLcGZTra0XRov78FuUuha9l45JL3sE0X7,https://e.pcloud.link/publink/show?code=XZ6LcGZQEuiXwHdO3kXB8qDpvDyeyhpow8V,"German, French, Spanish",,,14/07/2025,10/07/2025,,https://www.amazon.com/gp/video/detail/B0FGJJ38MF,https://www.amazon.co.uk/gp/video/detail/B0FGJFVPSH,,,2025 LB Global Media,Box Brazil / FilmDoo / Reveel / IMDB /  Release Tracker,
Brother,Tender Resistance,18,2023,USA,English / Russian / Spanish,https://www.imdb.com/title/tt18765056/,77,2025,"Brazil, USA, UK, South Korea, Spain","Spanish, Portuguese, Korean, Russian, English",https://www.imdb.com/title/tt37764459/,Drama,"LGBTQ, Immigrant Story",Aleksei Borovikov,Chris Sonnenschein; Aleksei Borovikov; Mohammed Shaik Hussain Ali (Associate Producer),Aleksei Borovikov; Jacob Mueller (Co-writer),Anton Paraskiva (Tony); Felipe Augusto (Carlos); Evgeniia Tikhonova (Lena); Beatriz Jamaica (Mrs. Ortiz),"With his wedding to Carlos approaching, Tony, a young immigrant to the US, invites his conservative older sister to the ceremony - a fateful decision that forces Tony to choose between his family and his freedom.","EN, ES",R,"Strong emotional conflict, themes of homophobia, and mature family drama.","USA, LGBTQ+, Russian Immigrant, Gay Wedding, Family Conflict, Homophobia, Identity, Drama",LGBTQ,Drama,"Jose Provencio, Taisia Deeva, Seung-jae Lee, Aleksei Borovikov, Anderson Bardot","Anderson Bardot,  Seung-jae Lee, Chris Sonnenschein, Jose Provencio, Anna Gasparyan","Aritz Kortabarria, Jose Provencio, Taisia Deeva, Seung-jae Lee, Jacob Mueller, Aleksei Borovikov, Anderson Bardot","Seo-han Lee, Aritz Kortabarria, Nikita Kochnev, Anton Paraskiva, Markus Konká","In this collection of stories about men learning to stand up to prejudice and doubt, an anxious brother delays telling his sister the truth about his upcoming wedding, while a stern uncle takes drastic measures to ""make a man"" out of his closeted nephew.","An anxious brother delays telling his sister the truth about his upcoming wedding, an uncle takes drastic measures to ""make a man"" out of his closeted nephew, and a young man reflects on his turbulent teen years and the experiences that pushed him to leave his hometown behind. A powerful collection of shorts about the quiet ways in which we learn to stand up to prejudice and doubt.","English, French, German, Spanish",R,"Sexual Content. Contains sexually suggestive dancing and provocative physical performances. Also features mature themes of social erasure, transphobia, and the systemic struggle of marginalized bodies.","LGBTQ+, Transgender Cinema, Social Resistance, Performance Art, Identity, Urban Survival, Radical Love, Afrofuturism, Provocative, Body Politics, Global Shorts",Active,Gonella,sales@gonellaproductions.com ,Yes,https://www.dropbox.com/scl/fo/1bgbho0v3k6hwqlb5mh5k/h/LB%20GLOBAL%20MEDIA%20-%20NEW%20COMPILATIONS/Gonella?dl=0&preview=LB+Global+Media+Film+Distribution+Licence+Agreement+-+Gonella+23d+April+2025+(signed).pdf&subfolder_nav_tracking=1,14/07/2025,4,14/07/2029,Worldwide,,Worldwide,https://e.pcloud.link/publink/show?code=kZRqyvZSOGo83U4VbjdoooGnGboFLoBzGIV,https://e.pcloud.link/publink/show?code=kZjqyvZhD1KsHGeHNz1R3vBS6MMRucjfHtX,https://e.pcloud.link/publink/show?code=kZhqyvZdgtN9tKkVM4hHumpKjpeKHbGfdjy,https://e.pcloud.link/publink/show?code=XZYqyvZaIagzNwNLxRIhNCl1FttEkjxyUlX,https://e.pcloud.link/publink/show?code=XZBqyvZttGs7CimqKL7zabq1aUulBcDBum7,https://e.pcloud.link/publink/show?code=kZCLcGZguWJ99yimf8djaAJR94hjJ9T4wny,https://www.youtube.com/watch?v=rQPB4ClxQMQ,https://e.pcloud.link/publink/show?code=XZlLcGZJ049okMxY00EYgxLTTGssFLzWrSy,https://e.pcloud.link/publink/show?code=XZdLcGZTra0XRov78FuUuha9l45JL3sE0X7,https://e.pcloud.link/publink/show?code=XZ6LcGZQEuiXwHdO3kXB8qDpvDyeyhpow8V,"German, French, Spanish",,,14/07/2025,10/07/2025,,https://www.amazon.com/gp/video/detail/B0FGJJ38MF,https://www.amazon.co.uk/gp/video/detail/B0FGJFVPSH,,,2025 LB Global Media,Box Brazil / FilmDoo / Reveel / IMDB /  Release Tracker,
Too Difficult,Tender Resistance,6,2023,Spain,Spanish,https://www.imdb.com/title/tt29472879/,77,2025,"Brazil, USA, UK, South Korea, Spain","Spanish, Portuguese, Korean, Russian, English",https://www.imdb.com/title/tt37764459/,Drama,,Jose Provencio,Jose Provencio,Jose Provencio; Aritz Kortabarria (Based on an idea by),Aritz Kortabarria (Eloi),"Eloy, a 26-year-old man, remembers his first homosexual experiences in his hometown, entering a journey full of subjectivity and the anecdotes that have marked him.","EN, ES",PG-13,"Mature themes regarding mental health, depression, and emotional distress.","Spain, Mental Health, Grief, Communication, Intimate Drama, Vulnerability, Relationships",LGBTQ,Drama,"Jose Provencio, Taisia Deeva, Seung-jae Lee, Aleksei Borovikov, Anderson Bardot","Anderson Bardot,  Seung-jae Lee, Chris Sonnenschein, Jose Provencio, Anna Gasparyan","Aritz Kortabarria, Jose Provencio, Taisia Deeva, Seung-jae Lee, Jacob Mueller, Aleksei Borovikov, Anderson Bardot","Seo-han Lee, Aritz Kortabarria, Nikita Kochnev, Anton Paraskiva, Markus Konká","In this collection of stories about men learning to stand up to prejudice and doubt, an anxious brother delays telling his sister the truth about his upcoming wedding, while a stern uncle takes drastic measures to ""make a man"" out of his closeted nephew.","An anxious brother delays telling his sister the truth about his upcoming wedding, an uncle takes drastic measures to ""make a man"" out of his closeted nephew, and a young man reflects on his turbulent teen years and the experiences that pushed him to leave his hometown behind. A powerful collection of shorts about the quiet ways in which we learn to stand up to prejudice and doubt.","English, French, German, Spanish",R,"Sexual Content. Contains sexually suggestive dancing and provocative physical performances. Also features mature themes of social erasure, transphobia, and the systemic struggle of marginalized bodies.","LGBTQ+, Transgender Cinema, Social Resistance, Performance Art, Identity, Urban Survival, Radical Love, Afrofuturism, Provocative, Body Politics, Global Shorts",Active,Gonella,sales@gonellaproductions.com ,Yes,https://www.dropbox.com/scl/fo/1bgbho0v3k6hwqlb5mh5k/h/LB%20GLOBAL%20MEDIA%20-%20NEW%20COMPILATIONS/Gonella?dl=0&preview=LB+Global+Media+Film+Distribution+Licence+Agreement+-+Gonella+23d+April+2025+(signed).pdf&subfolder_nav_tracking=1,14/07/2025,4,14/07/2029,Worldwide,,Worldwide,https://e.pcloud.link/publink/show?code=kZsqyvZzev2Gi0hA04hePBME5RNJjxjck9V,https://e.pcloud.link/publink/show?code=kZGtyvZkEGEvYR6gSuqy9gVPwkIyReQi66y,https://e.pcloud.link/publink/show?code=kZvtyvZVy1NLfXSAaJOiE0p8u57FVT8fFsV,https://e.pcloud.link/publink/show?code=kZ1qyvZ8swhSoiXHH434grmaOydqYzxqLtX,https://e.pcloud.link/publink/show?code=XZityvZfPg4ibcI6fBLBw22XVHRASIOFEdk,https://e.pcloud.link/publink/show?code=kZCLcGZguWJ99yimf8djaAJR94hjJ9T4wny,https://www.youtube.com/watch?v=rQPB4ClxQMQ,https://e.pcloud.link/publink/show?code=XZlLcGZJ049okMxY00EYgxLTTGssFLzWrSy,https://e.pcloud.link/publink/show?code=XZdLcGZTra0XRov78FuUuha9l45JL3sE0X7,https://e.pcloud.link/publink/show?code=XZ6LcGZQEuiXwHdO3kXB8qDpvDyeyhpow8V,"German, French, Spanish",,,14/07/2025,10/07/2025,,https://www.amazon.com/gp/video/detail/B0FGJJ38MF,https://www.amazon.co.uk/gp/video/detail/B0FGJFVPSH,,,2025 LB Global Media,Box Brazil / FilmDoo / Reveel / IMDB /  Release Tracker,
The Cure,Tender Resistance,13,2023,Georgia / UK / Russia,Russian,https://www.imdb.com/title/tt27830624/,77,2025,"Brazil, USA, UK, South Korea, Spain","Spanish, Portuguese, Korean, Russian, English",https://www.imdb.com/title/tt37764459/,Drama,"LGBTQ, Social Drama",Taisia Deeva,Anna Gasparyan,Taisia Deeva,Nikita Kochnev (Renal); Oleg Kamenshchikov (Uncle); Karina Pogosyan; Irina Pomozova,17-year-old Renal is brought to a sex worker by his uncle to prove his masculinity to his patriarchal father.,EN,R,"Strong themes of patriarchal abuse, depictions of sex work, and intense psychological pressure.","Russia, Toxic Masculinity, LGBTQ+, Patriarchal Oppression, Coming of Age, Social Drama, Masculinity",LGBTQ,Drama,"Jose Provencio, Taisia Deeva, Seung-jae Lee, Aleksei Borovikov, Anderson Bardot","Anderson Bardot,  Seung-jae Lee, Chris Sonnenschein, Jose Provencio, Anna Gasparyan","Aritz Kortabarria, Jose Provencio, Taisia Deeva, Seung-jae Lee, Jacob Mueller, Aleksei Borovikov, Anderson Bardot","Seo-han Lee, Aritz Kortabarria, Nikita Kochnev, Anton Paraskiva, Markus Konká","In this collection of stories about men learning to stand up to prejudice and doubt, an anxious brother delays telling his sister the truth about his upcoming wedding, while a stern uncle takes drastic measures to ""make a man"" out of his closeted nephew.","An anxious brother delays telling his sister the truth about his upcoming wedding, an uncle takes drastic measures to ""make a man"" out of his closeted nephew, and a young man reflects on his turbulent teen years and the experiences that pushed him to leave his hometown behind. A powerful collection of shorts about the quiet ways in which we learn to stand up to prejudice and doubt.","English, French, German, Spanish",R,"Sexual Content. Contains sexually suggestive dancing and provocative physical performances. Also features mature themes of social erasure, transphobia, and the systemic struggle of marginalized bodies.","LGBTQ+, Transgender Cinema, Social Resistance, Performance Art, Identity, Urban Survival, Radical Love, Afrofuturism, Provocative, Body Politics, Global Shorts",Active,Gonella,sales@gonellaproductions.com ,Yes,https://www.dropbox.com/scl/fo/1bgbho0v3k6hwqlb5mh5k/h/LB%20GLOBAL%20MEDIA%20-%20NEW%20COMPILATIONS/Gonella?dl=0&preview=LB+Global+Media+Film+Distribution+Licence+Agreement+-+Gonella+23d+April+2025+(signed).pdf&subfolder_nav_tracking=1,14/07/2025,4,14/07/2029,Worldwide,,Worldwide,https://e.pcloud.link/publink/show?code=kZV6yvZS5fAviGSsiysGpOcfMfVTS0OWWS7,https://e.pcloud.link/publink/show?code=kZF6yvZ74HcGUq02F7oQ2jNy5y4d5PblLR7,https://e.pcloud.link/publink/show?code=kZPEyvZR4qQT3L3Tn5jcaqfAs47EmAFejCX,https://e.pcloud.link/publink/show?code=XZJ6yvZDGRVdM6OUGYuqv9a0oEGTmSrYOLV,https://e.pcloud.link/publink/show?code=XZxEyvZmMv8v6P82TYW3fQBD4NfsB1kn5kk,https://e.pcloud.link/publink/show?code=kZCLcGZguWJ99yimf8djaAJR94hjJ9T4wny,https://www.youtube.com/watch?v=rQPB4ClxQMQ,https://e.pcloud.link/publink/show?code=XZlLcGZJ049okMxY00EYgxLTTGssFLzWrSy,https://e.pcloud.link/publink/show?code=XZdLcGZTra0XRov78FuUuha9l45JL3sE0X7,https://e.pcloud.link/publink/show?code=XZ6LcGZQEuiXwHdO3kXB8qDpvDyeyhpow8V,"German, French, Spanish",,,14/07/2025,10/07/2025,,https://www.amazon.com/gp/video/detail/B0FGJJ38MF,https://www.amazon.co.uk/gp/video/detail/B0FGJFVPSH,,,2025 LB Global Media,Box Brazil / FilmDoo / Reveel / IMDB /  Release Tracker,
Nivel Dios,Girls Will Be,12,2023,Spain,Spanish,https://www.imdb.com/title/tt22491934/,104,2025,"France, Spain","French, Spanish",https://www.imdb.com/title/tt41944659/,Comedy,"Drama, Coming-of-Age, Satire",César Tormo,Ana Torrijo; Camila Escobar (Executive Producers),Alejandro Tortajada,Ada Tormo (Laura); José Sospedra (Teacher); Manolo Solo; Alejandra Lifante (Monjita Margarita),"Laura, a whimsical 16-year old teenager is in love with her young and attractive Religion teacher and will experience an excessive spiritual awakening that will lead her to lose her mind.",EN,PG-13,"Teenage rebellion, religious satire, and obsessive romantic themes.","Spain, Satire, Religion, Teenage Crush, Coming of Age, Comedy, Obsession, Student-Teacher",Drama,Coming of Age,"César Tormo, Florence Bamba, Mathilde Profit, Lucie Prost, Louise Condemi","Ana Torrijo; Camila Escobar, Lucie Prost, Hugo Lagorce, Jeanne Ezvan; Marthe Lamy, Jeanne Ezvan","Alejandro Tortajada, Florence Bamba, Maxime Berthemy, Mathilde Profit, Lucie Prost, Louise Condemi","Ada Tormo, Assa Sylla, Luna Carpiaux, Léonie Souchaud, Capucine Valmary","In this collection of female-led tales, a high schooler harbors messy feelings for her new religious teacher, a headstrong teen pursues her love of football, and a father takes one last trip with his daughter before she begins her new life as a student.
","A whimsical high schooler harbors complicated feelings for her new religious teacher, a headstrong teen pursues her love of football despite her father’s objections, and a father takes one last trip with his daughter before she begins her new life as a student. A collection of stories about girls learning to make their own choices as they embrace the messiness of growing up.",English,PG-13,"Mature themes involving adolescent rebellion, gender performance, social expectations, and the emotional complexities of female relationships.","Female-Focused, Coming-of-Age, Sisterhood, Identity, Rebellion, Gender Roles, Youth, Social Pressure, Empowerment, Growing Up, Emotional Realism, Girlhood",Active,ECAM,distribucion@ecam.es,Yes,Dropbox - Gonella,28/08/2025,3,28/08/2028,All countries except those mentioned in Geo-Restrictions,"Excluding Austria, Belgium, Bulgaria, Croatia, Republic of Cyprus, Czech Republic, Denmark, Estonia, Finland, France, Greece, Hungary, Italy, Latvia, Lithuania, Luxembourg, Malta, Netherlands, Poland, Portugal, Romania, Slovakia, Slovenia, Spain and Sweden","Worldwide excluding Austria, Belgium, Bulgaria, Croatia, Republic of Cyprus, Czech Republic, Denmark, Estonia, Finland, France, Greece, Hungary, Italy, Latvia, Lithuania, Luxembourg, Malta, Netherlands, Poland, Portugal, Romania, Slovakia, Slovenia, Spain and Sweden",https://www.dropbox.com/scl/fo/ho11qh4b1vxsqxkjzilt6/ANGb4s_10p72hFxYotYUKVQ?rlkey=d2m13haab39l5r0bche1cjcn9&st=56znwb8i&dl=0,https://www.dropbox.com/scl/fo/k6yvebz1yofmi4osc65fz/AKcCQwV0S8H3tN8sfcAL7q0?rlkey=kokum3689ddzrbo5x95ydj8wk&st=g3hrijp0&dl=0,https://www.dropbox.com/scl/fi/vpizykgdgkwz7tnsyqavf/NivelDios_EN.srt?rlkey=6ei40d3smugh9upoi1iz4eed2&st=izmvak9v&dl=0,https://www.dropbox.com/scl/fi/8judm033pmedzb459z3q0/NivelDios_Trailer_English.mp4?rlkey=sd5rodkeut11jthomiy87p6us&st=fgydu8ky&dl=0,https://www.dropbox.com/scl/fi/srblda5p47qz3mq0rf3f1/Niveldios_digitalcartel.jpg?rlkey=3eqrrz6m7cclyqden0v40w5sm&st=n5x78xju&dl=0,https://www.dropbox.com/scl/fo/pre1c0dsfwpjrry3ia0mp/AN8A-E9XIQ3oVm_CrLwTLN0?rlkey=dsxb7rgmx5dixy3aoq8j286pg&st=xdc0k38x&dl=0,https://www.youtube.com/watch?v=i2jD_MLKY3o,https://www.dropbox.com/scl/fi/slellignjrt4qvshzmb4p/Girls-Will-Be-10GB.mp4?rlkey=q3naelpgds9y6bq9ymruegf4w&st=6b61krda&dl=0,https://www.dropbox.com/scl/fi/3fzk5erbs85ba01lsc6kw/Girls_Will_Be_-FILMDOO-ASSEMBLY-_-eng-subs.srt?rlkey=b919blfrukuwr7y1eczp5snu1&st=xlpnz7yh&dl=0,https://www.dropbox.com/scl/fi/elb57ii71j264airs9h4o/GIRLS_WILL_BE_poster_1200x1600-No-Logo.png?rlkey=e7yo8h1tdj4kki9op20lzkx5i&st=iwa0n4a1&dl=0,"German
(Girls Will Be (translator advised sticking with English title; comp was released in Germany by adding German metadata to the original page, rather than creating a separate page)",,,29/08/2025,28/08/2025,,https://www.amazon.com/gp/video/detail/B0FNDTTNST,https://www.amazon.co.uk/gp/video/detail/B0FNDV3F9B,https://tubitv.com/movies/100051235/girls-will-be,https://fawesome.tv/movies/10743728/girls-will-be,2025 LB Global Media,Box Brazil / FilmDoo / Reveel / IMDB /  Release Tracker,
Va dans les bois / Go to the woods,Girls Will Be,25,2021,France,French,https://www.imdb.com/fr/title/tt16965094/,104,2025,"France, Spain","French, Spanish",https://www.imdb.com/title/tt41944659/,Thriller,"Drama, Coming-of-Age, Social Realism",Lucie Prost,Lucie Prost,Lucie Prost,Léonie Souchaud (Maria); Nicolas Godart (Vincent); Bilel Chegrani (Bilel); Laurent Giroud (The Father); Pasquale D'Inca (The Swiss Trafficker),"In the Haut-Jura region, 15-year-old Maria looks after her father's sled dogs and watches videos of teenagers skateboarding. One evening, she secretly follows Vincent to the caravan where he lives.","EN, FR",R,"Strong tension, depictions of criminal activity, and peril involving minors.","France, Border, Smuggling, Thriller, Coming of Age, Rebellion, Jura Mountains, Forest, Social Realism",Drama,Coming of Age,"César Tormo, Florence Bamba, Mathilde Profit, Lucie Prost, Louise Condemi","Ana Torrijo; Camila Escobar, Lucie Prost, Hugo Lagorce, Jeanne Ezvan; Marthe Lamy, Jeanne Ezvan","Alejandro Tortajada, Florence Bamba, Maxime Berthemy, Mathilde Profit, Lucie Prost, Louise Condemi","Ada Tormo, Assa Sylla, Luna Carpiaux, Léonie Souchaud, Capucine Valmary","In this collection of female-led tales, a high schooler harbors messy feelings for her new religious teacher, a headstrong teen pursues her love of football, and a father takes one last trip with his daughter before she begins her new life as a student.
","A whimsical high schooler harbors complicated feelings for her new religious teacher, a headstrong teen pursues her love of football despite her father’s objections, and a father takes one last trip with his daughter before she begins her new life as a student. A collection of stories about girls learning to make their own choices as they embrace the messiness of growing up.",English,PG-13,"Mature themes involving adolescent rebellion, gender performance, social expectations, and the emotional complexities of female relationships.","Female-Focused, Coming-of-Age, Sisterhood, Identity, Rebellion, Gender Roles, Youth, Social Pressure, Empowerment, Growing Up, Emotional Realism, Girlhood",Active,Manifest Pictures,manifest@manifest.pictures,No,,28/08/2025,3,28/08/2028,All countries except those mentioned in Geo-Restrictions,"Excluding Austria, Belgium, Bulgaria, Croatia, Republic of Cyprus, Czech Republic, Denmark, Estonia, Finland, France, Greece, Hungary, Italy, Latvia, Lithuania, Luxembourg, Malta, Netherlands, Poland, Portugal, Romania, Slovakia, Slovenia, Spain and Sweden","Worldwide excluding Austria, Belgium, Bulgaria, Croatia, Republic of Cyprus, Czech Republic, Denmark, Estonia, Finland, France, Greece, Hungary, Italy, Latvia, Lithuania, Luxembourg, Malta, Netherlands, Poland, Portugal, Romania, Slovakia, Slovenia, Spain and Sweden",https://www.dropbox.com/scl/fo/bnpbbfe6bl44vy3ue43kf/ACGoM6lI1-CUGc-_GIRR__o?rlkey=dspkpnp4jqohpwt5d6tv9qf7l&st=5zy6w3oa&dl=0,https://www.dropbox.com/scl/fi/z701j6bw8x7ay1xd2u90b/VaDansLesbois_FR-XX_Apr422HQ_1080p24_Rec709g24_MixStereoBR_20210709.mov?rlkey=q5vv6q7839vkw3x2qesio8q6d&st=mfjgm423&dl=0,https://www.dropbox.com/scl/fi/o1guuv2ibwaz8kpkuw2f4/EN_VaDansLesBois_SHR_24_HD-185_FR-FIXED.srt?rlkey=b010eats64revy884vbpes0ca&st=qfv3nlgy&dl=0,https://www.dropbox.com/scl/fi/timv7ke9riutyxuvsappa/teaser_va_dans_les_bois_-_lucie_prost_-_folle_allure_-_vosta-1080p.mp4?rlkey=g142luokk5jfnoxa4nqnwj7d6&st=ryhlqn9q&dl=0,https://www.dropbox.com/scl/fi/hp9294yyu3l8ta6fhe4f8/Affiche-VaDansLesBois-4.jpg?rlkey=bk2p548amxsof3sjx8y6l2lhd&st=g9wnlnow&dl=0,https://www.dropbox.com/scl/fo/pre1c0dsfwpjrry3ia0mp/AN8A-E9XIQ3oVm_CrLwTLN0?rlkey=dsxb7rgmx5dixy3aoq8j286pg&st=xdc0k38x&dl=0,https://www.youtube.com/watch?v=i2jD_MLKY3o,https://www.dropbox.com/scl/fi/slellignjrt4qvshzmb4p/Girls-Will-Be-10GB.mp4?rlkey=q3naelpgds9y6bq9ymruegf4w&st=6b61krda&dl=0,https://www.dropbox.com/scl/fi/3fzk5erbs85ba01lsc6kw/Girls_Will_Be_-FILMDOO-ASSEMBLY-_-eng-subs.srt?rlkey=b919blfrukuwr7y1eczp5snu1&st=xlpnz7yh&dl=0,https://www.dropbox.com/scl/fi/elb57ii71j264airs9h4o/GIRLS_WILL_BE_poster_1200x1600-No-Logo.png?rlkey=e7yo8h1tdj4kki9op20lzkx5i&st=iwa0n4a1&dl=0,German,,,29/08/2025,28/08/2025,,https://www.amazon.com/gp/video/detail/B0FNDTTNST,https://www.amazon.co.uk/gp/video/detail/B0FNDV3F9B,https://tubitv.com/movies/100051235/girls-will-be,https://fawesome.tv/movies/10743728/girls-will-be,2025 LB Global Media,Box Brazil / FilmDoo / Reveel / IMDB /  Release Tracker,
Number 10,Girls Will Be,14,2019,France,French,https://www.imdb.com/title/tt12824358/,104,2025,"France, Spain","French, Spanish",https://www.imdb.com/title/tt41944659/,Drama,"Sports, Coming-of-Age",Florence Bamba,Hugo Lagorce,Florence Bamba,Gigi Dia (Aicha); Assa Sylla (Awa); Ricky Tribord (Moussa); Prisca Marceleney,Awa studies law and loves to play football. She trains regularly with her friends but is met with dissatisfaction from her father. Can she make him understand how much football means to her?,EN,PG-13,"Cultural conflict, family tension, and mature discussions of gender roles.","France, Senegal, Football, Sports Drama,  West African Diaspora, Female Agency, Family Conflict",Drama,Coming of Age,"César Tormo, Florence Bamba, Mathilde Profit, Lucie Prost, Louise Condemi","Ana Torrijo; Camila Escobar, Lucie Prost, Hugo Lagorce, Jeanne Ezvan; Marthe Lamy, Jeanne Ezvan","Alejandro Tortajada, Florence Bamba, Maxime Berthemy, Mathilde Profit, Lucie Prost, Louise Condemi","Ada Tormo, Assa Sylla, Luna Carpiaux, Léonie Souchaud, Capucine Valmary","In this collection of female-led tales, a high schooler harbors messy feelings for her new religious teacher, a headstrong teen pursues her love of football, and a father takes one last trip with his daughter before she begins her new life as a student.
","A whimsical high schooler harbors complicated feelings for her new religious teacher, a headstrong teen pursues her love of football despite her father’s objections, and a father takes one last trip with his daughter before she begins her new life as a student. A collection of stories about girls learning to make their own choices as they embrace the messiness of growing up.",English,PG-13,"Mature themes involving adolescent rebellion, gender performance, social expectations, and the emotional complexities of female relationships.","Female-Focused, Coming-of-Age, Sisterhood, Identity, Rebellion, Gender Roles, Youth, Social Pressure, Empowerment, Growing Up, Emotional Realism, Girlhood",Active,Manifest Pictures,manifest@manifest.pictures,No,,28/08/2025,3,28/08/2028,Worldwide,,"Worldwide excluding Austria, Belgium, Bulgaria, Croatia, Republic of Cyprus, Czech Republic, Denmark, Estonia, Finland, France, Greece, Hungary, Italy, Latvia, Lithuania, Luxembourg, Malta, Netherlands, Poland, Portugal, Romania, Slovakia, Slovenia, Spain and Sweden",https://www.dropbox.com/scl/fo/0hc0tjfnm6faffl0j2nk6/AJFL99ebyLk6NNdEMzlIeq4?rlkey=pslfm7q8u3elb6z8ccvfqd310&st=bfiw979u&dl=0,https://www.dropbox.com/scl/fi/sohzx8tf7om8bt4397jt8/NUMERO10_MASTER.mov?rlkey=5z253axyb2jw39bxf5pgv30xm&st=xx2rwl4a&dl=0,https://www.dropbox.com/scl/fi/52hkge5672d199ol1twrg/NUMERO10_VOSTEN_141019.srt?rlkey=er6po0o82qxhjg8syhqu349nj&st=j14169fd&dl=0,,https://www.dropbox.com/scl/fi/q794z8hn0nb0uf0dv1ggu/Poster-Numero-10.jpg?rlkey=mjimjv3vm3cknz8vmcz6npbh0&st=bkvvglm1&dl=0,https://www.dropbox.com/scl/fo/pre1c0dsfwpjrry3ia0mp/AN8A-E9XIQ3oVm_CrLwTLN0?rlkey=dsxb7rgmx5dixy3aoq8j286pg&st=xdc0k38x&dl=0,https://www.youtube.com/watch?v=i2jD_MLKY3o,https://www.dropbox.com/scl/fi/slellignjrt4qvshzmb4p/Girls-Will-Be-10GB.mp4?rlkey=q3naelpgds9y6bq9ymruegf4w&st=6b61krda&dl=0,https://www.dropbox.com/scl/fi/3fzk5erbs85ba01lsc6kw/Girls_Will_Be_-FILMDOO-ASSEMBLY-_-eng-subs.srt?rlkey=b919blfrukuwr7y1eczp5snu1&st=xlpnz7yh&dl=0,https://www.dropbox.com/scl/fi/elb57ii71j264airs9h4o/GIRLS_WILL_BE_poster_1200x1600-No-Logo.png?rlkey=e7yo8h1tdj4kki9op20lzkx5i&st=iwa0n4a1&dl=0,German,,,29/08/2025,28/08/2025,,https://www.amazon.com/gp/video/detail/B0FNDTTNST,https://www.amazon.co.uk/gp/video/detail/B0FNDV3F9B,https://tubitv.com/movies/100051235/girls-will-be,https://fawesome.tv/movies/10743728/girls-will-be,2025 LB Global Media,Box Brazil / FilmDoo / Reveel / IMDB /  Release Tracker,
Un adieu,Girls Will Be,24,2019,France,French,https://www.imdb.com/title/tt10747292/,104,2025,"France, Spain","French, Spanish",https://www.imdb.com/title/tt41944659/,Drama,Coming-of-Age,Mathilde Profit,Jeanne Ezvan; Marthe Lamy,Mathilde Profit; Maxime Berthemy,Luna Carpiaux (Léa); Satya Dusaugey (The Father); Marc Henry Permeggiani (Ulysse),"A car drives along the French coasts. Inside, a father takes his daughter to Paris to begin her student life, a new life in an unknown city, far from her childhood and far from him. This one to one journey is their first, maybe their last. Nothing seems exceptional but both of them know they'll have to say goodbye.",EN,PG,Emotional themes related to family and moving away; suitable for a general audience.,"Father-Daughter Relationship. France, Paris, Father-Daughter, Student Life, Independence, Road Trip, Melancholy, Transition",Drama,Coming of Age,"César Tormo, Florence Bamba, Mathilde Profit, Lucie Prost, Louise Condemi","Ana Torrijo; Camila Escobar, Lucie Prost, Hugo Lagorce, Jeanne Ezvan; Marthe Lamy, Jeanne Ezvan","Alejandro Tortajada, Florence Bamba, Maxime Berthemy, Mathilde Profit, Lucie Prost, Louise Condemi","Ada Tormo, Assa Sylla, Luna Carpiaux, Léonie Souchaud, Capucine Valmary","In this collection of female-led tales, a high schooler harbors messy feelings for her new religious teacher, a headstrong teen pursues her love of football, and a father takes one last trip with his daughter before she begins her new life as a student.
","A whimsical high schooler harbors complicated feelings for her new religious teacher, a headstrong teen pursues her love of football despite her father’s objections, and a father takes one last trip with his daughter before she begins her new life as a student. A collection of stories about girls learning to make their own choices as they embrace the messiness of growing up.",English,PG-13,"Mature themes involving adolescent rebellion, gender performance, social expectations, and the emotional complexities of female relationships.","Female-Focused, Coming-of-Age, Sisterhood, Identity, Rebellion, Gender Roles, Youth, Social Pressure, Empowerment, Growing Up, Emotional Realism, Girlhood",Active,Wombat Films,qdaniel@me.com,No,,28/08/2025,3,28/08/2028,All countries except those mentioned in Geo-Restrictions,"Excluding Austria, Belgium, Bulgaria, Croatia, Republic of Cyprus, Czech Republic, Denmark, Estonia, Finland, France, Greece, Hungary, Italy, Latvia, Lithuania, Luxembourg, Malta, Netherlands, Poland, Portugal, Romania, Slovakia, Slovenia, Spain and Sweden.","Worldwide excluding Austria, Belgium, Bulgaria, Croatia, Republic of Cyprus, Czech Republic, Denmark, Estonia, Finland, France, Greece, Hungary, Italy, Latvia, Lithuania, Luxembourg, Malta, Netherlands, Poland, Portugal, Romania, Slovakia, Slovenia, Spain and Sweden",https://www.dropbox.com/scl/fo/x71yv1ayt270d4ee6z9b6/AOvBpbgahnrZy2yOKmVECRw?rlkey=h2q13kz1nmmiy1ck33eqvxzh8&st=klfwfg16&dl=0,https://www.dropbox.com/scl/fi/bkqfq41qs7xsotbg2i55k/UN-ADIEU_MIXTV_HD_PRORES422HQ.mov?rlkey=yepryazip2djrjja9z4ma5476&st=saii68sw&dl=00,https://www.dropbox.com/scl/fi/gqcdfu5cgals5r0umya0b/181116_UN-ADIEU_Vdef_EN2.srt?rlkey=wie3zt9xgglqcbsr7g10qbph6&st=utvliprk&dl=0,,https://www.dropbox.com/scl/fi/4t72zawyxomtkx50c4klr/Affiche_UN-ADIEU_Sans-logos.jpg?rlkey=9y4mh99zgqzb7epacg13vjuy1&st=yo3nxn0b&dl=0,https://www.dropbox.com/scl/fo/pre1c0dsfwpjrry3ia0mp/AN8A-E9XIQ3oVm_CrLwTLN0?rlkey=dsxb7rgmx5dixy3aoq8j286pg&st=xdc0k38x&dl=0,https://www.youtube.com/watch?v=i2jD_MLKY3o,https://www.dropbox.com/scl/fi/slellignjrt4qvshzmb4p/Girls-Will-Be-10GB.mp4?rlkey=q3naelpgds9y6bq9ymruegf4w&st=6b61krda&dl=0,https://www.dropbox.com/scl/fi/3fzk5erbs85ba01lsc6kw/Girls_Will_Be_-FILMDOO-ASSEMBLY-_-eng-subs.srt?rlkey=b919blfrukuwr7y1eczp5snu1&st=xlpnz7yh&dl=0,https://www.dropbox.com/scl/fi/elb57ii71j264airs9h4o/GIRLS_WILL_BE_poster_1200x1600-No-Logo.png?rlkey=e7yo8h1tdj4kki9op20lzkx5i&st=iwa0n4a1&dl=0,German,,,29/08/2025,28/08/2025,,https://www.amazon.com/gp/video/detail/B0FNDTTNST,https://www.amazon.co.uk/gp/video/detail/B0FNDV3F9B,https://tubitv.com/movies/100051235/girls-will-be,https://fawesome.tv/movies/10743728/girls-will-be,2025 LB Global Media,Box Brazil / FilmDoo / Reveel / IMDB /  Release Tracker,
"Romance, abscisse et ordonnée",Girls Will Be,27,2019,France,French,https://www.imdb.com/title/tt14180130/,104,2025,"France, Spain","French, Spanish",https://www.imdb.com/title/tt41944659/,Comedy,"Drama, Coming-of-Age",Louise Condemi,Jeanne Ezvan; Marthe Lamy,Louise Condemi,Capucine Valmary (Romane); Lucien Arnaud (Diego); Clara Benador (Inès); Alix de Kermoysan (Juliette),"A new haircut. A look. And the horrendous routine of high school becomes an odyssey of love for 16-year-old Romane. But Diego is as good-looking as he is cowardly, and love is as sweet as it is cruel.",EN,PG-13,"Teenage social dynamics, mild language, and coming-of-age romantic themes.","France, High School, Romance, Geometry, Social Status, Teen Comedy, Coming of Age",Drama,Coming of Age,"César Tormo, Florence Bamba, Mathilde Profit, Lucie Prost, Louise Condemi","Ana Torrijo; Camila Escobar, Lucie Prost, Hugo Lagorce, Jeanne Ezvan; Marthe Lamy, Jeanne Ezvan","Alejandro Tortajada, Florence Bamba, Maxime Berthemy, Mathilde Profit, Lucie Prost, Louise Condemi","Ada Tormo, Assa Sylla, Luna Carpiaux, Léonie Souchaud, Capucine Valmary","In this collection of female-led tales, a high schooler harbors messy feelings for her new religious teacher, a headstrong teen pursues her love of football, and a father takes one last trip with his daughter before she begins her new life as a student.","A whimsical high schooler harbors complicated feelings for her new religious teacher, a headstrong teen pursues her love of football despite her father’s objections, and a father takes one last trip with his daughter before she begins her new life as a student. A collection of stories about girls learning to make their own choices as they embrace the messiness of growing up.",English,PG-13,"Mature themes involving adolescent rebellion, gender performance, social expectations, and the emotional complexities of female relationships.","Female-Focused, Coming-of-Age, Sisterhood, Identity, Rebellion, Gender Roles, Youth, Social Pressure, Empowerment, Growing Up, Emotional Realism, Girlhood",Active,Wombat Films,qdaniel@me.com,No,,28/08/2025,3,28/08/2028,All countries except those mentioned in Geo-Restrictions,"Excluding Austria, Belgium, Bulgaria, Croatia, Republic of Cyprus, Czech Republic, Denmark, Estonia, Finland, France, Greece, Hungary, Italy, Latvia, Lithuania, Luxembourg, Malta, Netherlands, Poland, Portugal, Romania, Slovakia, Slovenia, Spain and Sweden.","Worldwide excluding Austria, Belgium, Bulgaria, Croatia, Republic of Cyprus, Czech Republic, Denmark, Estonia, Finland, France, Greece, Hungary, Italy, Latvia, Lithuania, Luxembourg, Malta, Netherlands, Poland, Portugal, Romania, Slovakia, Slovenia, Spain and Sweden",https://www.dropbox.com/scl/fo/2sqkj8qx73ps0r9gd7bwb/ALz91IlXbaynA50rsf3Wbmo?rlkey=oirnp1byhkkga7h305p15bq1l&st=aqp9fau6&dl=0,https://www.dropbox.com/scl/fi/jaaxsf5ofzs20vvx6sw6v/RomanceAbscisseEtOrdonnee_SHR_PRHQ_1080-166_25p_OV-20_XX_20191211-M14.mov?rlkey=5m5iisxbblalf1jfh6ssxy0bp&st=payk773g&dl=0,https://www.dropbox.com/scl/fi/v82tj9j16aloqib7ny36e/Romance-Abcisse-et-Ordonnee_Condemi_sous-titres-EN.srt?rlkey=0oyhj2qp3d4c1k8nkbzgoejvr&st=62gjzayf&dl=0,,https://www.dropbox.com/scl/fi/8oiyah1htzytal9owhgsr/Affiche_RAO_Officielle.jpg?rlkey=kw1e512lqclx7xfqypx4e89ol&st=b33avf0v&dl=0,https://www.dropbox.com/scl/fo/pre1c0dsfwpjrry3ia0mp/AN8A-E9XIQ3oVm_CrLwTLN0?rlkey=dsxb7rgmx5dixy3aoq8j286pg&st=xdc0k38x&dl=0,https://www.youtube.com/watch?v=i2jD_MLKY3o,https://www.dropbox.com/scl/fi/slellignjrt4qvshzmb4p/Girls-Will-Be-10GB.mp4?rlkey=q3naelpgds9y6bq9ymruegf4w&st=6b61krda&dl=0,https://www.dropbox.com/scl/fi/3fzk5erbs85ba01lsc6kw/Girls_Will_Be_-FILMDOO-ASSEMBLY-_-eng-subs.srt?rlkey=b919blfrukuwr7y1eczp5snu1&st=xlpnz7yh&dl=0,https://www.dropbox.com/scl/fi/elb57ii71j264airs9h4o/GIRLS_WILL_BE_poster_1200x1600-No-Logo.png?rlkey=e7yo8h1tdj4kki9op20lzkx5i&st=iwa0n4a1&dl=0,German,,,29/08/2025,28/08/2025,,https://www.amazon.com/gp/video/detail/B0FNDTTNST,https://www.amazon.co.uk/gp/video/detail/B0FNDV3F9B,https://tubitv.com/movies/100051235/girls-will-be,https://fawesome.tv/movies/10743728/girls-will-be,2025 LB Global Media,Box Brazil / FilmDoo / Reveel / IMDB /  Release Tracker,
Autarky,Beyond Our End,15,2021,Poland,Polish,,98,2025,"Israel, Canada, France, USA","Hebrew, French, English",https://www.imdb.com/title/tt41799319/,Sci-Fi,"LGBTQ, Drama",Jan Orszulak,Maciej Slesicki,Jan Orszulak,"Magdalena Walkiewicz, Ada Chełmińska, Piotr Kurcewicz, Krzysztof Maik, Krzysztof Skrzypek","A young artist and her girlfriend are forcibly locked at home by an unspecified threat, which puts their feelings to the test.
",EN,PG-13,"Mature themes involving psychological confinement, survivalist tension, and the strain of isolation on a romantic relationship.","Polish Cinema, Drama, LGBTQ+, Psychological, Survival, Isolation, Dystopian, Relationship, Tension, Confinement, Allegory, Short Film",LGBT,"Science Fiction, Drama","Jan Orszulak, Frédéric Rosset, Coralie Watanabe Prosper, Kryzz Gautier","Maciej Slesicki Bastien Daret, Garance Cosimano, Maya Butler","Jan Orszulak, Frédéric Rosset, Coralie Watanabe Prosper, Kryzz Gautier","Magdalena Walkiewicz, Allison Chassagne, Isaline Prévost Radeff, Wilder Yari, Jess Adams","An intimate collection of five poignant stories about the resilience of the heart in a broken future. From high-tech memory erasure to digital simulations of desire, these bittersweet tales explore the raw drama of love reaching its turning point at the edge of the world.","Two lovers in the midst of a breakup discuss which memories to keep and which to erase, a young couple finds their relationship tested when a national crisis forces them indoors together, and a Japanese citizen grapples with the demands of the immigration office so that she may stay with her wife in France. Delve into a broken future with 5 bittersweet tales of lost connections and new beginnings.
","English, English HOH",R,"Features digital simulations of desire, physical intimacy, and nudity. Mature themes include memory erasure, societal collapse, and the psychological trauma of isolation.","Sci-Fi, LGBTQ+, Gay, Dystopian, Technology, Memory Loss, Digital Intimacy, Future, Resilience, Isolation, Cyberpunk, Bittersweet, Short Film Collection",Active,Gonella,sales@gonellaproductions.com ,No,https://www.dropbox.com/scl/fo/1bgbho0v3k6hwqlb5mh5k/h/LB%20GLOBAL%20MEDIA%20-%20NEW%20COMPILATIONS/Gonella?dl=0&preview=LB+Global+Media+Film+Distribution+Licence+Agreement+-+Gonella+-+August+2025+(countersigned).pdf&subfolder_nav_tracking=1,23/12/2025,3,23/12/2028,Worldwide,,Worldwide excluding France,https://e.pcloud.link/publink/show?code=kZdEyvZJwzWusFByTh5pxJLAgCtakYUaEHy,https://e.pcloud.link/publink/show?code=XZ3EyvZzeeWg93tH5QdebniNBRmwzmSU7LX,https://e.pcloud.link/publink/show?code=kZIEyvZYTUNrsEccaSbFN1Sd8bWHFUU9r9k,https://e.pcloud.link/publink/show?code=XZOEyvZEwyJObjFrX5w622c471YFYcYp2gk,https://e.pcloud.link/publink/show?code=XZGEyvZd7ki3mhorrpjLTMHGai0B0itHO0V,https://e.pcloud.link/publink/show?code=kZH4cGZ4xg8Ap3545L5Wjv7XtJJEkBHSbvV,https://www.youtube.com/watch?v=qLOo0nUOGnU,https://e.pcloud.link/publink/show?code=XZ44cGZFWCvrPDKpSyizSJjVe68X4VRqIzX,https://e.pcloud.link/publink/show?code=XZb4cGZrlGFsoT6p5f7fKPr7SzieFiCgspy,https://e.pcloud.link/publink/show?code=XZS4cGZl9UT0HtIxXhitB0GD8K72h0HBFPk,,,,23/12/2025,23/12/2025,,https://www.amazon.com/gp/video/detail/B0G6RLRV3V,https://www.amazon.co.uk/gp/video/detail/B0G6R1PNLT,,,2025 LB Global Media,Box Brazil / FilmDoo / Reveel /Release Tracker,
Life in Canada / La vie au Canada,Beyond Our End,23,2023,France,French,https://www.imdb.com/title/tt28259280/,98,2025,"Israel, Canada, France, USA","Hebrew, French, English",https://www.imdb.com/title/tt41799319/,Comedy,"Drama, LGBTQ+",Frédéric Rosset,"Bastien Daret, Arthur Goisset, Robin Robles",Frédéric Rosset,"Allison Chassagne (Sarah), Sarah Zapata (Hermione), Sébastien Chassagne (Yann), Philippe Rebbot (Tony), Guilaine Londez (Marianne), Chloé Larrère (Lise)","Sarah, in her thirties, returns to her family home for her parents' wedding anniversary. While the family gathers to celebrate, Sarah's secret—that she has actually broken up with her girlfriend who everyone believes is waiting for her in Canada—threatens to surface amidst the chaotic and bittersweet festivities.",EN,PG-13,"Features mature themes regarding family dynamics, the pressure of ""coming out"" about life failures, and social awkwardness.","French Cinema, LGBTQ+, Lesbian, Family Reunion, Anniversary, Secret, Breakup, Social Pressure, Bittersweet, Comedy-Drama, Modern Family",LGBT,"Science Fiction, Drama","Jan Orszulak, Frédéric Rosset, Coralie Watanabe Prosper, Kryzz Gautier","Maciej Slesicki Bastien Daret, Garance Cosimano, Maya Butler","Jan Orszulak, Frédéric Rosset, Coralie Watanabe Prosper, Kryzz Gautier","Magdalena Walkiewicz, Allison Chassagne, Isaline Prévost Radeff, Wilder Yari, Jess Adams","An intimate collection of five poignant stories about the resilience of the heart in a broken future. From high-tech memory erasure to digital simulations of desire, these bittersweet tales explore the raw drama of love reaching its turning point at the edge of the world.","Two lovers in the midst of a breakup discuss which memories to keep and which to erase, a young couple finds their relationship tested when a national crisis forces them indoors together, and a Japanese citizen grapples with the demands of the immigration office so that she may stay with her wife in France. Delve into a broken future with 5 bittersweet tales of lost connections and new beginnings.
","English, English HOH",R,"Features digital simulations of desire, physical intimacy, and nudity. Mature themes include memory erasure, societal collapse, and the psychological trauma of isolation.","Sci-Fi, LGBTQ+, Gay, Dystopian, Technology, Memory Loss, Digital Intimacy, Future, Resilience, Isolation, Cyberpunk, Bittersweet, Short Film Collection",Active,Manifest Pictures,manifest@manifest.pictures,No,,23/12/2025,3,23/12/2028,Worldwide,,Worldwide excluding France,https://e.pcloud.link/publink/show?code=kZrEyvZC5mzGsJGwimXllJzUdJgYQ4aeHnX,https://e.pcloud.link/publink/show?code=kZvOyvZWB3JDHi3rtXBcCi3eOK2VFc0AaEk,https://e.pcloud.link/publink/show?code=kZvOyvZWB3JDHi3rtXBcCi3eOK2VFc0AaEk,https://e.pcloud.link/publink/show?code=kZtOyvZRFo9nNjms0jv7Piq10Ns2BpBE7s7,https://e.pcloud.link/publink/show?code=XZsIyvZRVH2bp4Wb4mm4lf2n9Dd20tvAryV,https://e.pcloud.link/publink/show?code=kZH4cGZ4xg8Ap3545L5Wjv7XtJJEkBHSbvV,https://www.youtube.com/watch?v=qLOo0nUOGnU,https://e.pcloud.link/publink/show?code=XZ44cGZFWCvrPDKpSyizSJjVe68X4VRqIzX,https://e.pcloud.link/publink/show?code=XZb4cGZrlGFsoT6p5f7fKPr7SzieFiCgspy,https://e.pcloud.link/publink/show?code=XZS4cGZl9UT0HtIxXhitB0GD8K72h0HBFPk,,,,23/12/2025,23/12/2025,,https://www.amazon.com/gp/video/detail/B0G6RLRV3V,https://www.amazon.co.uk/gp/video/detail/B0G6R1PNLT,,,2025 LB Global Media,Box Brazil / FilmDoo / Reveel / IMDB /  Release Tracker,
Kotowari,Beyond Our End,21,2024,"Switzerland, France",French,https://www.imdb.com/title/tt37087037/,98,2025,"Israel, Canada, France, USA","Hebrew, French, English",https://www.imdb.com/title/tt41799319/,Drama,"LGBTQ+, Romance",Coralie Watanabe Prosper,"Garance Cosimano, Marie Jaouen, Noé Charfi, Marc Irmer",Coralie Watanabe Prosper,"Isaline Prévost Radeff (Tom), Rei Watanabe (Saki)","After 2 years of waiting, Saki, a Japanese citizen, and her French wife Tom, are heading to the prefecture to finally pick up Saki's first residence permit. A daunting day awaits them, a day like many others at the immigration office.",EN,PG-13,"Mature themes regarding emotional longing, cultural displacement, and the melancholy of a long-distance connection.","Swiss Cinema, French-Japanese, LGBTQ+, Lesbian, Tokyo, Cultural Clash, Longing, Reunion, Melancholy, Atmospheric, Identity, Short Film",LGBT,"Science Fiction, Drama","Jan Orszulak, Frédéric Rosset, Coralie Watanabe Prosper, Kryzz Gautier","Maciej Slesicki Bastien Daret, Garance Cosimano, Maya Butler","Jan Orszulak, Frédéric Rosset, Coralie Watanabe Prosper, Kryzz Gautier","Magdalena Walkiewicz, Allison Chassagne, Isaline Prévost Radeff, Wilder Yari, Jess Adams","An intimate collection of five poignant stories about the resilience of the heart in a broken future. From high-tech memory erasure to digital simulations of desire, these bittersweet tales explore the raw drama of love reaching its turning point at the edge of the world.","Two lovers in the midst of a breakup discuss which memories to keep and which to erase, a young couple finds their relationship tested when a national crisis forces them indoors together, and a Japanese citizen grapples with the demands of the immigration office so that she may stay with her wife in France. Delve into a broken future with 5 bittersweet tales of lost connections and new beginnings.
","English, English HOH",R,"Features digital simulations of desire, physical intimacy, and nudity. Mature themes include memory erasure, societal collapse, and the psychological trauma of isolation.","Sci-Fi, LGBTQ+, Gay, Dystopian, Technology, Memory Loss, Digital Intimacy, Future, Resilience, Isolation, Cyberpunk, Bittersweet, Short Film Collection",Active,Bagan Films / Next Film Distribution,enzo@nextfilmdistribution.com,Yes,https://www.dropbox.com/scl/fo/1bgbho0v3k6hwqlb5mh5k/h/LB%20GLOBAL%20MEDIA%20-%20NEW%20COMPILATIONS/Bagan%20Films?dl=0&preview=LB_Global_Media_Film_Distribution_Licence_Agreement_-_Bagan_Films_-_August_2025+-+Countersigned.pdf&subfolder_nav_tracking=1,23/12/2025,3,23/12/2028,,Excluding France,Worldwide excluding France,https://e.pcloud.link/publink/show?code=kZeIyvZeRUiumej0epy0mV2Kg1LdhIBwQXX,https://e.pcloud.link/publink/show?code=kZKIyvZPELsAW4pP4blfyzRVFOdobOst3Mk,https://e.pcloud.link/publink/show?code=kZqIyvZUXtOko4DXDyUSuLUDlonK5K8sxl7,,https://e.pcloud.link/publink/show?code=XZMIyvZfzl5RL6z5BBgflaPTFg3RRPzpAx7,https://e.pcloud.link/publink/show?code=kZH4cGZ4xg8Ap3545L5Wjv7XtJJEkBHSbvV,https://www.youtube.com/watch?v=qLOo0nUOGnU,https://e.pcloud.link/publink/show?code=XZ44cGZFWCvrPDKpSyizSJjVe68X4VRqIzX,https://e.pcloud.link/publink/show?code=XZb4cGZrlGFsoT6p5f7fKPr7SzieFiCgspy,https://e.pcloud.link/publink/show?code=XZS4cGZl9UT0HtIxXhitB0GD8K72h0HBFPk,,,,23/12/2025,23/12/2025,,https://www.amazon.com/gp/video/detail/B0G6RLRV3V,https://www.amazon.co.uk/gp/video/detail/B0G6R1PNLT,,,2025 LB Global Media,Box Brazil / FilmDoo / Reveel / IMDB /  Release Tracker,
Keep/Delete,Beyond Our End,19,2022,USA,English,https://www.imdb.com/title/tt14804416/?ref_=ttfc_ov_bk,98,2025,"Israel, Canada, France, USA","Hebrew, French, English",https://www.imdb.com/title/tt41799319/,Sci-Fi,"Drama, LGBTQ+",Kryzz Gautier,"Maya Butler, Kryzz Gautier, Corsica Wilson",Kryzz Gautier,"Wilder Yari (Grace), Lorena Jorge (Kaari), Tryphena Wade (Dr. Mitchell), Kathryn Hollis Peters (Patient)","In a future world where memories are handled like computer files, two lovers decide to have their relationship wiped from their brains.","EN, ES",PG-13,"Mature themes regarding emotional trauma, the ethics of memory manipulation, and the painful dissolution of a long-term partnership.","American Cinema, Sci-Fi, LGBTQ+, Lesbian, Memory Loss, Technology, Heartbreak, Ethics, Future, Relationship, Emotional, Short Film",LGBT,"Science Fiction, Drama","Jan Orszulak, Frédéric Rosset, Coralie Watanabe Prosper, Kryzz Gautier","Maciej Slesicki Bastien Daret, Garance Cosimano, Maya Butler","Jan Orszulak, Frédéric Rosset, Coralie Watanabe Prosper, Kryzz Gautier","Magdalena Walkiewicz, Allison Chassagne, Isaline Prévost Radeff, Wilder Yari, Jess Adams","An intimate collection of five poignant stories about the resilience of the heart in a broken future. From high-tech memory erasure to digital simulations of desire, these bittersweet tales explore the raw drama of love reaching its turning point at the edge of the world.","Two lovers in the midst of a breakup discuss which memories to keep and which to erase, a young couple finds their relationship tested when a national crisis forces them indoors together, and a Japanese citizen grapples with the demands of the immigration office so that she may stay with her wife in France. Delve into a broken future with 5 bittersweet tales of lost connections and new beginnings.
","English, English HOH",R,"Features digital simulations of desire, physical intimacy, and nudity. Mature themes include memory erasure, societal collapse, and the psychological trauma of isolation.","Sci-Fi, LGBTQ+, Gay, Dystopian, Technology, Memory Loss, Digital Intimacy, Future, Resilience, Isolation, Cyberpunk, Bittersweet, Short Film Collection",Active,Kryzz Gautier - Reclaimed Entertainment Incorporated,kryzzgautier@gmail.com ,Yes,https://www.dropbox.com/scl/fo/1bgbho0v3k6hwqlb5mh5k/h/LB%20GLOBAL%20MEDIA%20-%20NEW%20COMPILATIONS/Kryzz%20Gautier%20-%20Reclaimed%20Entertainment%20Incorporated?dl=0&preview=LB+Global+Media+Film+Distribution+Licence+Agreement+-+Reclaimed+Entertainment+Incorporated+-+July+2025+-+Countersigned.pdf&subfolder_nav_tracking=1,23/12/2025,3,23/12/2028,Worldwide,,Worldwide excluding France,https://e.pcloud.link/publink/show?code=kZiIyvZoLR7WAv9IK0wwSIfe2uXB8nBOOKk,https://e.pcloud.link/publink/show?code=kZoIyvZiCKu5JhINopHAinpM19tcLisNaek,https://e.pcloud.link/publink/show?code=kZkAyvZWbcjVTgMfwyt2wuMESMbvFW2oC8y,https://e.pcloud.link/publink/show?code=XZcIyvZ7v1vKQSoJ6V0uiVIle0RtSJGNQPV,https://e.pcloud.link/publink/show?code=XZXAyvZ6fy0Nesf6Nh3aRIJ4S81FF2uwAQk,https://e.pcloud.link/publink/show?code=kZH4cGZ4xg8Ap3545L5Wjv7XtJJEkBHSbvV,https://www.youtube.com/watch?v=qLOo0nUOGnU,https://e.pcloud.link/publink/show?code=XZ44cGZFWCvrPDKpSyizSJjVe68X4VRqIzX,https://e.pcloud.link/publink/show?code=XZb4cGZrlGFsoT6p5f7fKPr7SzieFiCgspy,https://e.pcloud.link/publink/show?code=XZS4cGZl9UT0HtIxXhitB0GD8K72h0HBFPk,,,,23/12/2025,23/12/2025,,https://www.amazon.com/gp/video/detail/B0G6RLRV3V,https://www.amazon.co.uk/gp/video/detail/B0G6R1PNLT,,,2025 LB Global Media,Box Brazil / FilmDoo / Reveel / IMDB /  Release Tracker,
Chimera,Beyond Our End,15,2024,USA,English,https://www.imdb.com/title/tt37741873/?ref_=nm_flmg_job_1_accord_2_cdt_t_1,98,2025,"Israel, Canada, France, USA","Hebrew, French, English",https://www.imdb.com/title/tt41799319/,Sci-Fi,"Drama, LGBTQ+","Kryzz GautierKryzz Gautier, Brett L. Marshall, Corsica Wilson",,Kryzz Gautier,"Jess Adams (Greer Calby), Juliana Aidén Martinez (Valeria Roel), Grasie Mercedes (Mick Zarrido), Christopher Rivas (Thadeus Cabrera)","""Haunted by the past, a brilliant and visionary tech-addicted developer faces an impossible dilemma: she must either recreate her ex-girlfriend in a fake, virtual reality world or hold onto the crumbling relationship with her current partner.",EN,PG-13,"Mature themes regarding technological dependency, the nature of consent in digital spaces, and emotional manipulation.","American Cinema, Sci-Fi, LGBTQ+, Lesbian, Artificial Intelligence, Identity, Technology, Near Future, Intimacy, Philosophical, Mystery, Short Film",LGBT,"Science Fiction, Drama","Jan Orszulak, Frédéric Rosset, Coralie Watanabe Prosper, Kryzz Gautier","Maciej Slesicki Bastien Daret, Garance Cosimano, Maya Butler","Jan Orszulak, Frédéric Rosset, Coralie Watanabe Prosper, Kryzz Gautier","Magdalena Walkiewicz, Allison Chassagne, Isaline Prévost Radeff, Wilder Yari, Jess Adams","An intimate collection of five poignant stories about the resilience of the heart in a broken future. From high-tech memory erasure to digital simulations of desire, these bittersweet tales explore the raw drama of love reaching its turning point at the edge of the world.","Two lovers in the midst of a breakup discuss which memories to keep and which to erase, a young couple finds their relationship tested when a national crisis forces them indoors together, and a Japanese citizen grapples with the demands of the immigration office so that she may stay with her wife in France. Delve into a broken future with 5 bittersweet tales of lost connections and new beginnings.
","English, English HOH",R,"Features digital simulations of desire, physical intimacy, and nudity. Mature themes include memory erasure, societal collapse, and the psychological trauma of isolation.","Sci-Fi, LGBTQ+, Gay, Dystopian, Technology, Memory Loss, Digital Intimacy, Future, Resilience, Isolation, Cyberpunk, Bittersweet, Short Film Collection",Active,Kryzz Gautier - Reclaimed Entertainment Incorporated,kryzzgautier@gmail.com ,Yes,https://www.dropbox.com/scl/fo/1bgbho0v3k6hwqlb5mh5k/h/LB%20GLOBAL%20MEDIA%20-%20NEW%20COMPILATIONS/Kryzz%20Gautier%20-%20Reclaimed%20Entertainment%20Incorporated?dl=0&preview=LB+Global+Media+Film+Distribution+Licence+Agreement+-+Reclaimed+Entertainment+Incorporated+-+July+2025+-+Countersigned.pdf&subfolder_nav_tracking=1,23/12/2025,3,23/12/2028,Worldwide,,Worldwide excluding France,https://e.pcloud.link/publink/show?code=kZ5AyvZJJffMXjzocVgKdyKJRDOqfTRA1ok`,https://e.pcloud.link/publink/show?code=kZRAyvZk9Qi2nD3YdYvBjjjgCCPTbvaoB27,https://e.pcloud.link/publink/show?code=kZQAyvZzGa87Vg3MFFDI44g0qb94Yq4fJjX,https://e.pcloud.link/publink/show?code=XZpAyvZMlD23WlwmOjO1uDQetWRuHxUHP9k,https://e.pcloud.link/publink/show?code=XZYAyvZAhoELlTGlujAamV0vnmP3HNjJCCy,https://e.pcloud.link/publink/show?code=kZH4cGZ4xg8Ap3545L5Wjv7XtJJEkBHSbvV,https://www.youtube.com/watch?v=qLOo0nUOGnU,https://e.pcloud.link/publink/show?code=XZ44cGZFWCvrPDKpSyizSJjVe68X4VRqIzX,https://e.pcloud.link/publink/show?code=XZb4cGZrlGFsoT6p5f7fKPr7SzieFiCgspy,https://e.pcloud.link/publink/show?code=XZS4cGZl9UT0HtIxXhitB0GD8K72h0HBFPk,,,,23/12/2025,23/12/2025,,https://www.amazon.com/gp/video/detail/B0G6RLRV3V,https://www.amazon.co.uk/gp/video/detail/B0G6R1PNLT,,,2025 LB Global Media,Box Brazil / FilmDoo / Reveel / IMDB /  Release Tracker,
Aviones de Papel,Split Decision,17,2022,Venezuela,Spanish,https://www.imdb.com/title/tt24058202/?ref_=ttfc_ov_bk,85,2025,"Belgium, France, Switzerland, Estonia, Portugal, UK, Israel, Uruguay, Canada","English, French, Arabic, Russian, Hebrew, Spanish",https://www.imdb.com/title/tt38126902/,Drama,"LGBTQ+, Romance",Roberth Mendoza,"Johely Mendoza, Roberth Mendoza",Roberth Mendoza,"Santiago Cabrera (Mateo), Alex Orellana (Enrique)","Mateo goes through a confused homosexual and psychic awakening. The spirit of his mother, tries to say goodbye. At the same time, Mateo establishes a bizarre relationship with the spirit of Enrique, who has just committed suicide.",EN,PG,"A gentle, poetic story focusing on emotional connection and youthful longing.","Venezuelan Cinema, Drama, LGBTQ+, Gay, Romance, Innocence, Paper Planes, Youth, Connection, Poetic, Latin American Cinema, Short Film",Drama,LGBTQ+,"Roberth Mendoza, Eileen Tracey, Vincenzo Lamagna, Ludvig Christian Næsted Poulsen","Johely Mendoza, Roberth Mendoza, Jessica Palmarozza, Gelsomina Prositto, Julius Alsinger Plambech","Roberth Mendoza, Eileen Tracey, Dave Given, Ludvig Christian Næsted Poulsen","Santiago Cabrera, Alex Orellana, Liam Burke, Stuart Dunne, Gianluca Di Gennaro, Vittorio Nastri, Lasse Steen, Christoffer Hvidberg Rønje","An intimate collection of poignant stories about men torn between two worlds. From the weight of sacred vows to the silent strain of secret betrayals, these bittersweet tales capture the raw drama of buried feelings finally rushing to the surface.","A psychologist's longing for family puts a strain on his current relationship, a priest wrestles with his own desires after catching his peers in a moment of intimacy, and a husband has a heated exchange with his wife, while his new partner waits quietly in the bedroom. A tender collection of stories of men torn between two worlds, as the feelings they once buried come rushing back to the surface.",English,R,"Contains mature psychological themes including grief, spiritual repression, infidelity, and the instability of the foster care system. Features emotional intensity and depictions of life-altering personal crises.","LGBTQ+, Gay Cinema, Drama, Anthology, Dilemma, Identity, Faith, Masculinity, Family Conflict, Coming-of-Age, Global Shorts, International Cinema, Emotional Realism",Active,Gonella,sales@gonellaproductions.com ,No,Dropbox - Gonella,26/06/2025,4,26/06/2029,Worldwide,,Worldwide,https://www.dropbox.com/scl/fo/wjgnde7kgmg607quw5ujr/AF6ia_3GIfDVmxdTiS_5i0o?rlkey=j936xi6fq2iwvdzavecdtp2by&st=w2iwa97z&dl=0,https://www.dropbox.com/scl/fi/dkt80rj9agpkqp17dx4k4/AVIONES-DE-PAPEL_NO_SUB.mp4?rlkey=6m7rk8ubqabn5cq3lw0o5djb2&st=th0p0g3i&dl=0,https://www.dropbox.com/scl/fi/6m05dkh99fyaz3oclm43d/AVIONES-DE-PAPEL_DIALOG.srt?rlkey=cqgcf3f5r2k9ekz0w8yicxkmf&st=ctzfj0vk&dl=0,https://www.dropbox.com/scl/fi/x4q7vblbben8tt7gao5ot/TRAILER.mp4?rlkey=t9xepru88gjh8ayc13fwt1rj6&st=u9ubowlk&dl=0,https://www.dropbox.com/scl/fo/ht1vln68tb4hwx9kirri4/AOxo0czgqv6igK738FZfmZg?rlkey=s5q0auzstl3257olf759rdlga&st=r16o9uma&dl=0,https://www.dropbox.com/scl/fo/lujt5e0g1ceud5i6dmbn4/APXEVnLO-1-bNodRegSqhh8?rlkey=c670mav52j6rsqo0ddc4m9mbw&st=tf8ntdyz&dl=0,https://www.youtube.com/watch?v=XQM_mdjd598,https://www.dropbox.com/scl/fi/6txl15h4iwy2u8ej3cesx/Split-Decisions.mp4?rlkey=xmj6hjzp5usb84toq98je3q6f&st=olua3jjs&dl=0,https://www.dropbox.com/scl/fi/jazexd4fba5ssaf24bc7g/Split-Decisions-All-Captions.srt?rlkey=e19l9iv7ufzksaf0zggoeyceh&st=14u2dwp1&dl=0,https://www.dropbox.com/scl/fi/swdhv19iq7c1zp0spc0j3/POSTER-2.3.png?rlkey=tkdssecj13cift3wo9zz9q7hb&st=uieyi299&dl=0,"German, French, Spanish",,,26/06/2025,26/06/2025,,https://www.amazon.com/gp/video/detail/B0FCQQWDRG,https://www.amazon.co.uk/gp/video/detail/B0FCQLS5PV,,,2025 LB Global Media,Box Brazil / FilmDoo / Reveel / IMDB /  Release Tracker,
A Particular Friend,Split Decision,14,2022,"Ireland, UK",English,https://www.imdb.com/title/tt21430214/?ref_=ttfc_ov_bk,85,2025,"Belgium, France, Switzerland, Estonia, Portugal, UK, Israel, Uruguay, Canada","English, French, Arabic, Russian, Hebrew, Spanish",https://www.imdb.com/title/tt38126902/,Drama,"LGBTQ+, Period Piece",Eileen Tracey,Jessica Palmarozza,Eileen Tracey,"Liam Burke (Father Brady), Stuart Dunne (Father Brendan), Desmond Eastwood (Father Gibson), Brian Milligan (Father Matthew), Chris Robinson (Father Cillian)","When Father Matthew discovers an intimacy between two of the other priests at a remote conversion-therapy centre in Northern Ireland, his attempt to do the right thing leads to a crisis of faith and feeling.",EN,PG-13,"Mature themes regarding religious repression, institutional homophobia, and the emotional weight of living a double life.","Irish Cinema, Drama, LGBTQ+, Gay, Catholic Church, 1970s, Period Piece, Religion, Repression, Forbidden Love, Seminary, Short Film",Drama,LGBTQ+,"Roberth Mendoza, Eileen Tracey, Vincenzo Lamagna, Ludvig Christian Næsted Poulsen","Johely Mendoza, Roberth Mendoza, Jessica Palmarozza, Gelsomina Prositto, Julius Alsinger Plambech","Roberth Mendoza, Eileen Tracey, Dave Given, Ludvig Christian Næsted Poulsen","Santiago Cabrera, Alex Orellana, Liam Burke, Stuart Dunne, Gianluca Di Gennaro, Vittorio Nastri, Lasse Steen, Christoffer Hvidberg Rønje","An intimate collection of poignant stories about men torn between two worlds. From the weight of sacred vows to the silent strain of secret betrayals, these bittersweet tales capture the raw drama of buried feelings finally rushing to the surface.","A psychologist's longing for family puts a strain on his current relationship, a priest wrestles with his own desires after catching his peers in a moment of intimacy, and a husband has a heated exchange with his wife, while his new partner waits quietly in the bedroom. A tender collection of stories of men torn between two worlds, as the feelings they once buried come rushing back to the surface.",English,R,"Contains mature psychological themes including grief, spiritual repression, infidelity, and the instability of the foster care system. Features emotional intensity and depictions of life-altering personal crises.","LGBTQ+, Gay Cinema, Drama, Anthology, Dilemma, Identity, Faith, Masculinity, Family Conflict, Coming-of-Age, Global Shorts, International Cinema, Emotional Realism",Active,Gonella,sales@gonellaproductions.com ,No,Dropbox - Gonella,26/06/2025,4,26/06/2029,Worldwide,,Worldwide,https://www.dropbox.com/scl/fo/t1tdmmryp7g1qvx8bgkpg/AJpvtPhcyilTPHjL-bhotzA?rlkey=n4zguwl6a5oon9vzgjv3iygon&st=xwyvjx4z&dl=0,https://www.dropbox.com/scl/fi/1tcdogskfasqxasbr1nik/A-PARTICULAR-FRIEND_NO_SUB.mov?rlkey=77hdlzlg5cgjkptuk8ye3eegp&st=fyjungk1&dl=0,https://www.dropbox.com/scl/fi/wtq4c48hw3rynh0lzmic1/A-PARTICULAR-FRIEND_CC.srt?rlkey=ri9xiwbryxwjjhzgdtgrkuxdw&st=vp7or3id&dl=0,https://www.dropbox.com/scl/fi/kfebd2vca24mfodcv8l2r/A-PARTICULAR-FRIEND_TRAILER.mp4?rlkey=jwlpbvze67swzfdm14jyi3cyg&st=lxkx8u42&dl=0,https://www.dropbox.com/scl/fo/pltjv6s16vofd46manmu1/AEG6x_CJ1mbiIBgosEsjh4A?rlkey=6tvx3eiexuivrje643mgp5yk2&st=2n7tdysv&dl=0,https://www.dropbox.com/scl/fo/lujt5e0g1ceud5i6dmbn4/APXEVnLO-1-bNodRegSqhh8?rlkey=c670mav52j6rsqo0ddc4m9mbw&st=tf8ntdyz&dl=0,https://www.youtube.com/watch?v=XQM_mdjd598,https://www.dropbox.com/scl/fi/6txl15h4iwy2u8ej3cesx/Split-Decisions.mp4?rlkey=xmj6hjzp5usb84toq98je3q6f&st=olua3jjs&dl=0,https://www.dropbox.com/scl/fi/jazexd4fba5ssaf24bc7g/Split-Decisions-All-Captions.srt?rlkey=e19l9iv7ufzksaf0zggoeyceh&st=14u2dwp1&dl=0,https://www.dropbox.com/scl/fi/swdhv19iq7c1zp0spc0j3/POSTER-2.3.png?rlkey=tkdssecj13cift3wo9zz9q7hb&st=uieyi299&dl=0,"German, French, Spanish",,,26/06/2025,26/06/2025,,https://www.amazon.com/gp/video/detail/B0FCQQWDRG,https://www.amazon.co.uk/gp/video/detail/B0FCQLS5PV,,,2025 LB Global Media,Box Brazil / FilmDoo / Reveel / IMDB /  Release Tracker,
Un bacio di troppo,Split Decision,15,2023,Italy,Italian,https://www.imdb.com/title/tt28090463/?ref_=ttfc_ov_bk,85,2025,"Belgium, France, Switzerland, Estonia, Portugal, UK, Israel, Uruguay, Canada","English, French, Arabic, Russian, Hebrew, Spanish",https://www.imdb.com/title/tt38126902/,Drama,"LGBTQ+, Romance",Vincenzo Lamagna,Gelsomina Prositto,Dave Given,"Gianluca Di Gennaro (Ciro), Vittorio Nastri (Fabrizio), Fernanda Pinto (Maria)","Right after marrying Maria, Ciro discovers his wife could have been unfaithful during her addio al nubilato party. Ciro starts questioning his life choices and even his own identity. But when Maria shows up in the middle of the night, someone else is hiding in Ciro's bedroom.","EN, ES, IT",PG-13,"Mature themes involving the fear of social stigma, the complexity of male intimacy, and the fallout of an unplanned romantic encounter.","Italian Cinema, Drama, LGBTQ+, Gay, Naples, Friendship, Masculinity, Conflict, Tension, Realism, Hidden Desires, Short Film",Drama,LGBTQ+,"Roberth Mendoza, Eileen Tracey, Vincenzo Lamagna, Ludvig Christian Næsted Poulsen","Johely Mendoza, Roberth Mendoza, Jessica Palmarozza, Gelsomina Prositto, Julius Alsinger Plambech","Roberth Mendoza, Eileen Tracey, Dave Given, Ludvig Christian Næsted Poulsen","Santiago Cabrera, Alex Orellana, Liam Burke, Stuart Dunne, Gianluca Di Gennaro, Vittorio Nastri, Lasse Steen, Christoffer Hvidberg Rønje","An intimate collection of poignant stories about men torn between two worlds. From the weight of sacred vows to the silent strain of secret betrayals, these bittersweet tales capture the raw drama of buried feelings finally rushing to the surface.","A psychologist's longing for family puts a strain on his current relationship, a priest wrestles with his own desires after catching his peers in a moment of intimacy, and a husband has a heated exchange with his wife, while his new partner waits quietly in the bedroom. A tender collection of stories of men torn between two worlds, as the feelings they once buried come rushing back to the surface.",English,R,"Contains mature psychological themes including grief, spiritual repression, infidelity, and the instability of the foster care system. Features emotional intensity and depictions of life-altering personal crises.","LGBTQ+, Gay Cinema, Drama, Anthology, Dilemma, Identity, Faith, Masculinity, Family Conflict, Coming-of-Age, Global Shorts, International Cinema, Emotional Realism",Active,Gonella,sales@gonellaproductions.com ,No,Dropbox - Gonella,26/06/2025,4,26/06/2029,Worldwide,,Worldwide,https://www.dropbox.com/scl/fo/45ggsnj8kiy1nayembluv/ACFGXbunvl-c91gzDwR6tiw?rlkey=wskqdb2vunrbn78ng11nhdzr2&st=9jfrble0&dl=0,https://www.dropbox.com/scl/fi/5i99t42k197eqtrq2zerb/UN-BACIO-DI-TROPPO_NO_SUB.mp4?rlkey=gbp5pwhb4lq8nazxh4x03qche&st=38trig5q&dl=0,https://www.dropbox.com/scl/fi/85thrblqygnajo6dlwi8j/DIALOG_ENG.srt?rlkey=mf961h26bi2lmoo40i8dfqye4&st=3224wgc1&dl=0,https://www.dropbox.com/scl/fi/7f25i0dyp8vkk6zbyrmeh/TRAILER.mp4?rlkey=r2bylwz7jg4qli5l9wxh6dilo&st=f87823b1&dl=0,https://www.dropbox.com/scl/fi/5hcr8ncjmw1unpqvtoacs/1.jpg?rlkey=86z2dqfatqnxc90gm1zpzugda&st=0m7liy0m&dl=0,https://www.dropbox.com/scl/fo/lujt5e0g1ceud5i6dmbn4/APXEVnLO-1-bNodRegSqhh8?rlkey=c670mav52j6rsqo0ddc4m9mbw&st=tf8ntdyz&dl=0,https://www.youtube.com/watch?v=XQM_mdjd598,https://www.dropbox.com/scl/fi/6txl15h4iwy2u8ej3cesx/Split-Decisions.mp4?rlkey=xmj6hjzp5usb84toq98je3q6f&st=olua3jjs&dl=0,https://www.dropbox.com/scl/fi/jazexd4fba5ssaf24bc7g/Split-Decisions-All-Captions.srt?rlkey=e19l9iv7ufzksaf0zggoeyceh&st=14u2dwp1&dl=0,https://www.dropbox.com/scl/fi/swdhv19iq7c1zp0spc0j3/POSTER-2.3.png?rlkey=tkdssecj13cift3wo9zz9q7hb&st=uieyi299&dl=0,"German, French, Spanish",,,26/06/2025,26/06/2025,,https://www.amazon.com/gp/video/detail/B0FCQQWDRG,https://www.amazon.co.uk/gp/video/detail/B0FCQLS5PV,,,2025 LB Global Media,Box Brazil / FilmDoo / Reveel / IMDB /  Release Tracker,
A Boy's Dream,Split Decision,30,2023,Denmark,Danish,https://www.imdb.com/title/tt27988742/,85,2025,"Belgium, France, Switzerland, Estonia, Portugal, UK, Israel, Uruguay, Canada","English, French, Arabic, Russian, Hebrew, Spanish",https://www.imdb.com/title/tt38126902/,Drama,"LGBTQ+, Coming-of-Age",Ludvig Christian Næsted Poulsen,"Julius Alsinger Plambech, Jonathan Langelund, Jacob Meier, Mette Mikkelsen",Ludvig Christian Næsted Poulsen,"Lasse Steen (Elias), Christoffer Hvidberg Rønje (Christian), Bastian Hoe Friis-Topholm (William), Anne Louise Hassing (Sanne)","Elias lives a life caught between the harsh reality of the foster care system and his vivid, escapist dreams. When he forms a deep connection with another boy, he begins to glimpse a future where he can finally be himself. However, the instability of his domestic situation and the ghosts of his past threaten to pull his ""dream"" world apart.",EN,PG-13,"Mature themes involving the foster care system, childhood trauma, and the emotional struggle of navigating identity in an unstable environment.","Danish Cinema, Drama, LGBTQ+, Gay, Coming-of-Age, Foster Care, Escapism, Trauma, Youth, Identity, Social Realism, Bittersweet, Short Film",Drama,LGBTQ+,"Roberth Mendoza, Eileen Tracey, Vincenzo Lamagna, Ludvig Christian Næsted Poulsen","Johely Mendoza, Roberth Mendoza, Jessica Palmarozza, Gelsomina Prositto, Julius Alsinger Plambech","Roberth Mendoza, Eileen Tracey, Dave Given, Ludvig Christian Næsted Poulsen","Santiago Cabrera, Alex Orellana, Liam Burke, Stuart Dunne, Gianluca Di Gennaro, Vittorio Nastri, Lasse Steen, Christoffer Hvidberg Rønje","An intimate collection of poignant stories about men torn between two worlds. From the weight of sacred vows to the silent strain of secret betrayals, these bittersweet tales capture the raw drama of buried feelings finally rushing to the surface.","A psychologist's longing for family puts a strain on his current relationship, a priest wrestles with his own desires after catching his peers in a moment of intimacy, and a husband has a heated exchange with his wife, while his new partner waits quietly in the bedroom. A tender collection of stories of men torn between two worlds, as the feelings they once buried come rushing back to the surface.",English,R,"Contains mature psychological themes including grief, spiritual repression, infidelity, and the instability of the foster care system. Features emotional intensity and depictions of life-altering personal crises.","LGBTQ+, Gay Cinema, Drama, Anthology, Dilemma, Identity, Faith, Masculinity, Family Conflict, Coming-of-Age, Global Shorts, International Cinema, Emotional Realism",Active,Gonella,sales@gonellaproductions.com ,No,Dropbox - Gonella,26/06/2025,4,26/06/2029,Worldwide,,Worldwide,https://www.dropbox.com/scl/fo/kgi6tyh2qpvcjo2vqq3k1/AD9DMMmVs89hLGyJoe9uPSU?rlkey=d5r04rpb805j28dagiocpo9dj&st=4gfwcdky&dl=0,https://www.dropbox.com/scl/fi/sr8r6woolf7qckx78swrm/A-BOYS-DREAM_NO_SUB.mp4?rlkey=anwojg8erbrrdqbclsnuo21xu&st=nf00k863&dl=0,https://www.dropbox.com/scl/fi/oc68rk3ccjt8togkag4tf/ABoysDream_UK_Subs.srt?rlkey=z7orzzckz0phevwtfxqka172e&st=8e5tgi5f&dl=0,https://www.dropbox.com/scl/fi/9jgdqohzn59m7nkbcp9rw/A-BOYS-DREAM-TRAILER.mp4?rlkey=jtxlq63d5c62yt50govs4j2xi&st=osfeh77s&dl=0,https://www.dropbox.com/scl/fi/0oysvdwl45hkf39rwec8g/Dr-mmedreng_UK_web.jpg?rlkey=l31o2iegybj28lr9whiqzta0a&st=1flwiqkg&dl=0,https://www.dropbox.com/scl/fo/lujt5e0g1ceud5i6dmbn4/APXEVnLO-1-bNodRegSqhh8?rlkey=c670mav52j6rsqo0ddc4m9mbw&st=tf8ntdyz&dl=0,https://www.youtube.com/watch?v=XQM_mdjd598,https://www.dropbox.com/scl/fi/6txl15h4iwy2u8ej3cesx/Split-Decisions.mp4?rlkey=xmj6hjzp5usb84toq98je3q6f&st=olua3jjs&dl=0,https://www.dropbox.com/scl/fi/jazexd4fba5ssaf24bc7g/Split-Decisions-All-Captions.srt?rlkey=e19l9iv7ufzksaf0zggoeyceh&st=14u2dwp1&dl=0,https://www.dropbox.com/scl/fi/swdhv19iq7c1zp0spc0j3/POSTER-2.3.png?rlkey=tkdssecj13cift3wo9zz9q7hb&st=uieyi299&dl=0,"German, French, Spanish",,,26/06/2025,26/06/2025,,https://www.amazon.com/gp/video/detail/B0FCQQWDRG,https://www.amazon.co.uk/gp/video/detail/B0FCQLS5PV,,,2025 LB Global Media,Box Brazil / FilmDoo / Reveel / IMDB /  Release Tracker,
Bittersweet Rainbow,Stolen Moments,20,2020,Italy,Italian,https://www.imdb.com/title/tt13095876/,87,2025,"Italy, France, Ireland, USA, UK","Italian, French, English",https://www.imdb.com/title/tt41946636/,Drama,"Romance, LGBTQ, Sentimental",Luca Bertossi,Fabio Bertossi,Luca Bertossi,Michele Masci (Nicolò); Leonardo De Simone (Claudio); Sara Alzetta (Mother); Elisabetta Cancelli,"Nicolò, 24, returns home after 7 years. Through a path made of affections and memories his love story with Claudio and the reason for his escape will come back to him.",EN,PG-13,"Mature themes of grief, romantic longing, and emotional reflection.","Italy, LGBTQ+, Nostalgia, Homecoming, First Love, Soulmates, Italian Cinema, Memory",Drama,LGBTQ+,"Aurélien Rapatel, James Fitzgerald, Luca Bertossi, Zach Siegel, Tom Wright","Fabio Bertossi, Redtape Studio, Simon James Doyle, Kyle Smithers, Darius Shu","Luca Bertossim, Aurélien Rapatel, James Fitzgerald, Zach Siegel, Tom Wright","Robin Migné, Charlie Loiselier, Victor Meutelet, Diarmaid Murtagh, Tue Lunding, Michele Masci, Leonardo de Simone, Michael Sturgis, Patrick Reilly, Alex Britt","An intimate collection of poignant stories about fleeting encounters, private worlds, and the enduring memories that shape us. From the weight of a tragic past to the quiet discovery of a summer friendship, these bittersweet tales capture the raw drama of lives reaching a turning point.","A husband and father is haunted by the consequences of a one-night stand, a young man returns to his home town to reflect on the tragic events that he left to escape, and a student's holiday in Corsica proves an opportunity for friendship, reflection and self-discovery. An intimate collection of stories of fleeting encounters, private worlds and enduring memories both cherished and traumatic.","English, English HOH",R,"Mature themes involving fleeting romantic encounters, the weight of past regrets, and the emotional complexity of secret or unrequited love.","LGBTQ+, Gay, Romance, Drama, Nostalgia, Fleeting Encounters, Secret Love, Memories, Emotional, Bittersweet, Intimacy, Short Film Collection",Active,Gonella,sales@gonellaproductions.com ,No,Dropbox - Gonella,16/09/2025,4,16/09/2029,Worldwide,,Worldwide,https://e.pcloud.link/publink/show?code=kZr57vZseYodoynwXyoQMbsE0aCbYcvnt0k,https://e.pcloud.link/publink/show?code=XZ5J7vZEHOrrhxyPe001QzCz3g2z82DJzKX,https://e.pcloud.link/publink/show?code=XZFJ7vZyCwGgVMf2gBF6Sr18NH4L8pxGLCX,https://e.pcloud.link/publink/show?code=kZVJ7vZAF0zxn2k5K5478N4O1yrcSTJFJBk,https://e.pcloud.link/publink/show?code=XZHJ7vZ168iNoLSlkhuGMlIoDPzufpHX1FV,https://e.pcloud.link/publink/show?code=kZi57vZq7LOaB49OxQl3m2pHNjbzfQdXHaV,https://www.youtube.com/watch?v=KZDuQySoeXQ,https://e.pcloud.link/publink/show?code=XZN57vZ8mtIwP07Px4AMKvavx6B8uuWBp4k,https://e.pcloud.link/publink/show?code=XZa57vZ2M9lOa2e5pFACjhnSz0iS0b6bMO7,https://e.pcloud.link/publink/show?code=XZG57vZofM7uS6KfHzEiVwqsUHIU5HMsXbk,German,,,17/09/2025,16/09/2025,,https://www.amazon.com/gp/video/detail/B0FNBL1NY8,https://www.amazon.co.uk/gp/video/detail/B0FNBZGXTK,,,2025 LB Global Media,Box Brazil / FilmDoo / Reveel / Letterbox/ IMDB /  Release Tracker,
Les Contre-courants,Stolen Moments,24,2023,France,French,https://www.imdb.com/title/tt39305083/,87,2025,"Italy, France, Ireland, USA, UK","Italian, French, English",https://www.imdb.com/title/tt41946636/,Drama,"Coming-of-Age, LGBTQ",Aurélien Rapatel,Redtape Studio,Aurélien Rapatel,Robin Migné (Nathan); Charlie Loiselier (Léana); Victor Meutelet (Félix),"Nathan, in his early twenties and still studying, feels lost and adrift in life. To take stock of his uncertain future, he decides to go on a solo vacation to Corsica. Under the scorching summer sun, the introverted young man meets Léana and Félix, with whom he shares a shabby room in a hostel. The pair welcome him warmly, as if they were old friends, which unsettles Nathan. Initially distant, he grows fond of this duo, so different from his own temperament. Gradually, an unexpected and profoundly moving relationship develops between them.",EN,PG-13,"Themes of identity, mild language, and mature emotional exploration.","France, Corsica, Summer, Coming of Age, Trio, Youth, Hostel Life, Self-Discovery",Drama,LGBTQ+,"Aurélien Rapatel, James Fitzgerald, Luca Bertossi, Zach Siegel, Tom Wright","Fabio Bertossi, Redtape Studio, Simon James Doyle, Kyle Smithers, Darius Shu","Luca Bertossim, Aurélien Rapatel, James Fitzgerald, Zach Siegel, Tom Wright","Robin Migné, Charlie Loiselier, Victor Meutelet, Diarmaid Murtagh, Tue Lunding, Michele Masci, Leonardo de Simone, Michael Sturgis, Patrick Reilly, Alex Britt","An intimate collection of poignant stories about fleeting encounters, private worlds, and the enduring memories that shape us. From the weight of a tragic past to the quiet discovery of a summer friendship, these bittersweet tales capture the raw drama of lives reaching a turning point.","A husband and father is haunted by the consequences of a one-night stand, a young man returns to his home town to reflect on the tragic events that he left to escape, and a student's holiday in Corsica proves an opportunity for friendship, reflection and self-discovery. An intimate collection of stories of fleeting encounters, private worlds and enduring memories both cherished and traumatic.","English, English HOH",R,"Mature themes involving fleeting romantic encounters, the weight of past regrets, and the emotional complexity of secret or unrequited love.","LGBTQ+, Gay, Romance, Drama, Nostalgia, Fleeting Encounters, Secret Love, Memories, Emotional, Bittersweet, Intimacy, Short Film Collection",Active,Bagan Films / Next Film Distribution,enzo@nextfilmdistribution.com,Yes,Dropbox - Bagan Films,16/09/2025,3,16/09/2028,Worldwide,,Worldwide,https://e.pcloud.link/publink/show?code=kZc57vZGfvSUdzv6CzQHISa77jYamoPPdzV,https://e.pcloud.link/publink/show?code=kZLJ7vZS2YCTyR4HHBooMTmsp2FHQtzqKw7,https://e.pcloud.link/publink/show?code=kZ8J7vZD5nVtgw4vi5WOGym40F8f5CwdhlV,,https://e.pcloud.link/publink/show?code=XZQJ7vZ3HBrIMBnDRYHCbSNWdCaIpOGj4x7,https://e.pcloud.link/publink/show?code=kZi57vZq7LOaB49OxQl3m2pHNjbzfQdXHaV,https://www.youtube.com/watch?v=KZDuQySoeXQ,https://e.pcloud.link/publink/show?code=XZN57vZ8mtIwP07Px4AMKvavx6B8uuWBp4k,https://e.pcloud.link/publink/show?code=XZa57vZ2M9lOa2e5pFACjhnSz0iS0b6bMO7,https://e.pcloud.link/publink/show?code=XZG57vZofM7uS6KfHzEiVwqsUHIU5HMsXbk,German,,,17/09/2025,16/09/2025,,https://www.amazon.com/gp/video/detail/B0FNBL1NY9,https://www.amazon.co.uk/gp/video/detail/B0FNBZGXTK,,,2025 LB Global Media,Box Brazil / FilmDoo / Reveel /  Release Tracker,
Bad Boy Buck,Stolen Moments,21,2022,Ireland,English,https://www.imdb.com/title/tt21805620/,87,2025,"Italy, France, Ireland, USA, UK","Italian, French, English",https://www.imdb.com/title/tt41946636/,Thriller," Drama, Neo-Western, Rural Noir",James Fitzgerald,Simon James Doyle,James Fitzgerald,Diarmaid Murtagh (Buck); Kelly Gough (Gail); Tue Lunding (Orm); Mia Glancy (Molly),"After a one night stand with another man, a married farmer attempts to hide the affair from his family as the truth drives him to madness.",EN,R,"Violence, sexual situations, and intense psychological distress.","Ireland, Thriller, Rural Noir, Secret Identity, LGBTQ+ Themes, Guilt, Neo-Western, Farmer",Drama,LGBTQ+,"Aurélien Rapatel, James Fitzgerald, Luca Bertossi, Zach Siegel, Tom Wright","Fabio Bertossi, Redtape Studio, Simon James Doyle, Kyle Smithers, Darius Shu","Luca Bertossim, Aurélien Rapatel, James Fitzgerald, Zach Siegel, Tom Wright","Robin Migné, Charlie Loiselier, Victor Meutelet, Diarmaid Murtagh, Tue Lunding, Michele Masci, Leonardo de Simone, Michael Sturgis, Patrick Reilly, Alex Britt","An intimate collection of poignant stories about fleeting encounters, private worlds, and the enduring memories that shape us. From the weight of a tragic past to the quiet discovery of a summer friendship, these bittersweet tales capture the raw drama of lives reaching a turning point.","A husband and father is haunted by the consequences of a one-night stand, a young man returns to his home town to reflect on the tragic events that he left to escape, and a student's holiday in Corsica proves an opportunity for friendship, reflection and self-discovery. An intimate collection of stories of fleeting encounters, private worlds and enduring memories both cherished and traumatic.","English, English HOH",R,"Mature themes involving fleeting romantic encounters, the weight of past regrets, and the emotional complexity of secret or unrequited love.","LGBTQ+, Gay, Romance, Drama, Nostalgia, Fleeting Encounters, Secret Love, Memories, Emotional, Bittersweet, Intimacy, Short Film Collection",Active,James Fitzgerald,jamesfitzgeraldfilmmaker@gmail.com ,Yes,Dropbox - James Fitzgerald,16/09/2025,3,16/09/2028,Worldwide,,Worldwide,https://e.pcloud.link/publink/show?code=kZyJ7vZwbRb164wWjJlFCAKU0S9KuDzUYm7,https://e.pcloud.link/publink/show?code=kZbJ7vZd1wzxsCgSaFQBLEfLUDxtBH3fIvy,https://e.pcloud.link/publink/show?code=kZjJ7vZra65NTOQnWQRgrh6SLddRXAyqq4y,,https://e.pcloud.link/publink/show?code=XZuJ7vZEpu9cj64FlhBUqrx3Pn3OjqXvrt7,https://e.pcloud.link/publink/show?code=kZi57vZq7LOaB49OxQl3m2pHNjbzfQdXHaV,https://www.youtube.com/watch?v=KZDuQySoeXQ,https://e.pcloud.link/publink/show?code=XZN57vZ8mtIwP07Px4AMKvavx6B8uuWBp4k,https://e.pcloud.link/publink/show?code=XZa57vZ2M9lOa2e5pFACjhnSz0iS0b6bMO7,https://e.pcloud.link/publink/show?code=XZG57vZofM7uS6KfHzEiVwqsUHIU5HMsXbk,German,,,17/09/2025,16/09/2025,,https://www.amazon.com/gp/video/detail/B0FNBL1NY10,https://www.amazon.co.uk/gp/video/detail/B0FNBZGXTK,,,2025 LB Global Media,Box Brazil / FilmDoo / Reveel /  Release Tracker,
You Can Stay Over (If You Want),Stolen Moments,11,2023,USA,English,https://www.imdb.com/title/tt23027466/,87,2025,"Italy, France, Ireland, USA, UK","Italian, French, English",https://www.imdb.com/title/tt41946636/,Drama,"Romance, LGBTQ",Zach Siegel,Kyle Smithers; Allison Tate; Cookie Walukas,Zach Siegel,Michael Sturgis (John); Patrick Reilly (Alex),"After a date, John and Alex test the limits of what is considered TMI.",EN,R,Candid depictions of adult intimacy and mature discussions of dating.,"USA, LGBTQ+, Hookup Culture, Intimacy, Vulnerability, Dating, Modern Romance, One Night Stand, Contemporary Queer Life",Drama,LGBTQ+,"Aurélien Rapatel, James Fitzgerald, Luca Bertossi, Zach Siegel, Tom Wright","Fabio Bertossi, Redtape Studio, Simon James Doyle, Kyle Smithers, Darius Shu","Luca Bertossim, Aurélien Rapatel, James Fitzgerald, Zach Siegel, Tom Wright","Robin Migné, Charlie Loiselier, Victor Meutelet, Diarmaid Murtagh, Tue Lunding, Michele Masci, Leonardo de Simone, Michael Sturgis, Patrick Reilly, Alex Britt","An intimate collection of poignant stories about fleeting encounters, private worlds, and the enduring memories that shape us. From the weight of a tragic past to the quiet discovery of a summer friendship, these bittersweet tales capture the raw drama of lives reaching a turning point.","A husband and father is haunted by the consequences of a one-night stand, a young man returns to his home town to reflect on the tragic events that he left to escape, and a student's holiday in Corsica proves an opportunity for friendship, reflection and self-discovery. An intimate collection of stories of fleeting encounters, private worlds and enduring memories both cherished and traumatic.","English, English HOH",R,"Mature themes involving fleeting romantic encounters, the weight of past regrets, and the emotional complexity of secret or unrequited love.","LGBTQ+, Gay, Romance, Drama, Nostalgia, Fleeting Encounters, Secret Love, Memories, Emotional, Bittersweet, Intimacy, Short Film Collection",Active,Zach Siegel,zach@stonefruitfilm.com ,No,Dropbox - Zach Siegel - Stonefruit,16/09/2025,3,16/09/2028,Worldwide,,Worldwide,https://e.pcloud.link/publink/show?code=kZkJ7vZlsVY4WBz2A7yYzaT7v2K9F7DoDoy,https://e.pcloud.link/publink/show?code=kZsJ7vZcS750MFYpDSmLBR8BGrjxhiLbw7V,https://e.pcloud.link/publink/show?code=kZDJ7vZMCKOTJkoL2FPBcUOHyTY4kTOkrOV,https://e.pcloud.link/publink/show?code=XZBJ7vZVWEJ2Wt4tcHeSaaywUxfmFtkkedk,https://e.pcloud.link/publink/show?code=XZ1J7vZ9RFpHCMnHcL2NJvJa1lgTfLEKDaV,https://e.pcloud.link/publink/show?code=kZi57vZq7LOaB49OxQl3m2pHNjbzfQdXHaV,https://www.youtube.com/watch?v=KZDuQySoeXQ,https://e.pcloud.link/publink/show?code=XZN57vZ8mtIwP07Px4AMKvavx6B8uuWBp4k,https://e.pcloud.link/publink/show?code=XZa57vZ2M9lOa2e5pFACjhnSz0iS0b6bMO7,https://e.pcloud.link/publink/show?code=XZG57vZofM7uS6KfHzEiVwqsUHIU5HMsXbk,German,,,17/09/2025,16/09/2025,,https://www.amazon.com/gp/video/detail/B0FNBL1NY11,https://www.amazon.co.uk/gp/video/detail/B0FNBZGXTK,,,2025 LB Global Media,Box Brazil / FilmDoo / Reveel / IMDB /  Release Tracker,
Stockholm,Stolen Moments,10,2021,UK,English,https://www.imdb.com/title/tt14605444/,87,2025,"Italy, France, Ireland, USA, UK","Italian, French, English",https://www.imdb.com/title/tt41946636/,Drama,"LGBTQ, Psychological Thriller",Tom Wright,Darius Shu,Tom Wright,Alex Britt (Alex); Max Percy (Ed); Rikki Beadle-Blair (Kit),A young gay man embarks on an unusual first date in a conquest to take control of his past.,EN,R,"Intense psychological distress, themes of captivity, and mature content.","UK, Thriller, LGBTQ+, Captivity, Psychological, Neon, Dating Nightmare, Obsession",Drama,LGBTQ+,"Aurélien Rapatel, James Fitzgerald, Luca Bertossi, Zach Siegel, Tom Wright","Fabio Bertossi, Redtape Studio, Simon James Doyle, Kyle Smithers, Darius Shu","Luca Bertossim, Aurélien Rapatel, James Fitzgerald, Zach Siegel, Tom Wright","Robin Migné, Charlie Loiselier, Victor Meutelet, Diarmaid Murtagh, Tue Lunding, Michele Masci, Leonardo de Simone, Michael Sturgis, Patrick Reilly, Alex Britt","An intimate collection of poignant stories about fleeting encounters, private worlds, and the enduring memories that shape us. From the weight of a tragic past to the quiet discovery of a summer friendship, these bittersweet tales capture the raw drama of lives reaching a turning point.","A husband and father is haunted by the consequences of a one-night stand, a young man returns to his home town to reflect on the tragic events that he left to escape, and a student's holiday in Corsica proves an opportunity for friendship, reflection and self-discovery. An intimate collection of stories of fleeting encounters, private worlds and enduring memories both cherished and traumatic.","English, English HOH",R,"Mature themes involving fleeting romantic encounters, the weight of past regrets, and the emotional complexity of secret or unrequited love.","LGBTQ+, Gay, Romance, Drama, Nostalgia, Fleeting Encounters, Secret Love, Memories, Emotional, Bittersweet, Intimacy, Short Film Collection",Active,Silverprince Pictures,darius@silverprincepictures.com,Yes,"Dropbox - Bagan Films, Silverprince Pictures",16/09/2025,3,16/09/2028,Worldwide,,Worldwide,https://e.pcloud.link/publink/show?code=kZXJ7vZbvoRzUByr7BDa7h8kbBXJ85OPEKV,https://e.pcloud.link/publink/show?code=kZ9J7vZLAU819b4Jg5rQjUQcAI50j4dJcCV,https://e.pcloud.link/publink/show?code=kZTJ7vZ0dKvbMvcfoQfplGdepVs005f9hR7,,https://e.pcloud.link/publink/show?code=XZPJ7vZnsShCXzCAqmtkieEjBVJ8XEYJdW7,https://e.pcloud.link/publink/show?code=kZi57vZq7LOaB49OxQl3m2pHNjbzfQdXHaV,https://www.youtube.com/watch?v=KZDuQySoeXQ,https://e.pcloud.link/publink/show?code=XZN57vZ8mtIwP07Px4AMKvavx6B8uuWBp4k,https://e.pcloud.link/publink/show?code=XZa57vZ2M9lOa2e5pFACjhnSz0iS0b6bMO7,https://e.pcloud.link/publink/show?code=XZG57vZofM7uS6KfHzEiVwqsUHIU5HMsXbk,German,,,17/09/2025,16/09/2025,,https://www.amazon.com/gp/video/detail/B0FNBL1NY12,https://www.amazon.co.uk/gp/video/detail/B0FNBZGXTK,,,2025 LB Global Media,Box Brazil / FilmDoo / Reveel / IMDB /  Release Tracker,
Le phasme et l’ortie,Before the Dawn Breaks,17,2022,France,French,https://www.imdb.com/title/tt28812826/?ref_=ttfc_ov_bk,95,2023,"France, Norway","French, Norwegian",https://www.imdb.com/title/tt41947921/,Drama,"Romance, Ecology, Near-Future Sci-Fi",Louis Faury,Céline Roubaud (Caviar),Louis Faury,Victor Bonnel (Léon); Mélodie Adda (Nour); Paul de Montfort (Axel); Marie-Bénédicte Roy (Odette),"In June 2042, Nour and Léon, who are completing their mandatory ecological service on a farm, must part ways and find their own path.",EN,PG-13,"Themes of teenage romance, ecological concerns, and coming-of-age transitions.","France, Near-Future, Ecology, Adolescence, Romance, Organic Farm, Life Choices, Summer",Drama,Coming of Age,"Stéphanie Doncker, Thibault Durand, Laurie Bost, Sébastien Savine, Ole Sebastian Kåss, Louis Faury","Céline Roubaud, Pascal Barbier, Sébastien Savine, Thibault Durand, Stéphanie Doncker","Stéphanie Doncker, Thibault Durand, Ole Sebastian Kåss, Louis Faury","Alice de Lencquesaing - Claire, Capucine Valmary - Stella, Olivier Hémon - Le vieil homme, Aurélia Poirier - Léna, Matthieu Lucci, Léonie Dahan-Lamort - Louise, Herbert Nordrum - Lasse, Emily Glaister - Siri, Victor Bonnel - Léon, Mélodie Adda - Nour","A poignant collection of female-focused shorts about growing up, letting go and learning to accept what the new day might bring.","A lonely mermaid tests the limits of her sea-bound nature, a troubled teen searches for a way out before her first day at a juvenile educational facility, and a rebellious secondary schooler struggles to keep control of her chaotic home life. A poignant collection of female-focused shorts about growing up, letting go and learning to accept what the new day might bring.",English,R,"Strong Language, Nudity","Teens, Female Lead, French films, Norwegian films, Female Filmmakers, Young Adults, Relationships, Farm, Family, Mermaid, Beach, Stop Motion, Dance",Active,Manifest Pictures,manifest@manifest.pictures,No,https://www.dropbox.com/scl/fo/1bgbho0v3k6hwqlb5mh5k/h/OTHER%20DOCUMENTS/COMPILATIONS/MANIFEST%20PICTURES?dl=0&preview=FilmDoo+Compilation+Agreement+-+Manifest+Pictures+-+Coming+of+Age+Compilation+-+October+2023+-+Countersigned.pdf&subfolder_nav_tracking=1,10/11/2023,3,10/11/2026,All countries except those mentioned in Geo-Restrictions,"Excluding France (Corsica and DROM, POM (NewCaledonia and French Polynesia), COM included), Monaco, Andorra, Switzerland andMauritius and Benin, Burkina Faso, Burundi, Cameroon, Comoros, Congo-Brazzaville, IvoryCoast, Gabon,Guinea, Equatorial Guinea, Madagascar, Mali, Niger, Central African Republic,Democratic Republic of Congo, Senegal, Chad and Togo","Wordwide excl France (Corsica and DROM, POM (New Caledonia and French Polynesia), COM included), Monaco, Andorra, Switzerland and Mauritius and Benin, Burkina Faso, Burundi, Cameroon, Comoros, Congo-Brazzaville, Ivory Coast, Gabon, Guinea, Equatorial Guinea, Madagascar, Mali, Niger, Central African Republic, Democratic Republic of Congo, Senegal, Chad and Togo ",https://e.pcloud.link/publink/show?code=kZCJ7vZ41iQwTsbJkYtMPK9skfoiyF113zy,https://e.pcloud.link/publink/show?code=kZKJ7vZ6tIhGDVjfdLu9NRab49DO5VMP9uX,https://e.pcloud.link/publink/show?code=kZlJ7vZHvs8U5bT4Ry8E5vNHFTeXzqFxj5V,,https://e.pcloud.link/publink/show?code=XZdJ7vZkv0xmtrfgmkkzxeTM5MPXb4T560V,https://e.pcloud.link/publink/show?code=kZIAyvZdkXHMguWJNBmuXY9KeiocXp4OJfV,https://www.youtube.com/watch?v=rV2qpKeXP8Y,https://e.pcloud.link/publink/show?code=XZJNyvZPbb3fvNRH8V3tUDK2SPDQ79Sr3Xy,https://e.pcloud.link/publink/show?code=XZRNyvZPa2JwWpuUxpwBfkFo8nUGyNwWAsy,https://e.pcloud.link/publink/show?code=XZYNyvZLgaIcFx4DTLESWTCIHzee0ag0dlk,,https://www.filmdoo.com/films/before-the-dawn-breaks,,10/11/2023,18/12/2023,,https://www.amazon.com/gp/video/detail/B0CHHD693N,https://www.amazon.co.uk/gp/video/detail/B0CHH82NQL,https://tubitv.com/movies/100015271/before-the-dawn-breaks,https://fawesome.tv/movies/10556270/before-the-dawn-breaks,2025 LB Global Media,Box Brazil / FilmDoo / Reveel / IMDB /  Release Tracker,
The Animal,Before the Dawn Breaks,24,2018,Norway,Norwegian,https://www.imdb.com/title/tt9049092/?ref_=ttfc_ov_bk,95,2023,"France, Norway","French, Norwegian",https://www.imdb.com/title/tt41947921/,Drama,"ThrilleR, Coming-of-Age",Ole Sebastian Kåss,Pascal Barbier; Kristoffer Sindre Vittersø,Ole Sebastian Kåss,Sjur Vatne Brean (Benjamin); Emily Glaister (Siri); Leon Bashir (School Director); Herbert Nordrum (Lasse),A disciplined teenager pushed to his limit finally unleashes the suppressed aggression he’s kept hidden from the world.,EN,R,"Strong depictions of physical violence, teen aggression, and intense psychological pressure.","Norway, Taekwondo, High School, Aggression, Violence, Teen Angst, Coming of Age, Breaking Point",Drama,Coming of Age,"Stéphanie Doncker, Thibault Durand, Laurie Bost, Sébastien Savine, Ole Sebastian Kåss, Louis Faury","Céline Roubaud, Pascal Barbier, Sébastien Savine, Thibault Durand, Stéphanie Doncker","Stéphanie Doncker, Thibault Durand, Ole Sebastian Kåss, Louis Faury","Alice de Lencquesaing - Claire, Capucine Valmary - Stella, Olivier Hémon - Le vieil homme, Aurélia Poirier - Léna, Matthieu Lucci, Léonie Dahan-Lamort - Louise, Herbert Nordrum - Lasse, Emily Glaister - Siri, Victor Bonnel - Léon, Mélodie Adda - Nour","A poignant collection of female-focused shorts about growing up, letting go and learning to accept what the new day might bring.","A lonely mermaid tests the limits of her sea-bound nature, a troubled teen searches for a way out before her first day at a juvenile educational facility, and a rebellious secondary schooler struggles to keep control of her chaotic home life. A poignant collection of female-focused shorts about growing up, letting go and learning to accept what the new day might bring.",English,R,"Strong Language, Nudity","Teens, Female Lead, French films, Norwegian films, Female Filmmakers, Young Adults, Relationships, Farm, Family, Mermaid, Beach, Stop Motion, Dance",Active,Manifest Pictures,manifest@manifest.pictures,No,https://www.dropbox.com/scl/fo/1bgbho0v3k6hwqlb5mh5k/h/OTHER%20DOCUMENTS/COMPILATIONS/MANIFEST%20PICTURES?dl=0&preview=FilmDoo+Compilation+Agreement+-+Manifest+Pictures+-+Coming+of+Age+Compilation+-+October+2023+-+Countersigned.pdf&subfolder_nav_tracking=1,10/11/2023,3,10/11/2026,Worldwide,,"Wordwide excl France (Corsica and DROM, POM (New Caledonia and French Polynesia), COM included), Monaco, Andorra, Switzerland and Mauritius and Benin, Burkina Faso, Burundi, Cameroon, Comoros, Congo-Brazzaville, Ivory Coast, Gabon, Guinea, Equatorial Guinea, Madagascar, Mali, Niger, Central African Republic, Democratic Republic of Congo, Senegal, Chad and Togo ",https://e.pcloud.link/publink/show?code=kZUJ7vZeyJ1gN9Gpt87g3tN63CNjQkMoyRX,https://e.pcloud.link/publink/show?code=kZNJ7vZoUTgtlHt0JbrJ6o3nUcDaVgwhXMX,https://e.pcloud.link/publink/show?code=kZaJ7vZcFxJO8diNKF6luWCakBso7MFlGLV,,https://e.pcloud.link/publink/show?code=XZAJ7vZONQrleGuxq09CmzhjhEeo0EbId1V,https://e.pcloud.link/publink/show?code=kZIAyvZdkXHMguWJNBmuXY9KeiocXp4OJfV,https://www.youtube.com/watch?v=rV2qpKeXP8Y,https://e.pcloud.link/publink/show?code=XZJNyvZPbb3fvNRH8V3tUDK2SPDQ79Sr3Xy,https://e.pcloud.link/publink/show?code=XZRNyvZPa2JwWpuUxpwBfkFo8nUGyNwWAsy,https://e.pcloud.link/publink/show?code=XZYNyvZLgaIcFx4DTLESWTCIHzee0ag0dlk,,https://www.filmdoo.com/films/before-the-dawn-breaks,,10/11/2023,18/12/2023,,https://www.amazon.com/gp/video/detail/B0CHHD693N,https://www.amazon.co.uk/gp/video/detail/B0CHH82NQL,https://tubitv.com/movies/100015271/before-the-dawn-breaks,https://fawesome.tv/movies/10556270/before-the-dawn-breaks,2025 LB Global Media,Box Brazil / FilmDoo / Reveel / IMDB /  Release Tracker,
Island and Mainland / L’île et le continent,Before the Dawn Breaks,12,2020,France,French,https://www.imdb.com/title/tt21088900/,95,2023,"France, Norway","French, Norwegian",https://www.imdb.com/title/tt41947921/,Drama,"Romance, Coming-of-Age, Social Class",Laurie Bost; Sébastien Savine,Sébastien Savine (Sébastien Savine Productions),Laurie Bost; Sébastien Savine,Léonie Dahan-Lamort; Matthieu Lucci; Arben Bajraktaraj,"Louise is a mermaid. One day, a young man discovers her secret.",EN,PG-13,"Emotional depth, coming-of-age romantic themes, and social commentary.","France, Island, Mainland, Romance, Class Struggle, Youth, Longing, Coming of Age",Drama,Coming of Age,"Stéphanie Doncker, Thibault Durand, Laurie Bost, Sébastien Savine, Ole Sebastian Kåss, Louis Faury","Céline Roubaud, Pascal Barbier, Sébastien Savine, Thibault Durand, Stéphanie Doncker","Stéphanie Doncker, Thibault Durand, Ole Sebastian Kåss, Louis Faury","Alice de Lencquesaing - Claire, Capucine Valmary - Stella, Olivier Hémon - Le vieil homme, Aurélia Poirier - Léna, Matthieu Lucci, Léonie Dahan-Lamort - Louise, Herbert Nordrum - Lasse, Emily Glaister - Siri, Victor Bonnel - Léon, Mélodie Adda - Nour","A poignant collection of female-focused shorts about growing up, letting go and learning to accept what the new day might bring.","A lonely mermaid tests the limits of her sea-bound nature, a troubled teen searches for a way out before her first day at a juvenile educational facility, and a rebellious secondary schooler struggles to keep control of her chaotic home life. A poignant collection of female-focused shorts about growing up, letting go and learning to accept what the new day might bring.",English,R,"Strong Language, Nudity","Teens, Female Lead, French films, Norwegian films, Female Filmmakers, Young Adults, Relationships, Farm, Family, Mermaid, Beach, Stop Motion, Dance",Active,Manifest Pictures,manifest@manifest.pictures,No,https://www.dropbox.com/scl/fo/1bgbho0v3k6hwqlb5mh5k/h/OTHER%20DOCUMENTS/COMPILATIONS/MANIFEST%20PICTURES?dl=0&preview=FilmDoo+Compilation+Agreement+-+Manifest+Pictures+-+Coming+of+Age+Compilation+-+October+2023+-+Countersigned.pdf&subfolder_nav_tracking=1,10/11/2023,3,10/11/2026,Worldwide,,"Wordwide excl France (Corsica and DROM, POM (New Caledonia and French Polynesia), COM included), Monaco, Andorra, Switzerland and Mauritius and Benin, Burkina Faso, Burundi, Cameroon, Comoros, Congo-Brazzaville, Ivory Coast, Gabon, Guinea, Equatorial Guinea, Madagascar, Mali, Niger, Central African Republic, Democratic Republic of Congo, Senegal, Chad and Togo ",https://e.pcloud.link/publink/show?code=kZGJ7vZqklfSDKiiQ7n9FOfe2kfTyDqYkCk,https://e.pcloud.link/publink/show?code=kZvJ7vZD10l53S3iNLPM4M4h1IF8Haq5WDy,https://e.pcloud.link/publink/show?code=kZrJ7vZ15dOlI4hUN0kvOnCukBxUVDMLysX,,,https://e.pcloud.link/publink/show?code=kZIAyvZdkXHMguWJNBmuXY9KeiocXp4OJfV,https://www.youtube.com/watch?v=rV2qpKeXP8Y,https://e.pcloud.link/publink/show?code=XZJNyvZPbb3fvNRH8V3tUDK2SPDQ79Sr3Xy,https://e.pcloud.link/publink/show?code=XZRNyvZPa2JwWpuUxpwBfkFo8nUGyNwWAsy,https://e.pcloud.link/publink/show?code=XZYNyvZLgaIcFx4DTLESWTCIHzee0ag0dlk,,https://www.filmdoo.com/films/before-the-dawn-breaks,,10/11/2023,18/12/2023,,https://www.amazon.com/gp/video/detail/B0CHHD693N,https://www.amazon.co.uk/gp/video/detail/B0CHH82NQL,https://tubitv.com/movies/100015271/before-the-dawn-breaks,https://fawesome.tv/movies/10556270/before-the-dawn-breaks,2025 LB Global Media,Box Brazil / FilmDoo / Reveel / IMDB /  Release Tracker,
Girl with a Backpack,Before the Dawn Breaks,17,2015,France,French,https://www.imdb.com/title/tt6193184/,95,2023,"France, Norway","French, Norwegian",https://www.imdb.com/title/tt41947921/,Drama ,"Fantasy, Coming-of-Age, Urban Poetic",Thibault Durand,Thibault Durand,Thibault Durand,Aurélia Poirier (Léna); Nans Laborde-Jourdàa (Man with a backpack); Olivier Hémon; Alexandre de La Baume; Joséphine de La Baume,"Léna is a young woman wandering through the cold, geometric landscape of a modern city, carrying her life in a backpack. In her ""rebellious"" search for meaning, she encounters various figures—a choreographer, a singer, and an old man—each representing a different facet of the human experience.",EN,PG-13,"Themes of isolation, existential questioning, and mild artistic imagery.","France, Urban, Solitude, Backpack, Coming of Age, Poetic, Fantasy, Connection",Drama,Coming of Age,"Stéphanie Doncker, Thibault Durand, Laurie Bost, Sébastien Savine, Ole Sebastian Kåss, Louis Faury","Céline Roubaud, Pascal Barbier, Sébastien Savine, Thibault Durand, Stéphanie Doncker","Stéphanie Doncker, Thibault Durand, Ole Sebastian Kåss, Louis Faury","Alice de Lencquesaing - Claire, Capucine Valmary - Stella, Olivier Hémon - Le vieil homme, Aurélia Poirier - Léna, Matthieu Lucci, Léonie Dahan-Lamort - Louise, Herbert Nordrum - Lasse, Emily Glaister - Siri, Victor Bonnel - Léon, Mélodie Adda - Nour","A poignant collection of female-focused shorts about growing up, letting go and learning to accept what the new day might bring.","A lonely mermaid tests the limits of her sea-bound nature, a troubled teen searches for a way out before her first day at a juvenile educational facility, and a rebellious secondary schooler struggles to keep control of her chaotic home life. A poignant collection of female-focused shorts about growing up, letting go and learning to accept what the new day might bring.",English,R,"Strong Language, Nudity","Teens, Female Lead, French films, Norwegian films, Female Filmmakers, Young Adults, Relationships, Farm, Family, Mermaid, Beach, Stop Motion, Dance",Active,Manifest Pictures,manifest@manifest.pictures,No,https://www.dropbox.com/scl/fo/1bgbho0v3k6hwqlb5mh5k/h/OTHER%20DOCUMENTS/COMPILATIONS/MANIFEST%20PICTURES?dl=0&preview=FilmDoo+Compilation+Agreement+-+Manifest+Pictures+-+Coming+of+Age+Compilation+-+October+2023+-+Countersigned.pdf&subfolder_nav_tracking=1,10/11/2023,3,10/11/2026,Worldwide,,"Wordwide excl France (Corsica and DROM, POM (New Caledonia and French Polynesia), COM included), Monaco, Andorra, Switzerland and Mauritius and Benin, Burkina Faso, Burundi, Cameroon, Comoros, Congo-Brazzaville, Ivory Coast, Gabon, Guinea, Equatorial Guinea, Madagascar, Mali, Niger, Central African Republic, Democratic Republic of Congo, Senegal, Chad and Togo ",https://e.pcloud.link/publink/show?code=kZoJ7vZpIScyDa7E081dCTAjnxVpRJkjG77,https://e.pcloud.link/publink/show?code=kZ7F7vZ9HOH7sDvwzb5sSWJS1T6GHx7SfIk,https://e.pcloud.link/publink/show?code=kZkF7vZdseMRdcj6fFDsL0JdEGfmVABR4Yk,,https://e.pcloud.link/publink/show?code=XZyF7vZp5TC0q6jtnQFugj5PphpDmTAX3Uy,https://e.pcloud.link/publink/show?code=kZIAyvZdkXHMguWJNBmuXY9KeiocXp4OJfV,https://www.youtube.com/watch?v=rV2qpKeXP8Y,https://e.pcloud.link/publink/show?code=XZJNyvZPbb3fvNRH8V3tUDK2SPDQ79Sr3Xy,https://e.pcloud.link/publink/show?code=XZRNyvZPa2JwWpuUxpwBfkFo8nUGyNwWAsy,https://e.pcloud.link/publink/show?code=XZYNyvZLgaIcFx4DTLESWTCIHzee0ag0dlk,,https://www.filmdoo.com/films/before-the-dawn-breaks,,10/11/2023,18/12/2023,,https://www.amazon.com/gp/video/detail/B0CHHD693N,https://www.amazon.co.uk/gp/video/detail/B0CHH82NQL,https://tubitv.com/movies/100015271/before-the-dawn-breaks,https://fawesome.tv/movies/10556270/before-the-dawn-breaks,2025 LB Global Media,Box Brazil / FilmDoo / Reveel / IMDB /  Release Tracker,
Breathless / Libre,Before the Dawn Breaks,22,2018,France,French,,95,2023,"France, Norway","French, Norwegian",https://www.imdb.com/title/tt41947921/,Drama,"Coming-of-Age, Social Realism",Stéphanie Doncker,Stéphanie Doncker,Stéphanie Doncker,Capucine Valmary (Stella); Alice de Lencquesaing (Claire); Sébastien Houbani (Ali),"Stella, a volatile 15-year-old girl, has just been sentenced to six months in a juvenile detention facility. Before she begins her sentence, two social workers, Claire and Ali, take her to the beach for her final 24 hours of freedom. Behind the ""rebellious"" exterior of a girl who has fought the system, the film explores the quiet, breathless fear of losing one's agency.",EN,PG-13,"Themes of juvenile delinquency, emotional distress, and mature social situations.","France, Juvenile Detention, Freedom, Social Work, Coming of Age, Rebellion, Beach, Drama",Drama,Coming of Age,"Stéphanie Doncker, Thibault Durand, Laurie Bost, Sébastien Savine, Ole Sebastian Kåss, Louis Faury","Céline Roubaud, Pascal Barbier, Sébastien Savine, Thibault Durand, Stéphanie Doncker","Stéphanie Doncker, Thibault Durand, Ole Sebastian Kåss, Louis Faury","Alice de Lencquesaing - Claire, Capucine Valmary - Stella, Olivier Hémon - Le vieil homme, Aurélia Poirier - Léna, Matthieu Lucci, Léonie Dahan-Lamort - Louise, Herbert Nordrum - Lasse, Emily Glaister - Siri, Victor Bonnel - Léon, Mélodie Adda - Nour","A poignant collection of female-focused shorts about growing up, letting go and learning to accept what the new day might bring.","A lonely mermaid tests the limits of her sea-bound nature, a troubled teen searches for a way out before her first day at a juvenile educational facility, and a rebellious secondary schooler struggles to keep control of her chaotic home life. A poignant collection of female-focused shorts about growing up, letting go and learning to accept what the new day might bring.",English,R,"Strong Language, Nudity","Teens, Female Lead, French films, Norwegian films, Female Filmmakers, Young Adults, Relationships, Farm, Family, Mermaid, Beach, Stop Motion, Dance",Active,Manifest Pictures,manifest@manifest.pictures,No,https://www.dropbox.com/scl/fo/1bgbho0v3k6hwqlb5mh5k/h/OTHER%20DOCUMENTS/COMPILATIONS/MANIFEST%20PICTURES?dl=0&preview=FilmDoo+Compilation+Agreement+-+Manifest+Pictures+-+Coming+of+Age+Compilation+-+October+2023+-+Countersigned.pdf&subfolder_nav_tracking=1,10/11/2023,3,10/11/2026,Worldwide,,"Wordwide excl France (Corsica and DROM, POM (New Caledonia and French Polynesia), COM included), Monaco, Andorra, Switzerland and Mauritius and Benin, Burkina Faso, Burundi, Cameroon, Comoros, Congo-Brazzaville, Ivory Coast, Gabon, Guinea, Equatorial Guinea, Madagascar, Mali, Niger, Central African Republic, Democratic Republic of Congo, Senegal, Chad and Togo ",https://e.pcloud.link/publink/show?code=kZXF7vZl6zEGMMKHU8eQcx3DxeQM7tiJmCV,https://e.pcloud.link/publink/show?code=kZ0F7vZ237K1rBEU0fyNQ349w9JzLw1pba7,https://e.pcloud.link/publink/show?code=kZ5F7vZUz1gnuNvJmByDoK0IoPdKyf4r9fk,,https://e.pcloud.link/publink/show?code=XZVF7vZlfUCDaMBTVHunxIIIgHXUL1SJkjy,https://e.pcloud.link/publink/show?code=kZIAyvZdkXHMguWJNBmuXY9KeiocXp4OJfV,https://www.youtube.com/watch?v=rV2qpKeXP8Y,https://e.pcloud.link/publink/show?code=XZJNyvZPbb3fvNRH8V3tUDK2SPDQ79Sr3Xy,https://e.pcloud.link/publink/show?code=XZRNyvZPa2JwWpuUxpwBfkFo8nUGyNwWAsy,https://e.pcloud.link/publink/show?code=XZYNyvZLgaIcFx4DTLESWTCIHzee0ag0dlk,,https://www.filmdoo.com/films/before-the-dawn-breaks,,10/11/2023,18/12/2023,,https://www.amazon.com/gp/video/detail/B0CHHD693N,https://www.amazon.co.uk/gp/video/detail/B0CHH82NQL,https://tubitv.com/movies/100015271/before-the-dawn-breaks,https://fawesome.tv/movies/10556270/before-the-dawn-breaks,2025 LB Global Media,Box Brazil / FilmDoo / Reveel / Release Tracker,
Shams,Love Evolving,24,2020,"Belgium, Egypt","Arabic, French",https://www.imdb.com/title/tt13124934/?ref_=ttfc_ov_bk,109,2023,"Estonia, Israel, Uruguay, Portugal, Belgium","French, Hebrew, Russian, English, Arabic",https://www.imdb.com/title/tt26340605/,Drama,"LGBTQ, Political",Pauline Beugnies,Laurence Buelens; Karina Si Ahmed (Co-producer),Pauline Beugnies,Reem El Maghraby (Shams); Claire Beugnies (Eden); Amina El Banna (Sara); Zainab Magdy (Nourhan),"Eden, a 30-year-old Belgian woman, works in a cultural center a few thousand kilometers away from her home, in the bustling capital of Cairo. She makes a life-changing encounter with a young woman named Shams. One day, Shams brutally disappears. With the support and friendship of two valiant young Egyptians, Eden starts a fight against her own fears, denials and bias to find Shams.",EN,R,"Strong political themes, depictions of disappearance, and mature LGBTQ+ content.","Belgium, Egypt, Cairo, LGBTQ+, Activism, Human Rights, Disappearance, Middle East, Human Rights",LGBTQ+,"Drama, Arthouse, Sci-Fi, Fantasy","Beau Han Bridge, Guillermo Trochon, Noam Greif, Gwenn Joyaux, Vincent Annen, Pauline Beugnies","Laurence Buelens, Florencia Chao, Vincent Annen, Beau Han Bridge, Amit Hershkovitz, Shruti Sidhan","Beau Han Bridge, Guillermo Trochon, Noam Greif, Ana Falcon, Naomie Margot, Vincent Annen, Pauline Beugnies","Fiorella Bottaioli, Camila Vives, Irit Sheleg, Naama Amit, Mira Gaydarova, Daryna Butryk, Mélanie Carrel, Reem El Maghraby, Amina El Banna, Claire Beugnies",A vibrant collection of short films - by turns gritty and dreamlike - exploring the changes and complexities of a Love Evolving.,"An anxious woman navigates the bustle of modern day Cairo to find her missing lover, a young adult strives for an authentic connection in a future society numbed by alcohol, and two Cold War-era lovers face the consequences of finding romance across political borders. A vibrant collection of short films - by turns gritty and dreamlike - exploring the changes and complexities of a Love Evolving.",,R,"Sexual Content, Strong Language, Violence, Alcohol Use","LGBTQ+, Lesbian, Female Lead, Estonian films, Israeli films, Uruguayan films, Portuguese films, Belgian films, Short Film Compilation, Female Filmmakers, Period Films, Missing Person",Active,Gonella,sales@gonellaproductions.com ,Yes,,28/01/2023,4,28/01/2027,Worldwide,,Worldwide,https://e.pcloud.link/publink/show?code=kZ6adGZmMYEQNx0sKujwTkurFoFejaFWRTy,https://e.pcloud.link/publink/show?code=XZvadGZ5KHI2cbaWmXPWRLSYd9JTSpp0MWy,https://e.pcloud.link/publink/show?code=XZV3dGZQnXbQtMD9aRT0NXd9bcvV7qoVN8X,https://e.pcloud.link/publink/show?code=XZEadGZqfzxMsEe9ALNzMTVBOF5fViMYJJV,https://e.pcloud.link/publink/show?code=XZJF7vZejm3BCQnEpbQpgb4ofg07b0sBRm7,https://e.pcloud.link/publink/show?code=kZ7SPGZFeiJOLGqW3uPhkymL7heCpGrubUX,https://www.youtube.com/watch?v=YEdOzZs8hts,https://e.pcloud.link/publink/show?code=XZXSPGZog3iYVzJgoRAgEMyT50l9ua5qPxk,https://e.pcloud.link/publink/show?code=XZVSPGZYuEV6IKvL5H8yEexPVHOep4GXHG7,https://e.pcloud.link/publink/show?code=XZ0SPGZDDSa2Ld1UP0X3aex3CWY30wGjTjk,German,https://www.filmdoo.com/films/love-evolving/,12/01/2023,12/01/2023,28/01/2023,,n/a,n/a,n/a,n/a,2025 LB Global Media,Box Brazil / FilmDoo / Reveel / IMDB /  Release Tracker,
Sober Love,Love Evolving,20,2018,Uruguay,Spanish,,109,2023,"Estonia, Israel, Uruguay, Portugal, Belgium","French, Hebrew, Russian, English, Arabic",https://www.imdb.com/title/tt26340605/,Comedy,"LGBTQ, Dystopian Romance, Drama, Fantasy",Guillermo Trochón,Florencia Chao; Sol Infante,Guillermo Trochón,Camila Vives (Luna); Fiorella Bottaioli; Sabrina Yanque; Juan Santandreu; Hugo Piccinini,"In a near-future world where a global water war has exhausted the Earth's vital resources, alcohol has become the new daily currency and the only thing left to drink. In this society, everyone lives in a permanent state of intoxication, waiting for rare moments of true happiness to ""sober up."" Luna (Moon) wants to experience a real night at a party, and her friend manages to procure a precious bottle of water.",EN,R,"Pervasive themes of alcohol use (stylized), mature social dynamics, and fantasy violence.","Uruguay, Dystopia, LGBTQ+, Water War, Sobriety, Fantasy Romance, Surrealism, Social Commentary",LGBTQ+,"Drama, Arthouse, Sci-Fi, Fantasy","Beau Han Bridge, Guillermo Trochon, Noam Greif, Gwenn Joyaux, Vincent Annen, Pauline Beugnies","Laurence Buelens, Florencia Chao, Vincent Annen, Beau Han Bridge, Amit Hershkovitz, Shruti Sidhan","Beau Han Bridge, Guillermo Trochon, Noam Greif, Ana Falcon, Naomie Margot, Vincent Annen, Pauline Beugnies","Fiorella Bottaioli, Camila Vives, Irit Sheleg, Naama Amit, Mira Gaydarova, Daryna Butryk, Mélanie Carrel, Reem El Maghraby, Amina El Banna, Claire Beugnies",A vibrant collection of short films - by turns gritty and dreamlike - exploring the changes and complexities of a Love Evolving.,"An anxious woman navigates the bustle of modern day Cairo to find her missing lover, a young adult strives for an authentic connection in a future society numbed by alcohol, and two Cold War-era lovers face the consequences of finding romance across political borders. A vibrant collection of short films - by turns gritty and dreamlike - exploring the changes and complexities of a Love Evolving.",,R,"Sexual Content, Strong Language, Violence, Alcohol Use","LGBTQ+, Lesbian, Female Lead, Estonian films, Israeli films, Uruguayan films, Portuguese films, Belgian films, Short Film Compilation, Female Filmmakers, Period Films, Missing Person",Active,Gonella,sales@gonellaproductions.com ,Yes,,28/01/2023,4,28/01/2027,Worldwide,,Worldwide,https://e.pcloud.link/publink/show?code=kZh3dGZtDGidsCjVeucd65RXyF3TJRvTUOV,https://e.pcloud.link/publink/show?code=XZD3dGZNzKdFinEUhbfMjn1sPIW9uqYWK0X,https://e.pcloud.link/publink/show?code=XZe3dGZFecvna3SPvHrtoIKYdRoezU3eQVy,https://e.pcloud.link/publink/show?code=XZW3dGZhXakD3z9z8yR4vF3MQTWKJ2TnWBk,https://e.pcloud.link/publink/show?code=XZzF7vZ78tqONXFV8zGCGd9xaYT2VmmeuNV,https://e.pcloud.link/publink/show?code=kZ7SPGZFeiJOLGqW3uPhkymL7heCpGrubUX,https://www.youtube.com/watch?v=YEdOzZs8hts,https://e.pcloud.link/publink/show?code=XZXSPGZog3iYVzJgoRAgEMyT50l9ua5qPxk,https://e.pcloud.link/publink/show?code=XZVSPGZYuEV6IKvL5H8yEexPVHOep4GXHG7,https://e.pcloud.link/publink/show?code=XZ0SPGZDDSa2Ld1UP0X3aex3CWY30wGjTjk,German,https://www.filmdoo.com/films/love-evolving/,12/01/2023,12/01/2023,28/01/2023,,n/a,n/a,n/a,n/a,2025 LB Global Media,Box Brazil / FilmDoo / Reveel / Rotten Tomatoes /  Release Tracker,
The Ash-Eye,Love Evolving,18,2021,Switzerland,French,,109,2023,"Estonia, Israel, Uruguay, Portugal, Belgium","French, Hebrew, Russian, English, Arabic",https://www.imdb.com/title/tt26340605/,Science Fiction,"Drama, LGBTQ, Supernatural Thriller",Vincent Annen,Vincent Annen,Vincent Annen,Mélanie Carrel (Fanny); Naomie Margot (Lise),"Fanny and Lise, two young adults, have been a couple for many years. One night, a mysterious black object crashes down on their lawn. After touching it, each woman's left eye is strangely transformed, and soon their relationship is called into question.",EN,R,"Intense psychological distress, body horror elements, and mature relationship themes.","Switzerland, Sci-Fi, LGBTQ+, Body Horror, Relationship Drama, Mutation, Supernatural, Metaphor",LGBTQ+,"Drama, Arthouse, Sci-Fi, Fantasy","Beau Han Bridge, Guillermo Trochon, Noam Greif, Gwenn Joyaux, Vincent Annen, Pauline Beugnies","Laurence Buelens, Florencia Chao, Vincent Annen, Beau Han Bridge, Amit Hershkovitz, Shruti Sidhan","Beau Han Bridge, Guillermo Trochon, Noam Greif, Ana Falcon, Naomie Margot, Vincent Annen, Pauline Beugnies","Fiorella Bottaioli, Camila Vives, Irit Sheleg, Naama Amit, Mira Gaydarova, Daryna Butryk, Mélanie Carrel, Reem El Maghraby, Amina El Banna, Claire Beugnies",A vibrant collection of short films - by turns gritty and dreamlike - exploring the changes and complexities of a Love Evolving.,"An anxious woman navigates the bustle of modern day Cairo to find her missing lover, a young adult strives for an authentic connection in a future society numbed by alcohol, and two Cold War-era lovers face the consequences of finding romance across political borders. A vibrant collection of short films - by turns gritty and dreamlike - exploring the changes and complexities of a Love Evolving.",,R,"Sexual Content, Strong Language, Violence, Alcohol Use","LGBTQ+, Lesbian, Female Lead, Estonian films, Israeli films, Uruguayan films, Portuguese films, Belgian films, Short Film Compilation, Female Filmmakers, Period Films, Missing Person",Active,Gonella,sales@gonellaproductions.com ,Yes,,28/01/2023,4,28/01/2027,Worldwide,,Worldwide,https://e.pcloud.link/publink/show?code=kZI3dGZkA2RCX6epTFnpTaa7QUl2b2prXEX,https://e.pcloud.link/publink/show?code=XZLF7vZrjqaLRi1eBJGJC22VaRBquHirJHk,https://e.pcloud.link/publink/show?code=XZJGdGZ41OzjSFJCB57lbS993rHMjOTBkzX,https://e.pcloud.link/publink/show?code=XZ33dGZAsJXbbekjMXRqHNGwkbwI542tNfy,https://e.pcloud.link/publink/show?code=XZ8F7vZiFWLgMqvKwhIIMHOVj5ubYO6kpU7,https://e.pcloud.link/publink/show?code=kZ7SPGZFeiJOLGqW3uPhkymL7heCpGrubUX,https://www.youtube.com/watch?v=YEdOzZs8hts,https://e.pcloud.link/publink/show?code=XZXSPGZog3iYVzJgoRAgEMyT50l9ua5qPxk,https://e.pcloud.link/publink/show?code=XZVSPGZYuEV6IKvL5H8yEexPVHOep4GXHG7,https://e.pcloud.link/publink/show?code=XZ0SPGZDDSa2Ld1UP0X3aex3CWY30wGjTjk,German,https://www.filmdoo.com/films/love-evolving/,12/01/2023,12/01/2023,28/01/2023,,n/a,n/a,n/a,n/a,2025 LB Global Media,Box Brazil / FilmDoo / Reveel / Release Tracker,
Persephone Mara,Love Evolving,20,2022,Canada,English,https://www.imdb.com/title/tt12825932/,109,2023,"Estonia, Israel, Uruguay, Portugal, Belgium","French, Hebrew, Russian, English, Arabic",https://www.imdb.com/title/tt26340605/,Drama,"Fantasy, LGBTQ, Mythological Realism",Beau Han Bridge,Beau Han Bridge,Beau Han Bridge,Roni Marcelo (Persephone); Maria Yanagisawa (Mara),"Memory, love, and mental health are explored in this hybrid-fiction-cinema-play about two adolescents that decide to escape from the world around them.",EN,PG-13,"Mature emotional themes, artistic symbolism, and non-linear storytelling.","Canada, Mythology, LGBTQ+, Persephone, Fantasy, Intimacy, Artistic, Twin Flame",LGBTQ+,"Drama, Arthouse, Sci-Fi, Fantasy","Beau Han Bridge, Guillermo Trochon, Noam Greif, Gwenn Joyaux, Vincent Annen, Pauline Beugnies","Laurence Buelens, Florencia Chao, Vincent Annen, Beau Han Bridge, Amit Hershkovitz, Shruti Sidhan","Beau Han Bridge, Guillermo Trochon, Noam Greif, Ana Falcon, Naomie Margot, Vincent Annen, Pauline Beugnies","Fiorella Bottaioli, Camila Vives, Irit Sheleg, Naama Amit, Mira Gaydarova, Daryna Butryk, Mélanie Carrel, Reem El Maghraby, Amina El Banna, Claire Beugnies",A vibrant collection of short films - by turns gritty and dreamlike - exploring the changes and complexities of a Love Evolving.,"An anxious woman navigates the bustle of modern day Cairo to find her missing lover, a young adult strives for an authentic connection in a future society numbed by alcohol, and two Cold War-era lovers face the consequences of finding romance across political borders. A vibrant collection of short films - by turns gritty and dreamlike - exploring the changes and complexities of a Love Evolving.",,R,"Sexual Content, Strong Language, Violence, Alcohol Use","LGBTQ+, Lesbian, Female Lead, Estonian films, Israeli films, Uruguayan films, Portuguese films, Belgian films, Short Film Compilation, Female Filmmakers, Period Films, Missing Person",Active,Gonella,sales@gonellaproductions.com ,Yes,,28/01/2023,4,28/01/2027,Worldwide,,Worldwide,https://e.pcloud.link/publink/show?code=kZmGdGZeogHUTHrq8ba6GApsnK2FJzwQqKX,https://e.pcloud.link/publink/show?code=XZjGdGZx2liTMGxgGHKTa5Sw8hQxzLN67B7,https://e.pcloud.link/publink/show?code=XZfGdGZ1u5zPbRaYJLI9HEue6U6HfivJtWX,https://e.pcloud.link/publink/show?code=XZhGdGZWhoEBYMzcr7IoYpVuhi245tIhhUX,https://e.pcloud.link/publink/show?code=XZ2GdGZANOXKN1sMIfcpaEtoYKcKYOIwllX,https://e.pcloud.link/publink/show?code=kZ7SPGZFeiJOLGqW3uPhkymL7heCpGrubUX,https://www.youtube.com/watch?v=YEdOzZs8hts,https://e.pcloud.link/publink/show?code=XZXSPGZog3iYVzJgoRAgEMyT50l9ua5qPxk,https://e.pcloud.link/publink/show?code=XZVSPGZYuEV6IKvL5H8yEexPVHOep4GXHG7,https://e.pcloud.link/publink/show?code=XZ0SPGZDDSa2Ld1UP0X3aex3CWY30wGjTjk,German,https://www.filmdoo.com/films/love-evolving/,12/01/2023,12/01/2023,28/01/2023,,n/a,n/a,n/a,n/a,2025 LB Global Media,Box Brazil / FilmDoo / Reveel / Release Tracker,
The Burning Bush,Love Evolving,16,2019,Israel,Hebrew,https://www.imdb.com/title/tt10309688/?ref_=nm_knf_t_2,109,2023,"Estonia, Israel, Uruguay, Portugal, Belgium","French, Hebrew, Russian, English, Arabic",https://www.imdb.com/title/tt26340605/,Drama,"LGBTQ, Religious Drama",Noam Greif,Amit Hershkovitz,Noam Greif,Naama Amit (Ari); Inbal Lehavi (Danny); Irit Sheleg (Rachel),"A poetic story of letting go. Danny, a sensitive young woman, mourns the loss of her ex-girlfriend, symbolized by a small plant. Danny's mother wants her daughter to bury the memories, but when the dust settles something more powerful remains, which will not die.",EN,PG-13,"Religious conflict, mature emotional themes, and LGBTQ+ romance.","Israel, Hebrew, Religion, LGBTQ+, Forbidden Love, Identity, Faith, Coming of Age",LGBTQ+,"Drama, Arthouse, Sci-Fi, Fantasy","Beau Han Bridge, Guillermo Trochon, Noam Greif, Gwenn Joyaux, Vincent Annen, Pauline Beugnies","Laurence Buelens, Florencia Chao, Vincent Annen, Beau Han Bridge, Amit Hershkovitz, Shruti Sidhan","Beau Han Bridge, Guillermo Trochon, Noam Greif, Ana Falcon, Naomie Margot, Vincent Annen, Pauline Beugnies","Fiorella Bottaioli, Camila Vives, Irit Sheleg, Naama Amit, Mira Gaydarova, Daryna Butryk, Mélanie Carrel, Reem El Maghraby, Amina El Banna, Claire Beugnies",A vibrant collection of short films - by turns gritty and dreamlike - exploring the changes and complexities of a Love Evolving.,"An anxious woman navigates the bustle of modern day Cairo to find her missing lover, a young adult strives for an authentic connection in a future society numbed by alcohol, and two Cold War-era lovers face the consequences of finding romance across political borders. A vibrant collection of short films - by turns gritty and dreamlike - exploring the changes and complexities of a Love Evolving.",,R,"Sexual Content, Strong Language, Violence, Alcohol Use","LGBTQ+, Lesbian, Female Lead, Estonian films, Israeli films, Uruguayan films, Portuguese films, Belgian films, Short Film Compilation, Female Filmmakers, Period Films, Missing Person",Active,Gonella,sales@gonellaproductions.com ,Yes,,28/01/2023,4,28/01/2027,Worldwide,,Worldwide,https://e.pcloud.link/publink/show?code=kZWGdGZqDyCHv5R1dRvlYYhvwQ8ejWdyBx7,https://e.pcloud.link/publink/show?code=XZ9GdGZ4Bo7lEooXnR2aNvrHsnmqpA4fLWy,https://e.pcloud.link/publink/show?code=XZgGdGZGVTd8BmthTz26gGS7wcLMHszn9Py,https://e.pcloud.link/publink/show?code=XZ1GdGZu6miaroGfSSq5AMpo8pRk8CoDCDV,https://e.pcloud.link/publink/show?code=XZPGdGZGnJHoasGS0HpWwHRvngnXLCnzgjX,https://e.pcloud.link/publink/show?code=kZ7SPGZFeiJOLGqW3uPhkymL7heCpGrubUX,https://www.youtube.com/watch?v=YEdOzZs8hts,https://e.pcloud.link/publink/show?code=XZXSPGZog3iYVzJgoRAgEMyT50l9ua5qPxk,https://e.pcloud.link/publink/show?code=XZVSPGZYuEV6IKvL5H8yEexPVHOep4GXHG7,https://e.pcloud.link/publink/show?code=XZ0SPGZDDSa2Ld1UP0X3aex3CWY30wGjTjk,German,https://www.filmdoo.com/films/love-evolving/,12/01/2023,12/01/2023,28/01/2023,,n/a,n/a,n/a,n/a,2025 LB Global Media,Box Brazil / FilmDoo / Reveel / IMDB /  Release Tracker,
Tomorrow Island,Love Evolving,15,2018,"Estonia, Portugal, United Kingdom","Russian, Estonian",https://www.imdb.com/title/tt8799962/,109,2023,"Estonia, Israel, Uruguay, Portugal, Belgium","French, Hebrew, Russian, English, Arabic",https://www.imdb.com/title/tt26340605/,Drama,"LGBTQ, Thriller",Gwenn Joyaux,Shruti Sidhan,Ana Falcon,Daryna Butryk (Sveta); Mira Gaydarova (Ila); Vitali Vassiljev (Vlad),"At the dawn of the Cold War, a young Soviet telegraphist makes a desperate attempt to save her American lover from being stranded on the Russian side of the Bering Strait after receiving a border closure message.",EN,R,"Intense historical violence, political peril, and mature emotional distress.","Estonia, Cold War, Soviet Union, LGBTQ+, Escape, Border, 1980s, Political Thriller, Cold War, History",LGBTQ+,"Drama, Arthouse, Sci-Fi, Fantasy","Beau Han Bridge, Guillermo Trochon, Noam Greif, Gwenn Joyaux, Vincent Annen, Pauline Beugnies","Laurence Buelens, Florencia Chao, Vincent Annen, Beau Han Bridge, Amit Hershkovitz, Shruti Sidhan","Beau Han Bridge, Guillermo Trochon, Noam Greif, Ana Falcon, Naomie Margot, Vincent Annen, Pauline Beugnies","Fiorella Bottaioli, Camila Vives, Irit Sheleg, Naama Amit, Mira Gaydarova, Daryna Butryk, Mélanie Carrel, Reem El Maghraby, Amina El Banna, Claire Beugnies",A vibrant collection of short films - by turns gritty and dreamlike - exploring the changes and complexities of a Love Evolving.,"An anxious woman navigates the bustle of modern day Cairo to find her missing lover, a young adult strives for an authentic connection in a future society numbed by alcohol, and two Cold War-era lovers face the consequences of finding romance across political borders. A vibrant collection of short films - by turns gritty and dreamlike - exploring the changes and complexities of a Love Evolving.",,R,"Sexual Content, Strong Language, Violence, Alcohol Use","LGBTQ+, Lesbian, Female Lead, Estonian films, Israeli films, Uruguayan films, Portuguese films, Belgian films, Short Film Compilation, Female Filmmakers, Period Films, Missing Person",Active,Gonella,sales@gonellaproductions.com ,Yes,,28/01/2023,4,28/01/2027,Worldwide,,Worldwide,https://e.pcloud.link/publink/show?code=kZCGdGZ4r0hUIBdU1VrQTV2O7u5hBz8fwt7,https://e.pcloud.link/publink/show?code=XZEGdGZlGvE3VEYSL0nv0uD65k10Rw28Cty,https://e.pcloud.link/publink/show?code=XZ3GdGZy3RTzB5rm1kc825GJjNy4V7E3Tdk,https://e.pcloud.link/publink/show?code=XZwGdGZX1fkhCGXRykukG37npqVCRDpgbCy,https://e.pcloud.link/publink/show?code=XZiGdGZismVtDbQA44JI4l17e6qkfC6aQOX,https://e.pcloud.link/publink/show?code=kZ7SPGZFeiJOLGqW3uPhkymL7heCpGrubUX,https://www.youtube.com/watch?v=YEdOzZs8hts,https://e.pcloud.link/publink/show?code=XZXSPGZog3iYVzJgoRAgEMyT50l9ua5qPxk,https://e.pcloud.link/publink/show?code=XZVSPGZYuEV6IKvL5H8yEexPVHOep4GXHG7,https://e.pcloud.link/publink/show?code=XZ0SPGZDDSa2Ld1UP0X3aex3CWY30wGjTjk,German,https://www.filmdoo.com/films/love-evolving/,12/01/2023,12/01/2023,28/01/2023,,n/a,n/a,n/a,n/a,2025 LB Global Media,Box Brazil / FilmDoo / Reveel / IMDB /  Release Tracker,
Two Knights,No Place to Hide,16,2022,United Kingdom,English,,107,2025,"France, United Kingdom","French, English",https://www.imdb.com/title/tt41868813/,Drama,"LGBTQ, Fantasy",Piotr Szkopiak,Piotr Szkopiak,Piotr Szkopiak,Adrian Darko (Lucifer); Reece J. Morant (Michael); Michael Hajiantonis,"After being separated for millennia, Lucifer invites Archangel Michael to a seemingly innocent game of chess, which becomes a personal meditation on the nature of good and evil, the love they once shared and their ultimate place in the world. From director Piotr Szkopiak, 'Two Knights' is a short psychological drama of biblical proportions, set in a world where all is clearly not as it seems.",EN,R (16+),"Mature themes of faith, betrayal, and intense psychological dialogue.","UK, Biblical, Lucifer, Michael, Chess, LGBTQ+, Allegory, Good vs Evil, Psychological, Psychological / Biblical Allegory",LGBTQ,Drama,"Paulin·e Goasmat, Lucien Burckel de Tell, Sarah Al Atassi, David Chausse, Piotr Szkopiak","Piotr Szkopiakm, Quentin Daniel, Marie Enthoven, Hakim Atoui, Lucien Burckel de Tell","Paulin·e Goasmat, Lucien Burckel de Tell, Sarah Al Atassi, David Chausse, Adrian Darko, Tommaso Genoves","Sohan Pague, Thibault Servière, Aïmen Derriachi, Yuming Hey, Adrian Darko, Tommaso Genovesi",A compelling collection of short films—by turns gritty and celestial—exploring the search for truth and the moments we realize there is truly No Place to Hide.,"A devoted partner seeks dignity for his late transgender love, a fugitive in Paris attempts to outrun his past, and another searches for clarity as he navigates identity and desire. From unexpected rooftop encounters to a celestial game of chess, this compelling collection of shorts explores truth, acceptance and the moment we realise there is truly No Place to Hide.",,R,"Contains scenes of physical intimacy and nudity. Mature themes include transgender identity, institutional homophobia, fugitives in hiding, and the search for dignity under pressure.","LGBTQ+, Gay, Transgender, Drama, Fugitive, Identity, Dignity, Truth, Acceptance, Gritty, Tension, Emotional Realism, Short Film Collection",Active,Gonella,sales@gonellaproductions.com ,No ,https://www.dropbox.com/scl/fo/1bgbho0v3k6hwqlb5mh5k/h/LB%20GLOBAL%20MEDIA%20-%20NEW%20COMPILATIONS/Gonella?dl=0&preview=LB+Global+Media+Film+Distribution+Licence+Agreement+-+Gonella+-+November+2025+(countersigned).pdf&subfolder_nav_tracking=1,09/03/2026,4,09/03/2030,Worldwide,,"Worldwide excluding France until August 31st, 2026
Then Worldwide from September 1st, 2026, until the end of term",https://e.pcloud.link/publink/show?code=kZfF7vZx5ygwbzn9a5tj5m5FYgimR6WJr5y,https://e.pcloud.link/publink/show?code=kZWF7vZPOisAAY0R6hBLGtsiMblXVrwD81V,https://e.pcloud.link/publink/show?code=kZsF7vZ31lb4GBjcf5MxgiJSWKB9uNoY8gV,https://e.pcloud.link/publink/show?code=kZBF7vZ9N0cLy0LBrhxQK2zEpItd5JE1xNy,https://e.pcloud.link/publink/show?code=XZDF7vZ5xbCFlbiAO4I8nC9mftuE8owAnsy,https://e.pcloud.link/publink/show?code=kZxwu3ZNN2pzmTiI7yyFXwzqH4jpjDxIDFV,https://www.youtube.com/watch?v=Hb4UsVW0uIU,https://e.pcloud.link/publink/show?code=XZ24cGZ0pgDGBzRVlhXbO3OqVBdakvAGA7V,https://e.pcloud.link/publink/show?code=XZD4cGZBfHEf1IQcDhcmROGIxDv57gerq1V,https://e.pcloud.link/publink/show?code=XZe4cGZGwkvKTgTpI5CSGn0cfTREYLHkFUk,French,,,09/03/2026,09/03/2026,,https://www.amazon.com/gp/video/detail/B0GPF7TVVQ,https://www.amazon.co.uk/gp/video/detail/B0GPFW6GGG,,,2025 LB Global Media,Box Brazil / FilmDoo / Reveel / IMDB /  Release Tracker,
Not That Kind of Guy,No Place to Hide,26,2020,France,"French, Arabic",https://www.imdb.com/title/tt11562770/?ref_=ttfc_ov_bk,107,2025,"France, United Kingdom","French, English",https://www.imdb.com/title/tt41868813/,Drama,"LGBTQ, Trans Cinema, Social Realism",Sarah Al Atassi,Quentin Daniel,Sarah Al Atassi,Sohan Pague (Léto); Issa Al Issa (Hamza); Tibo Drouet (Jordan); Raphaël Thiéry,A young trans man navigating the isolation of the French suburbs finds a life-changing connection with an enigmatic Syrian immigrant.,EN,R,"Trans-specific themes, depictions of social hostility, and mature romantic content.","Trans Cinema  Social Realism, Romance",LGBTQ,Drama,"Paulin·e Goasmat, Lucien Burckel de Tell, Sarah Al Atassi, David Chausse, Piotr Szkopiak","Piotr Szkopiakm, Quentin Daniel, Marie Enthoven, Hakim Atoui, Lucien Burckel de Tell","Paulin·e Goasmat, Lucien Burckel de Tell, Sarah Al Atassi, David Chausse, Adrian Darko, Tommaso Genoves","Sohan Pague, Thibault Servière, Aïmen Derriachi, Yuming Hey, Adrian Darko, Tommaso Genovesi",A compelling collection of short films—by turns gritty and celestial—exploring the search for truth and the moments we realize there is truly No Place to Hide.,"A devoted partner seeks dignity for his late transgender love, a fugitive in Paris attempts to outrun his past, and another searches for clarity as he navigates identity and desire. From unexpected rooftop encounters to a celestial game of chess, this compelling collection of shorts explores truth, acceptance and the moment we realise there is truly No Place to Hide.",,R,"Contains scenes of physical intimacy and nudity. Mature themes include transgender identity, institutional homophobia, fugitives in hiding, and the search for dignity under pressure.","LGBTQ+, Gay, Transgender, Drama, Fugitive, Identity, Dignity, Truth, Acceptance, Gritty, Tension, Emotional Realism, Short Film Collection",Active,Wombat Films,qdaniel@me.com,No,https://www.dropbox.com/scl/fo/1bgbho0v3k6hwqlb5mh5k/h/LB%20GLOBAL%20MEDIA%20-%20NEW%20COMPILATIONS/Wombat%20Films?dl=0&preview=LB+Global+Media+Film+Distribution+Licence+Agreement+-+Wombat+Films+-+November+2025+-+Countersigned.pdf&subfolder_nav_tracking=1,09/03/2026,3,09/03/2029,Worldwide,"This title cannot be distributed via any streaming platform in North America or the United Kingdom that specialises in LGBTQ+ content, will only be distributed as part of a compilation of short films, and the licensee's acquisition of the above title excludes all educational rights, including sales, licenses and rentals to schools, colleges, universities, public and academic libraries, community and nonprofit organizations, museums and houses of worship.","Worldwide excluding France until August 31st, 2026
Then Worldwide from September 1st, 2026, until the end of term",https://e.pcloud.link/publink/show?code=kZeF7vZ4dNAN57CPAVM5f8C6XEamf7NAkt7,https://e.pcloud.link/publink/show?code=XZ9F7vZ2ecWn6PIlukKqlw6gjc3WVfaNuh7,https://e.pcloud.link/publink/show?code=kZMF7vZGbWSKtfW6qS4o9UMTka8YhMY4LI7,,https://e.pcloud.link/publink/show?code=XZTF7vZLd0If9dPLkjNkvBHjzA5pjIRYKuy,https://e.pcloud.link/publink/show?code=kZxwu3ZNN2pzmTiI7yyFXwzqH4jpjDxIDFV,https://www.youtube.com/watch?v=Hb4UsVW0uIU,https://e.pcloud.link/publink/show?code=XZ24cGZ0pgDGBzRVlhXbO3OqVBdakvAGA7V,https://e.pcloud.link/publink/show?code=XZD4cGZBfHEf1IQcDhcmROGIxDv57gerq1V,https://e.pcloud.link/publink/show?code=XZe4cGZGwkvKTgTpI5CSGn0cfTREYLHkFUk,French,,,09/03/2026,09/03/2026,,https://www.amazon.com/gp/video/detail/B0GPF7TVVQ,https://www.amazon.co.uk/gp/video/detail/B0GPFW6GGG,,,2025 LB Global Media,Box Brazil / FilmDoo / Reveel / IMDB /  Release Tracker,
Cherchez Le Garçon/ Find That Boy,No Place to Hide,17,2024,"France, Belgium",French,https://www.imdb.com/title/tt32344594/,107,2025,"France, United Kingdom","French, English",https://www.imdb.com/title/tt41868813/,Drama,"LGBTQ, Trans Cinema, Social Realism",Paulin·e Goasmat,Marie Enthoven; Stephen Seznec,Paulin·e Goasmat,Sohan Pague (Tom); Mélodie Lauret (BB); Judikaël Goater (Louise); Charlie Pietrantoni (Charly),Friends of a deceased trans man gather to give him a proper memorial after his family buries him under his birth name.,EN,R,"Themes of transphobia, grief, and intense familial conflict.","France, Transgender, Chosen Family, Grief, Identity, Deadnaming, Queer Cinema, Social Drama",LGBTQ,Drama,"Paulin·e Goasmat, Lucien Burckel de Tell, Sarah Al Atassi, David Chausse, Piotr Szkopiak","Piotr Szkopiakm, Quentin Daniel, Marie Enthoven, Hakim Atoui, Lucien Burckel de Tell","Paulin·e Goasmat, Lucien Burckel de Tell, Sarah Al Atassi, David Chausse, Adrian Darko, Tommaso Genoves","Sohan Pague, Thibault Servière, Aïmen Derriachi, Yuming Hey, Adrian Darko, Tommaso Genovesi",A compelling collection of short films—by turns gritty and celestial—exploring the search for truth and the moments we realize there is truly No Place to Hide.,"A devoted partner seeks dignity for his late transgender love, a fugitive in Paris attempts to outrun his past, and another searches for clarity as he navigates identity and desire. From unexpected rooftop encounters to a celestial game of chess, this compelling collection of shorts explores truth, acceptance and the moment we realise there is truly No Place to Hide.",,R,"Contains scenes of physical intimacy and nudity. Mature themes include transgender identity, institutional homophobia, fugitives in hiding, and the search for dignity under pressure.","LGBTQ+, Gay, Transgender, Drama, Fugitive, Identity, Dignity, Truth, Acceptance, Gritty, Tension, Emotional Realism, Short Film Collection",Active,Bagan Films / Next Film Distribution,enzo@nextfilmdistribution.com,Yes,https://www.dropbox.com/scl/fo/1bgbho0v3k6hwqlb5mh5k/h/LB%20GLOBAL%20MEDIA%20-%20NEW%20COMPILATIONS/Bagan%20Films?dl=0&preview=LB+Global+Media+Film+Distribution+Licence+Agreement+-+Bagan+Films+-+November+2025+-+Countersigned.pdf&subfolder_nav_tracking=1,09/03/2026,3,09/03/2029,,"Excluding France until August 31st, 2026 - Worldwide from September 1st, 2026, until the end of term","Worldwide excluding France until August 31st, 2026
Then Worldwide from September 1st, 2026, until the end of term",https://e.pcloud.link/publink/show?code=kZgF7vZ7wI1CNQ1kFRzy3L9XSydWBTcgdRk,https://e.pcloud.link/publink/show?code=kZPF7vZSTkOY8S6kvygi81ncMoxi0Jyk8IX,https://e.pcloud.link/publink/show?code=kZCF7vZNUQGI3pmqRJP3vBDhAsApJl2m04X,,https://e.pcloud.link/publink/show?code=XZxF7vZ1P6XvGpMAdJyVaYNn1vc1kzDAbeV,https://e.pcloud.link/publink/show?code=kZxwu3ZNN2pzmTiI7yyFXwzqH4jpjDxIDFV,https://www.youtube.com/watch?v=Hb4UsVW0uIU,https://e.pcloud.link/publink/show?code=XZ24cGZ0pgDGBzRVlhXbO3OqVBdakvAGA7V,https://e.pcloud.link/publink/show?code=XZD4cGZBfHEf1IQcDhcmROGIxDv57gerq1V,https://e.pcloud.link/publink/show?code=XZe4cGZGwkvKTgTpI5CSGn0cfTREYLHkFUk,French,,,09/03/2026,09/03/2026,,https://www.amazon.com/gp/video/detail/B0GPF7TVVQ,https://www.amazon.co.uk/gp/video/detail/B0GPFW6GGG,,,2025 LB Global Media,Box Brazil / FilmDoo / Reveel / IMDB /  Release Tracker,
The Edge,No Place to Hide,20,2019,France,French,https://www.imdb.com/title/tt10105944/,107,2025,"France, United Kingdom","French, English",https://www.imdb.com/title/tt41868813/,Drama,"LGBTQ, Contemporary Realism, Romance",David Chausse,Hakim Atoui; Elsa Leeb; David Solal,David Chausse,Aïmen Derriachi (Malik); Yuming Hey (Jules),Two young men - a dancer and a pizza delivery man - inadvertently become trapped on the rooftop of an apartment building.,EN,R,Mature romantic themes and depictions of marginalized youth identity.,"France, LGBTQ+, Urban, Industrial, Youth, Romance, Identity, Modern Love",LGBTQ,Drama,"Paulin·e Goasmat, Lucien Burckel de Tell, Sarah Al Atassi, David Chausse, Piotr Szkopiak","Piotr Szkopiakm, Quentin Daniel, Marie Enthoven, Hakim Atoui, Lucien Burckel de Tell","Paulin·e Goasmat, Lucien Burckel de Tell, Sarah Al Atassi, David Chausse, Adrian Darko, Tommaso Genoves","Sohan Pague, Thibault Servière, Aïmen Derriachi, Yuming Hey, Adrian Darko, Tommaso Genovesi",A compelling collection of short films—by turns gritty and celestial—exploring the search for truth and the moments we realize there is truly No Place to Hide.,"A devoted partner seeks dignity for his late transgender love, a fugitive in Paris attempts to outrun his past, and another searches for clarity as he navigates identity and desire. From unexpected rooftop encounters to a celestial game of chess, this compelling collection of shorts explores truth, acceptance and the moment we realise there is truly No Place to Hide.",,R,"Contains scenes of physical intimacy and nudity. Mature themes include transgender identity, institutional homophobia, fugitives in hiding, and the search for dignity under pressure.","LGBTQ+, Gay, Transgender, Drama, Fugitive, Identity, Dignity, Truth, Acceptance, Gritty, Tension, Emotional Realism, Short Film Collection",Active,Bagan Films / Next Film Distribution,enzo@nextfilmdistribution.com,Yes,https://www.dropbox.com/scl/fo/1bgbho0v3k6hwqlb5mh5k/h/LB%20GLOBAL%20MEDIA%20-%20NEW%20COMPILATIONS/Bagan%20Films?dl=0&preview=LB+Global+Media+Film+Distribution+Licence+Agreement+-+Bagan+Films+-+November+2025+-+Countersigned.pdf&subfolder_nav_tracking=1,09/03/2026,3,09/03/2029,Worldwide,,"Worldwide excluding France until August 31st, 2026
Then Worldwide from September 1st, 2026, until the end of term",https://e.pcloud.link/publink/show?code=kZwF7vZfVjeB4Kc8oSMDngazYkKbhVmr6g7,https://e.pcloud.link/publink/show?code=XZlF7vZ6EXA4pLRcpuWTK3NmBNjpJL2sl2X,https://e.pcloud.link/publink/show?code=kZdF7vZvySQ4ihNz6VeANrmnAJq2ygkyUCV,,https://e.pcloud.link/publink/show?code=XZKF7vZmwwPPSbgtdyOP7fFKt09TjWkSYqy,https://e.pcloud.link/publink/show?code=kZxwu3ZNN2pzmTiI7yyFXwzqH4jpjDxIDFV,https://www.youtube.com/watch?v=Hb4UsVW0uIU,https://e.pcloud.link/publink/show?code=XZ24cGZ0pgDGBzRVlhXbO3OqVBdakvAGA7V,https://e.pcloud.link/publink/show?code=XZD4cGZBfHEf1IQcDhcmROGIxDv57gerq1V,https://e.pcloud.link/publink/show?code=XZe4cGZGwkvKTgTpI5CSGn0cfTREYLHkFUk,French,,,09/03/2026,09/03/2026,,https://www.amazon.com/gp/video/detail/B0GPF7TVVQ,https://www.amazon.co.uk/gp/video/detail/B0GPFW6GGG,,,2025 LB Global Media,Box Brazil / FilmDoo / Reveel / IMDB /  Release Tracker,
Lukas M.,No Place to Hide,28,2023,France,French,https://www.imdb.com/title/tt21261130/,107,2025,"France, United Kingdom","French, English",https://www.imdb.com/title/tt41868813/,Drama,"Thriller, LGBTQ, Psychological Noir",Lucien Burckel de Tell,Lucien Burckel de Tell,Lucien Burckel de Tell,Thibault Servière (Lukas M.); Mickaël Winum (Gaël); Alexandre Djuric (Monsieur G.),"Lukas arrives in Paris from Canada and stays in a cheap hotel during a few days. We quickly discover that he is on a run because of a crime he committed in Montreal. Ignoring his crime and the fact that he is being searched by Interpol, he leads a normal life in the french capital, but the obsession of his beauty and his public image doesn't leave him.",EN,R,"Strong psychological distress, mature themes of identity, and mild language.","France, Actor, Fame, Identity, Psychological Thriller, Hotel, LGBTQ+, Press Junket",LGBTQ,Drama,"Paulin·e Goasmat, Lucien Burckel de Tell, Sarah Al Atassi, David Chausse, Piotr Szkopiak","Piotr Szkopiakm, Quentin Daniel, Marie Enthoven, Hakim Atoui, Lucien Burckel de Tell","Paulin·e Goasmat, Lucien Burckel de Tell, Sarah Al Atassi, David Chausse, Adrian Darko, Tommaso Genoves","Sohan Pague, Thibault Servière, Aïmen Derriachi, Yuming Hey, Adrian Darko, Tommaso Genovesi",A compelling collection of short films—by turns gritty and celestial—exploring the search for truth and the moments we realize there is truly No Place to Hide.,"A devoted partner seeks dignity for his late transgender love, a fugitive in Paris attempts to outrun his past, and another searches for clarity as he navigates identity and desire. From unexpected rooftop encounters to a celestial game of chess, this compelling collection of shorts explores truth, acceptance and the moment we realise there is truly No Place to Hide.",,R,"Contains scenes of physical intimacy and nudity. Mature themes include transgender identity, institutional homophobia, fugitives in hiding, and the search for dignity under pressure.","LGBTQ+, Gay, Transgender, Drama, Fugitive, Identity, Dignity, Truth, Acceptance, Gritty, Tension, Emotional Realism, Short Film Collection",Active,Bagan Films / Next Film Distribution,enzo@nextfilmdistribution.com,Yes,https://www.dropbox.com/scl/fo/1bgbho0v3k6hwqlb5mh5k/h/LB%20GLOBAL%20MEDIA%20-%20NEW%20COMPILATIONS/Bagan%20Films?dl=0&preview=LB+Global+Media+Film+Distribution+Licence+Agreement+-+Bagan+Films+-+November+2025+-+Countersigned.pdf&subfolder_nav_tracking=1,09/03/2026,3,09/03/2029,Worldwide,,"Worldwide excluding France until August 31st, 2026
Then Worldwide from September 1st, 2026, until the end of term",https://e.pcloud.link/publink/show?code=kZqF7vZl34tTNegQykPblcwQuoYVJ4AK9Ty,https://e.pcloud.link/publink/show?code=XZ6F7vZ8zKFjmYHnnLgavxCoJDxskzbUTsV,https://e.pcloud.link/publink/show?code=kZOF7vZoGO6dyJnQ5LLWkWYl9LIsLeLqlSk,,,https://e.pcloud.link/publink/show?code=kZxwu3ZNN2pzmTiI7yyFXwzqH4jpjDxIDFV,https://www.youtube.com/watch?v=Hb4UsVW0uIU,https://e.pcloud.link/publink/show?code=XZ24cGZ0pgDGBzRVlhXbO3OqVBdakvAGA7V,https://e.pcloud.link/publink/show?code=XZD4cGZBfHEf1IQcDhcmROGIxDv57gerq1V,https://e.pcloud.link/publink/show?code=XZe4cGZGwkvKTgTpI5CSGn0cfTREYLHkFUk,French,,,09/03/2026,09/03/2026,,https://www.amazon.com/gp/video/detail/B0GPF7TVVQ,https://www.amazon.co.uk/gp/video/detail/B0GPFW6GGG,,,2025 LB Global Media,Box Brazil / FilmDoo / Reveel / IMDB /  Release Tracker,
"Dolphin Getaway, Summer",Where We Begin,19,2021,South Korea,Korean,,68,2025,"Korea, Spain, China, United States","Korean, Spanish, English",https://www.imdb.com/title/tt42205217/,Drama,Coming of Age,Kim Guk-hee,Kang Mi-rim,Kim Guk-hee,"Kim Ha-eun, Yang Seul","Jiu, who can't stand seeing a dolphin trapped in an aquarium, sets off on a private school trip with her friend Seo-yeon.",EN,R,"Mild language, mild themes, depictions of same-sex attraction, suitable for older children and above.","Lesbian, High School, Crush, Teens, Women, Queer, Environment",LGBTQ,Coming of Age,"Guk-hee, Han Huang, Seung Jae Lee, Raquel Maral, Paloma Lopez","Kang Mi-rim, Soo Yeon Kim, Han Huang, Raquel Maral, Natalie Herman","Kim Guk-hee, Seung Jae Lee, Quilez Carlota, Raquel Maral, Paloma Lopez","Kim Ha-eun, Yang Seul, Maria Claudia, Paula Losada, Seo Han Lee, Min Yeong Kang, Laura Candil, Mariana Fernández, Maya Delmont, Amber Wynne-Jones","A collection of female-focused stories about fleeting moments of youth — a rekindled romance, a fairy tale book that unlocks a classmate's inner world, and a charged glance between two teens preparing for a night out.","An old photo sparks the memory of a romance now past, a fairy tale book proves the key to understanding a classmate's inner world, and a brief exchange of gazes hints at something deeper between two teens prepping for a night out. A dazzling collection of female-focused stories about the fleeting moments of youth that linger on as bittersweet recollections.","English, German",U/PG,None,"Lesbian, High School, Crush, Teens, Women, Queer, Environment, Coming of Age, Homophobia, Relationship, Memories, Breakups, New Beginnings, Leaving, Teenagers",Active,Indiestory,sales@indiestory.com - Tel +82 2 722 6051 Mobile +82 01022114418,Yes,https://www.dropbox.com/scl/fo/1bgbho0v3k6hwqlb5mh5k/h/LB%20GLOBAL%20MEDIA%20-%20NEW%20COMPILATIONS/Indiestory?dl=0&preview=LB+Global+Media+Film+Distribution+Licence+Agreement+-+Indiestory+March+14April2025+-+counter+Signed.pdf&subfolder_nav_tracking=1,04/08/2025,3,04/08/2028,All countries except those mentioned in Geo-Restrictions,Excluding South Korea,04/08/2028 (but 04/08/2029 for the Gonella shorts),https://drive.google.com/drive/folders/1pFQlydBbvf6oy793eLp9rF9_FnytvvzN?usp=sharing,https://drive.google.com/file/d/15jvvTmTX2S3HVNaFaJDTy4unMd93Kjjj/view?usp=drive_link,https://drive.google.com/drive/folders/1-qNZP8MR1h8zL0lDG7Qi9uVtV871EpY3?usp=drive_link,,https://drive.google.com/file/d/14qnegpey6kp-62-nuxieJEmE1TN9bwqR/view?usp=sharing,https://drive.google.com/drive/u/1/folders/1AHtMae_ts0O1T88EZbBHaVHWv-V-Bg95,https://www.youtube.com/watch?v=oRVRvQL8CQ4,https://drive.google.com/file/d/1kt4A98pFEdsYtCk3uTUuLYWp3VCZw_Ne/view?usp=sharing,https://drive.google.com/file/d/13UEUTNyM3kHcpvwYuRjvFegTdEFzal1R/view?usp=sharing,https://drive.google.com/file/d/1o1J-q1AxcF3YZn-gZu5sBnacpWCmJp9X/view?usp=sharing,German,,,04/ 08/2025,04/ 08/2025,,https://www.amazon.com/gp/video/detail/B0FJZ74PVD,https://www.amazon.co.uk/gp/video/detail/B0FJZHH4JB,,https://fawesome.tv/movies/10742607/where-we-begin,2025 LB Global Media,"Amazon Prime, Google Drive, indieground",
The Fairy Tale,Where We Begin,15,2020,South Korea,Korean,https://www.imdb.com/title/tt14709506/,68,2025,"Korea, Spain, China, United States","Korean, Spanish, English",https://www.imdb.com/title/tt42205217/,Drama,,Seung Jae Lee,Soo Yeon Kim,Seung Jae Lee,"Min Yeong Kang (Eun Jeong), Seo Han Lee (Hyeon Woo)","Hyun-woo confesses to Eun-jung but gets rejected. Then, Eun-jung handed Hyun-woo a fairy tale book - Hyun-woo gradually learns about the secret of Eun-jung.",EN,R,"Lesbian, Queer, Crush, High School, Coming of Age","Lesbian, High School, Coming of Age, Teens, Homophobia",LGBTQ,Coming of Age,"Guk-hee, Han Huang, Seung Jae Lee, Raquel Maral, Paloma Lopez","Kang Mi-rim, Soo Yeon Kim, Han Huang, Raquel Maral, Natalie Herman","Kim Guk-hee, Seung Jae Lee, Quilez Carlota, Raquel Maral, Paloma Lopez","Kim Ha-eun, Yang Seul, Maria Claudia, Paula Losada, Seo Han Lee, Min Yeong Kang, Laura Candil, Mariana Fernández, Maya Delmont, Amber Wynne-Jones","A collection of female-focused stories about fleeting moments of youth — a rekindled romance, a fairy tale book that unlocks a classmate's inner world, and a charged glance between two teens preparing for a night out.","An old photo sparks the memory of a romance now past, a fairy tale book proves the key to understanding a classmate's inner world, and a brief exchange of gazes hints at something deeper between two teens prepping for a night out. A dazzling collection of female-focused stories about the fleeting moments of youth that linger on as bittersweet recollections.","English, German",PG,None,"Lesbian, High School, Crush, Teens, Women, Queer, Environment, Coming of Age, Homophobia, Relationship, Memories, Breakups, New Beginnings, Leaving, Teenagers",Active,Gonella,sales@gonellaproductions.com,No,https://www.dropbox.com/scl/fo/1bgbho0v3k6hwqlb5mh5k/h/LB%20GLOBAL%20MEDIA%20-%20NEW%20COMPILATIONS/Gonella?dl=0&preview=LB+Global+Media+Film+Distribution+Licence+Agreement+-+Gonella+23d+April+2025+(countersigned).pdf&subfolder_nav_tracking=1,04/08/2025,4,04/08/2029,Worldwide,,04/08/2028 (but 04/08/2029 for the Gonella shorts),https://drive.google.com/drive/folders/15PSoCnVxaGZetmDgRK-KwU7N2FkWC_BV?usp=sharing,https://drive.google.com/file/d/1wVMN4tRyS33ZuPQ88F-5x4zGNd5FqjGa/view?usp=drive_link,https://drive.google.com/drive/folders/1L719rDNTcKQLAmCzmtMfanGCqvReKDlZ?usp=drive_link,https://drive.google.com/file/d/1BoA-yf8c3ftmpgowxe8gW36PeLLa5qKd/view?usp=sharing,https://drive.google.com/file/d/1ylcvdbTubqDbWdET2IXgQP39GqWh7MLx/view?usp=sharing,https://drive.google.com/drive/u/1/folders/1AHtMae_ts0O1T88EZbBHaVHWv-V-Bg95,https://www.youtube.com/watch?v=oRVRvQL8CQ4,https://drive.google.com/file/d/1kt4A98pFEdsYtCk3uTUuLYWp3VCZw_Ne/view?usp=sharing,https://drive.google.com/file/d/13UEUTNyM3kHcpvwYuRjvFegTdEFzal1R/view?usp=sharing,https://drive.google.com/file/d/1o1J-q1AxcF3YZn-gZu5sBnacpWCmJp9X/view?usp=sharing,German,,,04/ 08/2025,04/ 08/2025,,https://www.amazon.com/gp/video/detail/B0FJZ74PVD,https://www.amazon.co.uk/gp/video/detail/B0FJZHH4JB,,https://fawesome.tv/movies/10742607/where-we-begin,2025 LB Global Media,"Amazon Prime, Google Drive",
The Sunlight Through The Gaps In The Trees,Where We Begin,17,2023,"Spain, China",Spanish,https://www.imdb.com/title/tt36670848/?ref_=ttfc_ov_bk,68,2025,"Korea, Spain, China, United States","Korean, Spanish, English",https://www.imdb.com/title/tt42205217/,Drama,Romance,Han Huang,Han Huang,Quilez Carlota,"Maria Claudia (Jude), Paula Losada (Emily), Biasova Ornella (Girl)","Jude, a confused girl, tries to recapture a short-lived and beautiful lesbian relationship through a photo left behind by her former partner.",EN,R,"Lesbian, Crush, Travel, Memories, Relationship","Lesbian, Relationship, Memories, Breakups",LGBTQ,Coming of Age,"Guk-hee, Han Huang, Seung Jae Lee, Raquel Maral, Paloma Lopez","Kang Mi-rim, Soo Yeon Kim, Han Huang, Raquel Maral, Natalie Herman","Kim Guk-hee, Seung Jae Lee, Quilez Carlota, Raquel Maral, Paloma Lopez","Kim Ha-eun, Yang Seul, Maria Claudia, Paula Losada, Seo Han Lee, Min Yeong Kang, Laura Candil, Mariana Fernández, Maya Delmont, Amber Wynne-Jones","A collection of female-focused stories about fleeting moments of youth — a rekindled romance, a fairy tale book that unlocks a classmate's inner world, and a charged glance between two teens preparing for a night out.","An old photo sparks the memory of a romance now past, a fairy tale book proves the key to understanding a classmate's inner world, and a brief exchange of gazes hints at something deeper between two teens prepping for a night out. A dazzling collection of female-focused stories about the fleeting moments of youth that linger on as bittersweet recollections.","English, German",12/15,Mild alcohol reference,"Lesbian, High School, Crush, Teens, Women, Queer, Environment, Coming of Age, Homophobia, Relationship, Memories, Breakups, New Beginnings, Leaving, Teenagers",Active,Gonella,sales@gonellaproductions.com,No,https://www.dropbox.com/scl/fo/1bgbho0v3k6hwqlb5mh5k/h/LB%20GLOBAL%20MEDIA%20-%20NEW%20COMPILATIONS/Gonella?dl=0&preview=LB+Global+Media+Film+Distribution+Licence+Agreement+-+Gonella+23d+April+2025+(countersigned).pdf&subfolder_nav_tracking=1,04/08/2025,4,04/08/2029,Worldwide,,04/08/2028 (but 04/08/2029 for the Gonella shorts),https://drive.google.com/drive/folders/11RWO0JhWPiqXuwP7qubIe7GtlBRWj-Uy?usp=sharing,https://drive.google.com/file/d/1hfKIGMihiEsycZMJHEJfExzUcLbBo_h0/view?usp=drive_link,https://drive.google.com/file/d/10l5yyq7-5P4T_Eqv8vES_eiMrnRjudYU/view?usp=drive_link,https://drive.google.com/file/d/1y7ZQ7RKTm8j0yG3_5n4lT3H9yE31HBWG/view?usp=sharing,https://drive.google.com/file/d/1wpbGI4vE0tzhIyM2gUTJbmf7I9zOIRa-/view?usp=sharing,https://drive.google.com/drive/u/1/folders/1AHtMae_ts0O1T88EZbBHaVHWv-V-Bg95,https://www.youtube.com/watch?v=oRVRvQL8CQ4,https://drive.google.com/file/d/1kt4A98pFEdsYtCk3uTUuLYWp3VCZw_Ne/view?usp=sharing,https://drive.google.com/file/d/13UEUTNyM3kHcpvwYuRjvFegTdEFzal1R/view?usp=sharing,https://drive.google.com/file/d/1o1J-q1AxcF3YZn-gZu5sBnacpWCmJp9X/view?usp=sharing,German,,,04/ 08/2025,04/ 08/2025,,https://www.amazon.com/gp/video/detail/B0FJZ74PVD,https://www.amazon.co.uk/gp/video/detail/B0FJZHH4JB,,https://fawesome.tv/movies/10742607/where-we-begin,2025 LB Global Media,"Amazon Prime, Google Drive",
A Breath of Fresh Air,Where We Begin,11,2022,Spain,Spanish,,68,2025,"Korea, Spain, China, United States","Korean, Spanish, English",https://www.imdb.com/title/tt42205217/,LGBTQ,Drama,Raquel Maral,Raquel Maral,Raquel Maral,"Laura Candil, Mariana Fernández, Rodrigo Nuevo","After a year full of personal problems, Greta decides to apply for a scholarship in London to get away from all her troubles. Before embarking on her new adventure, she celebrates her birthday and meets Julia, who will make her rethink everything once again.",EN,"PG-13,",Contains mild themes of romantic attraction and self-discovery,"Lesbian, New Beginnings, Leaving",LGBTQ,Coming of Age,"Guk-hee, Han Huang, Seung Jae Lee, Raquel Maral, Paloma Lopez","Kang Mi-rim, Soo Yeon Kim, Han Huang, Raquel Maral, Natalie Herman","Kim Guk-hee, Seung Jae Lee, Quilez Carlota, Raquel Maral, Paloma Lopez","Kim Ha-eun, Yang Seul, Maria Claudia, Paula Losada, Seo Han Lee, Min Yeong Kang, Laura Candil, Mariana Fernández, Maya Delmont, Amber Wynne-Jones","A collection of female-focused stories about fleeting moments of youth — a rekindled romance, a fairy tale book that unlocks a classmate's inner world, and a charged glance between two teens preparing for a night out.","An old photo sparks the memory of a romance now past, a fairy tale book proves the key to understanding a classmate's inner world, and a brief exchange of gazes hints at something deeper between two teens prepping for a night out. A dazzling collection of female-focused stories about the fleeting moments of youth that linger on as bittersweet recollections.","English, German",PG,Mild Sexual Content,"Lesbian, High School, Crush, Teens, Women, Queer, Environment, Coming of Age, Homophobia, Relationship, Memories, Breakups, New Beginnings, Leaving, Teenagers",Active,Gonella,sales@gonellaproductions.com,No,https://www.dropbox.com/scl/fo/1bgbho0v3k6hwqlb5mh5k/h/LB%20GLOBAL%20MEDIA%20-%20NEW%20COMPILATIONS/Gonella?dl=0&preview=LB+Global+Media+Film+Distribution+Licence+Agreement+-+Gonella+23d+April+2025+(countersigned).pdf&subfolder_nav_tracking=1,04/08/2025,4,04/08/2029,Worldwide,,04/08/2028 (but 04/08/2029 for the Gonella shorts),https://drive.google.com/drive/folders/1DtmS-TaTUVIxscQYpbDV8HFYDxuQuuU9?usp=sharing,https://drive.google.com/file/d/1-6Fe3K9Sgacm-fJTMXf6jPK9eQr_gZ4Z/view?usp=drive_link,https://drive.google.com/drive/folders/1Ou5miLb0OQZnccUxuQzWS1GZ-rsUE9jv?usp=drive_link,https://drive.google.com/file/d/1GIMIJ1MYYPlqN_XiObDXoZZz_qU9uYfm/view?usp=sharing,https://drive.google.com/file/d/1C0yl49sc2S6-eWAxbcYU6IIvaAhEFu8E/view?usp=sharing,https://drive.google.com/drive/u/1/folders/1AHtMae_ts0O1T88EZbBHaVHWv-V-Bg95,https://www.youtube.com/watch?v=oRVRvQL8CQ4,https://drive.google.com/file/d/1kt4A98pFEdsYtCk3uTUuLYWp3VCZw_Ne/view?usp=sharing,https://drive.google.com/file/d/13UEUTNyM3kHcpvwYuRjvFegTdEFzal1R/view?usp=sharing,https://drive.google.com/file/d/1o1J-q1AxcF3YZn-gZu5sBnacpWCmJp9X/view?usp=sharing,German,,,04/ 08/2025,04/ 08/2025,,https://www.amazon.com/gp/video/detail/B0FJZ74PVD,https://www.amazon.co.uk/gp/video/detail/B0FJZHH4JB,,https://fawesome.tv/movies/10742607/where-we-begin,2025 LB Global Media,"Amazon Prime, Google Drive",
Girls & The Party,Where We Begin,6,2021,USA,English,https://www.imdb.com/title/tt13899268/,68,2025,"Korea, Spain, China, United States","Korean, Spanish, English",https://www.imdb.com/title/tt42205217/,Drama,LGBTQ,Paloma Lopez,Natalie Herman,Paloma Lopez,"Maya Delmont - Mercedes, Amber Wynne-Jones - Julia, Arianna López - Carlota, Nayara Alexis - Camila",A group of 16 year-old girlfriends get ready for a party together.,EN,"PG-13,",Contains mild references to teenage romantic attraction and themes of sexual identity,"Teenagers, Crush, Lesbian, Lesbian, New Beginnings, Leaving",LGBTQ,Coming of Age,"Guk-hee, Han Huang, Seung Jae Lee, Raquel Maral, Paloma Lopez","Kang Mi-rim, Soo Yeon Kim, Han Huang, Raquel Maral, Natalie Herman","Kim Guk-hee, Seung Jae Lee, Quilez Carlota, Raquel Maral, Paloma Lopez","Kim Ha-eun, Yang Seul, Maria Claudia, Paula Losada, Seo Han Lee, Min Yeong Kang, Laura Candil, Mariana Fernández, Maya Delmont, Amber Wynne-Jones","A collection of female-focused stories about fleeting moments of youth — a rekindled romance, a fairy tale book that unlocks a classmate's inner world, and a charged glance between two teens preparing for a night out.","An old photo sparks the memory of a romance now past, a fairy tale book proves the key to understanding a classmate's inner world, and a brief exchange of gazes hints at something deeper between two teens prepping for a night out. A dazzling collection of female-focused stories about the fleeting moments of youth that linger on as bittersweet recollections.","English, German",15 (strong language),None,"Lesbian, High School, Crush, Teens, Women, Queer, Environment, Coming of Age, Homophobia, Relationship, Memories, Breakups, New Beginnings, Leaving, Teenagers",Active,Manifest Pictures,anais@manifest.pictures,No,https://www.dropbox.com/scl/fo/1bgbho0v3k6hwqlb5mh5k/h/LB%20GLOBAL%20MEDIA%20-%20NEW%20COMPILATIONS/Manifest%20Pictures?dl=0&preview=LB+Global+Media+Film+Distribution+Licence+Agreement+-+Manifest+Pictures+March+2025+(1)+-+Countersigned.pdf&subfolder_nav_tracking=1,04/08/2025,3,04/08/2028,Worldwide,,04/08/2028 (but 04/08/2029 for the Gonella shorts),https://drive.google.com/drive/folders/10SeLa-ZXwPan_feka0CCyDZfHl8IxnZo?usp=sharing,https://drive.google.com/file/d/1iaRG6bbyPwfVclYIRLkd5CTTdxXH7xk-/view?usp=drive_link,https://drive.google.com/drive/folders/1DgiAHQQX_RNcb3_Gb--5GCAbCSFkbrAa?usp=sharing,,https://drive.google.com/file/d/1C0yl49sc2S6-eWAxbcYU6IIvaAhEFu8E/view?usp=drive_link,https://drive.google.com/drive/u/1/folders/1AHtMae_ts0O1T88EZbBHaVHWv-V-Bg95,https://www.youtube.com/watch?v=oRVRvQL8CQ4,https://drive.google.com/file/d/1kt4A98pFEdsYtCk3uTUuLYWp3VCZw_Ne/view?usp=sharing,https://drive.google.com/file/d/13UEUTNyM3kHcpvwYuRjvFegTdEFzal1R/view?usp=sharing,https://drive.google.com/file/d/1o1J-q1AxcF3YZn-gZu5sBnacpWCmJp9X/view?usp=sharing,German,,,04/ 08/2025,04/ 08/2025,,https://www.amazon.com/gp/video/detail/B0FJZ74PVD,https://www.amazon.co.uk/gp/video/detail/B0FJZHH4JB,,https://fawesome.tv/movies/10742607/where-we-begin,2025 LB Global Media,Box Brazil / FilmDoo / Reveel / IMDB /  Release Tracker,
,,,,,,,,,,,,,,,,,,,,,,,,,,,,,,,,,,,,,,,,,,,,,,,,,,,,,,,,,,,,,,,,,,,,
,,,,,,,,,,,,,,,,,,,,,,,,,,,,,,,,,,,,,,,,,,,,,,,,,,,,,,,,,,,,,,,,,,,,
Help 3/ I'm Watching Over You,An Artificial Life,15,2019,France,French,https://www.imdb.com/title/tt10368338/,107,2026,"France, Korea","French, Korean",,Drama,Sci-Fi,Janek Tarkowski,Quentin Daniel,Janek Tarkowski,"Clément Barthelet, Gérard Chaillou, Guillaume Denaiffe, Juliette Gernez","In the near future, Nicolas, a retiree, free and young-minded, loses his abilities following an accident. His son, Gabriel, a technophile overwhelmed with professional duties, sends him a humanoid robot to take care of him. But this decision could be fatal to his father.",EN,"PG-13,",Contains mild threat and themes of illness,"robot, near-future, father-son-relationship, elderly-man, short-film",Sci-fi,Drama,"Janek Tarkowski, Cédric Prevost, Pierre Descamps, CHOI Ye-rin, PARK Seung-beom","Quentin Daniel, Charles Paviot, La Petite Fabrique, Bocana Films, YIM Yeo-kyung, JUNG Hyun-ji, GANG Min-ji LEE Yun-ji","Janek Tarkowski, Cédric Prévost, Pierre Descamps, CHOI Ye-rin, PARK Seung-beom","Clément Barthelet, Gérard Chaillou, Guillaume Denaiffe, Juliette Gernez
Guillaume Delvingt (Guillaume), Camille Razat (Camille Engel), Louka Meliava (Louka Yanovski), Lucie Brunet (Crazygirl92)
Jean-Baptiste Kaupp, Natalia Pujszo, Gaëlle Hostettler, Alex Flevo, Younes Aouaou, David Decraene, Cléa Vidal, Matthieu Gabriel, Jeanne Degois, Thomas Blanchais
SHIN Gi-hwan (Yujin), CHOI Jung-a (Yujin’s Friend), LEE Yu-ha (Memory extractor)
HEO Ji-na (OH Eun-ha), LEE Jae-jun (LEE Jae-seong)","A speculative anthology exploring how technology reshapes memory, love and identity, from robot caregivers to memory-trading machines.","A grieving son gifts his ageing father a humanoid caretaker with unforeseen consequences, a lonely man conjures a companion out of code when reality lets him down, and elsewhere, memories become currency, bought and sold by those unable to let go. A collection of speculative dramas asking what's left of us once technology can reshape our minds, our relationships and our grief.",English,NC-17,Mild Nudity,"Technology, Memory, Memory-Trading, Artificial Intelligence (or AI), Robot Caregiver, Humanoid, Virtual Companion, Love, Identity, Grief, Relationships",,Wombat Films,qdaniel@me.com,No,https://www.dropbox.com/scl/fo/1bgbho0v3k6hwqlb5mh5k/h/LB%20GLOBAL%20MEDIA%20-%20NEW%20COMPILATIONS/Wombat%20Films?dl=0&preview=LB+Global+Media+Film+Distribution+Licence+Agreement+-+Wombat+Films+-+HELP3+JE+VEILLE+SUR+TOI+JVST+-+December+2025+-+Countersigned.pdf&subfolder_nav_tracking=1,18/12/2025,3,18/12/2028,Worldwide,,,https://e.pcloud.link/publink/show?code=kZJfWiZEjgvxF5TbJXxkVtwgybSr7Rty33V,https://e.pcloud.link/publink/show?code=XZ4fWiZfYBItIba4VbPXg4NzzdaGQ1qjCny,https://e.pcloud.link/publink/show?code=XZYfWiZDwnJ6U4rdJQGBrxhB37GaLvoB3UV,https://e.pcloud.link/publink/show?code=XZufWiZyzGphox01IYcdVrxm7J4c7Jz71Bk,https://e.pcloud.link/publink/show?code=XZsfWiZTlOHyyVRyuFyGd3V9rrj3Fkgevly,,https://youtu.be/9OHMkdYtFf8,,,,,,"• This title will only be distributed as part of a compilation of short films. • The licensee’s acquisition of the above titles excludes all educational rights, including sales, licenses and rentals to schools, colleges, universities, public and academic libraries, community and nonprofit organizations, museums and houses of worship",,,,,,,,,,
Bug,An Artificial Life,19,2018,France,French,https://www.imdb.com/title/tt8061332/,107,2026,"France, Korea","French, Korean",,Drama,"Fantasy, Sci-Fi",Cédric Prevost,Charles Paviot,Cédric Prévost,"Guillaume Delvingt (Guillaume), Camille Razat (Camille Engel), Louka Meliava (Louka Yanovski), Lucie Brunet (Crazygirl92)","Guillaume is thirty years old and a bit of a loner. Via his computer, he has been enjoying a fantasy relationship with a famous actress. But having now learned that in real life she has a new partner, he takes comfort in suddenly discovering that he is able to go on living in his own version of reality by continuing to conjure up his ideal woman through the power of software and his computer.","EN, IT",R,"Themes of obsessive digital fantasy, parasocial attachment, and emotional withdrawal from reality. No explicit content.","French Cinema, Drama, Fantasy, Sci-Fi, Technology, Virtual Reality, Software, Loneliness, Parasocial, Obsession, Fantasy Relationship, Digital Identity, Short Film",Sci-fi,Drama,"Janek Tarkowski, Cédric Prevost, Pierre Descamps, CHOI Ye-rin, PARK Seung-beom","Quentin Daniel, Charles Paviot, La Petite Fabrique, Bocana Films, YIM Yeo-kyung, JUNG Hyun-ji, GANG Min-ji LEE Yun-ji","Janek Tarkowski, Cédric Prévost, Pierre Descamps, CHOI Ye-rin, PARK Seung-beom","Clément Barthelet, Gérard Chaillou, Guillaume Denaiffe, Juliette Gernez
Guillaume Delvingt (Guillaume), Camille Razat (Camille Engel), Louka Meliava (Louka Yanovski), Lucie Brunet (Crazygirl92)
Jean-Baptiste Kaupp, Natalia Pujszo, Gaëlle Hostettler, Alex Flevo, Younes Aouaou, David Decraene, Cléa Vidal, Matthieu Gabriel, Jeanne Degois, Thomas Blanchais
SHIN Gi-hwan (Yujin), CHOI Jung-a (Yujin’s Friend), LEE Yu-ha (Memory extractor)
HEO Ji-na (OH Eun-ha), LEE Jae-jun (LEE Jae-seong)","A speculative anthology exploring how technology reshapes memory, love and identity, from robot caregivers to memory-trading machines.","A grieving son gifts his ageing father a humanoid caretaker with unforeseen consequences, a lonely man conjures a companion out of code when reality lets him down, and elsewhere, memories become currency, bought and sold by those unable to let go. A collection of speculative dramas asking what's left of us once technology can reshape our minds, our relationships and our grief.",English,NC-17,Mild Nudity,"Technology, Memory, Memory-Trading, Artificial Intelligence (or AI), Robot Caregiver, Humanoid, Virtual Companion, Love, Identity, Grief, Relationships",,Manifest Pictures,anais@manifest.pictures,No,https://www.dropbox.com/scl/fo/1bgbho0v3k6hwqlb5mh5k/h/LB%20GLOBAL%20MEDIA%20-%20NEW%20COMPILATIONS/Manifest%20Pictures?dl=0&preview=LB+Global+Media+Film+Distribution+Licence+Agreement+-+Manifest+Pictures+-+December+2025+-+Signed.pdf&subfolder_nav_tracking=1,12/12/2025,3,18/12/2028,Worldwide,,,https://drive.google.com/drive/folders/1U2xVm3KOgEUKPzLodLRK-ScYzx0HCEY1?usp=sharing,https://drive.google.com/file/d/1T8V_Erwtw1ip_z9u7JOAvmDVBtYzU0x-/view?usp=drive_link,https://drive.google.com/file/d/1AA3gpOvbcN3rzuGdbHxOQ9A7vGFKUYJ4/view?usp=sharing,,https://drive.google.com/file/d/1xwH5sull8YQwwaAXVgARL2TVSe2cMrac/view?usp=drive_link,,https://youtu.be/9OHMkdYtFf8,,,,,," Each title will only be distributed as part of a compilation of short films. • No more than 10% of footage from any of these titles may be used for promotional purposes. • The logos for Leydenbless Limited or any associated trade names may be added to the start or end of any compilation, trailer, or promotional clip featuring footage from the above titles. These logos may also be included on any posters or artwork promoting a compilation featuring any of th e titles. However, these logos will not be added to the actual film file for any of the above titles, and will not be shown on screen for the duration of any of these films",,,,,,,,,,
Les Autres / The Others,An Artificial Life,29,2024,France,French,https://www.imdb.com/title/tt35310044/,107,2026,"France, Korea","French, Korean",,Sci-Fi,"Drama, Dystopian",Pierre Descamps,"La Petite Fabrique, Bocana Films",Pierre Descamps,"Jean-Baptiste Kaupp, Natalia Pujszo, Gaëlle Hostettler, Alex Flevo, Younes Aouaou, David Decraene, Cléa Vidal, Matthieu Gabriel, Jeanne Degois, Thomas Blanchais","Inside a futuristic society, a worker named David experiences an internal crisis with his wife, who is cheating on him with an android, and an external crisis with the election of a young fascist who threatens France. The ""Kill the Others"" program is now in effect throughout the country.",EN,R,"Depicts political violence, fascist regime themes, mob attack, and android/human infidelity. Contains social commentary on totalitarianism and racial violence.","French Cinema, Sci-Fi, Dystopia, Fascism, Android, Totalitarianism, Political, Near Future, Surveillance, Social Commentary, Allegory, Synthwave, Short Film",Sci-fi,Drama,"Janek Tarkowski, Cédric Prevost, Pierre Descamps, CHOI Ye-rin, PARK Seung-beom","Quentin Daniel, Charles Paviot, La Petite Fabrique, Bocana Films, YIM Yeo-kyung, JUNG Hyun-ji, GANG Min-ji LEE Yun-ji","Janek Tarkowski, Cédric Prévost, Pierre Descamps, CHOI Ye-rin, PARK Seung-beom","Clément Barthelet, Gérard Chaillou, Guillaume Denaiffe, Juliette Gernez
Guillaume Delvingt (Guillaume), Camille Razat (Camille Engel), Louka Meliava (Louka Yanovski), Lucie Brunet (Crazygirl92)
Jean-Baptiste Kaupp, Natalia Pujszo, Gaëlle Hostettler, Alex Flevo, Younes Aouaou, David Decraene, Cléa Vidal, Matthieu Gabriel, Jeanne Degois, Thomas Blanchais
SHIN Gi-hwan (Yujin), CHOI Jung-a (Yujin’s Friend), LEE Yu-ha (Memory extractor)
HEO Ji-na (OH Eun-ha), LEE Jae-jun (LEE Jae-seong)","A speculative anthology exploring how technology reshapes memory, love and identity, from robot caregivers to memory-trading machines.","A grieving son gifts his ageing father a humanoid caretaker with unforeseen consequences, a lonely man conjures a companion out of code when reality lets him down, and elsewhere, memories become currency, bought and sold by those unable to let go. A collection of speculative dramas asking what's left of us once technology can reshape our minds, our relationships and our grief.",English,NC-17,Mild Nudity,"Technology, Memory, Memory-Trading, Artificial Intelligence (or AI), Robot Caregiver, Humanoid, Virtual Companion, Love, Identity, Grief, Relationships",,Pierre Descamps (Individual Filmmaker),pierre.descamps@orange.fr,Yes,https://www.dropbox.com/scl/fo/1bgbho0v3k6hwqlb5mh5k/h/LB%20GLOBAL%20MEDIA%20-%20NEW%20COMPILATIONS/Pierre%20Descamps?dl=0&preview=LB+Global+Media+Film+Distribution+Licence+Agreement+-+Pierre+Descamps+-+December+2025+-+Countersigned.pdf&subfolder_nav_tracking=1,15/12/2025,3,15/12/2028,Worldwide,,,https://e.pcloud.link/publink/show?code=kZYBWiZMgOwEkTNLRBvjEr7v2K9m5QHaKkk,https://e.pcloud.link/publink/show?code=XZfBWiZ7Rc82RPeT8psaxaJWnzOSku7NgFV,https://e.pcloud.link/publink/show?code=XZeBWiZpYeIGP4S4p7s44eV4z5Ec5NdB7n7,,https://e.pcloud.link/publink/show?code=XZgBWiZJqVuLn28pApiEkSnMp2Fi0DsMH4X,,https://youtu.be/9OHMkdYtFf8,,,,,,,,,,,,,,,,
How To Cross a Memory,An Artificial Life,26,2020,Korea,Korean,N/A,107,2026,"France, Korea","French, Korean",,Sci-fi,Drama,CHOI Ye-rin,"YIM Yeo-kyung, JUNG Hyun-ji",CHOI Ye-rin,"SHIN Gi-hwan (Yujin), CHOI Jung-a (Yujin’s Friend), LEE Yu-ha (Memory extractor)","This story follows the protagonist Yujin who has lost her best friend in a tragic school trip.

She is ready to delete the memories of the event through a psychiatric procedure that can extract memories and be sold to other people.

However, her extractions do not go as planned, and once again, she encounters her best friend.",EN,"PG-13,",Strong genre hook for sci-fi or youth compilations - teen grief processed through a memory-deletion procedure,"Korean, sci-fi, fantasy, memory, grief, friendship, youth, coming-of-age, school, drama, music, festival-selected, female protagonist, female director",Sci-fi,Drama,"Janek Tarkowski, Cédric Prevost, Pierre Descamps, CHOI Ye-rin, PARK Seung-beom","Quentin Daniel, Charles Paviot, La Petite Fabrique, Bocana Films, YIM Yeo-kyung, JUNG Hyun-ji, GANG Min-ji LEE Yun-ji","Janek Tarkowski, Cédric Prévost, Pierre Descamps, CHOI Ye-rin, PARK Seung-beom","Clément Barthelet, Gérard Chaillou, Guillaume Denaiffe, Juliette Gernez
Guillaume Delvingt (Guillaume), Camille Razat (Camille Engel), Louka Meliava (Louka Yanovski), Lucie Brunet (Crazygirl92)
Jean-Baptiste Kaupp, Natalia Pujszo, Gaëlle Hostettler, Alex Flevo, Younes Aouaou, David Decraene, Cléa Vidal, Matthieu Gabriel, Jeanne Degois, Thomas Blanchais
SHIN Gi-hwan (Yujin), CHOI Jung-a (Yujin’s Friend), LEE Yu-ha (Memory extractor)
HEO Ji-na (OH Eun-ha), LEE Jae-jun (LEE Jae-seong)","A speculative anthology exploring how technology reshapes memory, love and identity, from robot caregivers to memory-trading machines.","A grieving son gifts his ageing father a humanoid caretaker with unforeseen consequences, a lonely man conjures a companion out of code when reality lets him down, and elsewhere, memories become currency, bought and sold by those unable to let go. A collection of speculative dramas asking what's left of us once technology can reshape our minds, our relationships and our grief.",English,NC-17,Mild Nudity,"Technology, Memory, Memory-Trading, Artificial Intelligence (or AI), Robot Caregiver, Humanoid, Virtual Companion, Love, Identity, Grief, Relationships",,Indiestory,global01@indiestory.com,,,,,,,,,,,,,,,https://youtu.be/9OHMkdYtFf8,,,,,,,,,,,,,,,,
Making Memory,An Artificial Life,17,2021 ,Korea,Korean,N/A,107,2026,"France, Korea","French, Korean",,Sci-fi,Drama,PARK Seung-beom,GANG Min-ji LEE Yun-ji,PARK Seung-beom,"HEO Ji-na (OH Eun-ha), LEE Jae-jun (LEE Jae-seong)","With the invention of a machine that can see memories as video, people's lives change in various ways. It's no trouble for some parents who are busy showing their friends pleasant memories instead of diaries for their vacation homework. On behalf of them, Eunha, an acting memory actress, becomes a good mother in memory to many children, but she does not give enough love and time to her son Jae-sung.",EN,"PG-13,",family/parenthood drama wrapped in a light SF device rather than plot-driven sci-fi.,"Korean, sci-fi, drama, memory, family, parenthood, motherhood, technology, emotional, festival short, Indiestory",Sci-fi,Drama,"Janek Tarkowski, Cédric Prevost, Pierre Descamps, CHOI Ye-rin, PARK Seung-beom","Quentin Daniel, Charles Paviot, La Petite Fabrique, Bocana Films, YIM Yeo-kyung, JUNG Hyun-ji, GANG Min-ji LEE Yun-ji","Janek Tarkowski, Cédric Prévost, Pierre Descamps, CHOI Ye-rin, PARK Seung-beom","Clément Barthelet, Gérard Chaillou, Guillaume Denaiffe, Juliette Gernez
Guillaume Delvingt (Guillaume), Camille Razat (Camille Engel), Louka Meliava (Louka Yanovski), Lucie Brunet (Crazygirl92)
Jean-Baptiste Kaupp, Natalia Pujszo, Gaëlle Hostettler, Alex Flevo, Younes Aouaou, David Decraene, Cléa Vidal, Matthieu Gabriel, Jeanne Degois, Thomas Blanchais
SHIN Gi-hwan (Yujin), CHOI Jung-a (Yujin’s Friend), LEE Yu-ha (Memory extractor)
HEO Ji-na (OH Eun-ha), LEE Jae-jun (LEE Jae-seong)","A speculative anthology exploring how technology reshapes memory, love and identity, from robot caregivers to memory-trading machines.","A grieving son gifts his ageing father a humanoid caretaker with unforeseen consequences, a lonely man conjures a companion out of code when reality lets him down, and elsewhere, memories become currency, bought and sold by those unable to let go. A collection of speculative dramas asking what's left of us once technology can reshape our minds, our relationships and our grief.",English,NC-17,Mild Nudity,"Technology, Memory, Memory-Trading, Artificial Intelligence (or AI), Robot Caregiver, Humanoid, Virtual Companion, Love, Identity, Grief, Relationships",,Indiestory,global01@indiestory.com,,,,,,,,,,,,,,,https://youtu.be/9OHMkdYtFf8,,,,,,,,,,,,,,,,